Workbook

Sheet dr15_coldens_cf_high250_medsmo3
A1: Scale_arcmin | B1: LOG10(SCALE) | C1: Frequency | D1: Power | E1: LOG10(Power) | F1: Used_for_fit
A2: 1302.6539 | B2: =LOG10(A2) -> 3.114829 | C2: 0.00076766364 | D2: 1.5920175e+10 | E2: =LOG10(D2) -> 10.201948 | F2: FALSE
A3: 910.60447 | B3: =LOG10(A3) -> 2.9593298 | C3: 0.0010981716 | D3: 3.0051779e+09 | E3: =LOG10(D3) -> 9.4778702 | F3: FALSE
A4: 699.94698 | B4: =LOG10(A4) -> 2.8450651 | C4: 0.0014286796 | D4: 3.6811592e+09 | E4: =LOG10(D4) -> 9.5659846 | F4: FALSE
A5: 568.44419 | B5: =LOG10(A5) -> 2.7546878 | C5: 0.0017591876 | D5: 4.219615e+09 | E5: =LOG10(D5) -> 9.6252728 | F5: FALSE
A6: 478.53859 | B6: =LOG10(A6) -> 2.679917 | C6: 0.0020896956 | D6: 1.7149393e+09 | E6: =LOG10(D6) -> 9.2342488 | F6: FALSE | H6: BETA 1 | I6: =SLOPE(E151:E1008,B151:B1008) -> 4.7971997
A7: 413.18837 | B7: =LOG10(A7) -> 2.6161481 | C7: 0.0024202036 | D7: 1.7950924e+09 | E7: =LOG10(D7) -> 9.2540868 | F7: FALSE | H7: Lmin | I7: Lmax
A8: 363.54229 | B8: =LOG10(A8) -> 2.5605549 | C8: 0.0027507116 | D8: 5.7523064e+08 | E8: =LOG10(D8) -> 8.759842 | F8: TRUE | H8: 2 | I8: 20
A9: 324.54681 | B9: =LOG10(A9) -> 2.5112773 | C9: 0.0030812197 | D9: 1.2315687e+09 | E9: =LOG10(D9) -> 9.0904587 | F9: TRUE
A10: 293.10663 | B10: =LOG10(A10) -> 2.4670256 | C10: 0.0034117277 | D10: 1.0086964e+09 | E10: =LOG10(D10) -> 9.0037605 | F10: TRUE | H10: BETA 2 | I10: =SLOPE(E30:E150,B30:B150) -> 2.5592727
A11: 267.21994 | B11: =LOG10(A11) -> 2.4268689 | C11: 0.0037422357 | D11: 6.4080558e+08 | E11: =LOG10(D11) -> 8.8067263 | F11: TRUE | H11: Lmin | I11: Lmax
A12: 245.53473 | B12: =LOG10(A12) -> 2.3901129 | C12: 0.0040727437 | D12: 4.1684692e+08 | E12: =LOG10(D12) -> 8.6199766 | F12: TRUE | H12: 20 | I12: 100
A13: 227.10489 | B13: =LOG10(A13) -> 2.3562265 | C13: 0.0044032517 | D13: 3.3076544e+08 | E13: =LOG10(D13) -> 8.5195201 | F13: TRUE
A14: 211.24858 | B14: =LOG10(A14) -> 2.3247938 | C14: 0.0047337597 | D14: 4.8129459e+08 | E14: =LOG10(D14) -> 8.682411 | F14: TRUE
A15: 197.46192 | B15: =LOG10(A15) -> 2.2954833 | C15: 0.0050642677 | D15: 3.2449445e+08 | E15: =LOG10(D15) -> 8.5112073 | F15: TRUE
A16: 185.36452 | B16: =LOG10(A16) -> 2.2680266 | C16: 0.0053947757 | D16: 3.7729186e+08 | E16: =LOG10(D16) -> 8.5766774 | F16: TRUE
A17: 174.66383 | B17: =LOG10(A17) -> 2.242203 | C17: 0.0057252837 | D17: 2.2993803e+08 | E17: =LOG10(D17) -> 8.3616108 | F17: TRUE
A18: 165.13118 | B18: =LOG10(A18) -> 2.2178291 | C18: 0.0060557917 | D18: 3.4504374e+08 | E18: =LOG10(D18) -> 8.5378742 | F18: TRUE
A19: 156.5852 | B19: =LOG10(A19) -> 2.1947507 | C19: 0.0063862997 | D19: 3.2188168e+08 | E19: =LOG10(D19) -> 8.5076963 | F19: TRUE
A20: 148.88025 | B20: =LOG10(A20) -> 2.1728371 | C20: 0.0067168077 | D20: 2.3375013e+08 | E20: =LOG10(D20) -> 8.3687519 | F20: TRUE
A21: 141.898 | B21: =LOG10(A21) -> 2.1519763 | C21: 0.0070473157 | D21: 2.6667469e+08 | E21: =LOG10(D21) -> 8.4259818 | F21: TRUE
A22: 135.54133 | B22: =LOG10(A22) -> 2.1320717 | C22: 0.0073778237 | D22: 2.504828e+08 | E22: =LOG10(D22) -> 8.3987779 | F22: TRUE
A23: 129.72976 | B23: =LOG10(A23) -> 2.1130396 | C23: 0.0077083317 | D23: 1.5103091e+08 | E23: =LOG10(D23) -> 8.1790658 | F23: TRUE
A24: 124.39606 | B24: =LOG10(A24) -> 2.0948066 | C24: 0.0080388397 | D24: 1.7376537e+08 | E24: =LOG10(D24) -> 8.2399632 | F24: TRUE
... A1512: 2.0006612 | B1512: =LOG10(A1512) -> 0.30117356 | C1512: 0.49983475 | D1512: 58.664749 | E1512: =LOG10(D1512) -> 1.7683772 | F1512: TRUE

Sheet m16_coldens_cf_high250_medsmo3
A1: Scale_arcmin | B1: LOG10(SCALE) | C1: Frequency | D1: Power | E1: LOG10(Power) | F1: Used_for_fit
A2: 649.19366 | B2: =LOG10(A2) -> 2.8123743 | C2: 0.0015403724 | D2: 3.1830957e+09 | E2: =LOG10(D2) -> 9.5028497 | F2: FALSE
A3: 441.42226 | B3: =LOG10(A3) -> 2.6448542 | C3: 0.0022654046 | D3: 6.8845954e+08 | E3: =LOG10(D3) -> 8.8378784 | F3: FALSE
A4: 334.39931 | B4: =LOG10(A4) -> 2.5242654 | C4: 0.0029904368 | D4: 3.9619967e+08 | E4: =LOG10(D4) -> 8.5979141 | F4: FALSE
A5: 269.14503 | B5: =LOG10(A5) -> 2.4299864 | C5: 0.003715469 | D5: 4.0343884e+08 | E5: =LOG10(D5) -> 8.6057777 | F5: FALSE
A6: 225.19981 | B6: =LOG10(A6) -> 2.352568 | C6: 0.0044405011 | D6: 2.6667899e+08 | E6: =LOG10(D6) -> 8.4259888 | F6: FALSE
A7: 193.59085 | B7: =LOG10(A7) -> 2.2868848 | C7: 0.0051655333 | D7: 3.3885564e+08 | E7: =LOG10(D7) -> 8.5300147 | F7: TRUE | H7: BETA 1 | I7: =SLOPE(E68:E172,B68:B172) -> 5.3681742
A8: 169.76299 | B8: =LOG10(A8) -> 2.229843 | C8: 0.0058905655 | D8: 2.8332637e+08 | E8: =LOG10(D8) -> 8.452287 | F8: TRUE | H8: Lmin | I8: Lmax
A9: 151.15792 | B9: =LOG10(A9) -> 2.1794309 | C9: 0.0066155977 | D9: 1.8656873e+08 | E9: =LOG10(D9) -> 8.2708389 | F9: TRUE | H9: 8 | I9: 20
A10: 136.22809 | B10: =LOG10(A10) -> 2.1342667 | C10: 0.0073406299 | D10: 1.1427589e+08 | E10: =LOG10(D10) -> 8.0579546 | F10: TRUE
A11: 123.98238 | B11: =LOG10(A11) -> 2.09336 | C11: 0.0080656621 | D11: 78081672 | E11: =LOG10(D11) -> 7.8925491 | F11: TRUE | H11: BETA 2 | I11: =SLOPE(E14:E68,B14:B68) -> 2.5322847
A12: 113.75666 | B12: =LOG10(A12) -> 2.0559768 | C12: 0.0087906943 | D12: 1.0157877e+08 | E12: =LOG10(D12) -> 8.006803 | F12: TRUE | H12: Lmin | I12: Lmax
A13: 105.08919 | B13: =LOG10(A13) -> 2.0215581 | C13: 0.0095157264 | D13: 65064757 | E13: =LOG10(D13) -> 7.8133458 | F13: TRUE | H13: 20 | I13: 100
A14: 97.649016 | B14: =LOG10(A14) -> 1.9896679 | C14: 0.010240759 | D14: 75520988 | E14: =LOG10(D14) -> 7.8780677 | F14: TRUE
A15: 91.192693 | B15: =LOG10(A15) -> 1.95996 | C15: 0.010965791 | D15: 74836301 | E15: =LOG10(D15) -> 7.8741123 | F15: TRUE
A16: 85.537177 | B16: =LOG10(A16) -> 1.9321549 | C16: 0.011690823 | D16: 55893935 | E16: =LOG10(D16) -> 7.7473647 | F16: TRUE
A17: 80.542177 | B17: =LOG10(A17) -> 1.9060234 | C17: 0.012415855 | D17: 56255501 | E17: =LOG10(D17) -> 7.750165 | F17: TRUE
A18: 76.098362 | B18: =LOG10(A18) -> 1.8813753 | C18: 0.013140887 | D18: 51468371 | E18: =LOG10(D18) -> 7.7115404 | F18: TRUE
A19: 72.11927 | B19: =LOG10(A19) -> 1.8580513 | C19: 0.01386592 | D19: 40561258 | E19: =LOG10(D19) -> 7.6081114 | F19: TRUE
A20: 68.535625 | B20: =LOG10(A20) -> 1.8359164 | C20: 0.014590952 | D20: 33104599 | E20: =LOG10(D20) -> 7.5198883 | F20: TRUE
A21: 65.291267 | B21: =LOG10(A21) -> 1.8148551 | C21: 0.015315984 | D21: 32140368 | E21: =LOG10(D21) -> 7.5070508 | F21: TRUE
A22: 62.340191 | B22: =LOG10(A22) -> 1.7947681 | C22: 0.016041016 | D22: 31850936 | E22: =LOG10(D22) -> 7.5031222 | F22: TRUE
A23: 59.644347 | B23: =LOG10(A23) -> 1.7755693 | C23: 0.016766048 | D23: 27440724 | E23: =LOG10(D23) -> 7.4383956 | F23: TRUE
A24: 57.171997 | B24: =LOG10(A24) -> 1.7571834 | C24: 0.01749108 | D24: 24238098 | E24: =LOG10(D24) -> 7.3844985 | F24: TRUE
A25: 54.896455 | B25: =LOG10(A25) -> 1.7395443 | C25: 0.018216113 | D25: 25340600 | E25: =LOG10(D25) -> 7.4038169 | F25: TRUE
... A689: 2.0014511 | B689: =LOG10(A689) -> 0.30134499 | C689: 0.49963748 | D689: 191.1498 | E689: =LOG10(D689) -> 2.2813739 | F689: TRUE
B690: =LOG10(A690) -> #NUM! | E690: =LOG10(D690) -> #NUM!
B691: =LOG10(A691) -> #NUM! | E691: =LOG10(D691) -> #NUM!
B692: =LOG10(A692) -> #NUM! | E692: =LOG10(D692) -> #NUM!
B693: =LOG10(A693) -> #NUM! | E693: =LOG10(D693) -> #NUM!
B694: =LOG10(A694) -> #NUM! | E694: =LOG10(D694) -> #NUM!
B695: =LOG10(A695) -> #NUM! | E695: =LOG10(D695) -> #NUM!
B696: =LOG10(A696) -> #NUM! | E696: =LOG10(D696) -> #NUM!
B697: =LOG10(A697) -> #NUM! | E697: =LOG10(D697) -> #NUM!
B698: =LOG10(A698) -> #NUM! | E698: =LOG10(D698) -> #NUM!
B699: =LOG10(A699) -> #NUM! | E699: =LOG10(D699) -> #NUM!
B700: =LOG10(A700) -> #NUM! | E700: =LOG10(D700) -> #NUM!
B701: =LOG10(A701) -> #NUM! | E701: =LOG10(D701) -> #NUM!
... B1512: =LOG10(A1512) -> #NUM! | E1512: =LOG10(D1512) -> #NUM!

Sheet m17_coldens_cf_high250_medsmo3
A1: Scale_arcmin | B1: LOG10(SCALE) | C1: Frequency | D1: Power | E1: LOG10(Power) | F1: Used_for_fit
A2: 693.33738 | B2: =LOG10(A2) -> 2.8409446 | C2: 0.0014422993 | D2: 2.1285175e+10 | E2: =LOG10(D2) -> 10.328077 | F2: FALSE
A3: 528.8643 | B3: =LOG10(A3) -> 2.7233443 | C3: 0.0018908442 | D3: 6.0992298e+09 | E3: =LOG10(D3) -> 9.785275 | F3: FALSE
A4: 427.46202 | B4: =LOG10(A4) -> 2.6308975 | C4: 0.0023393891 | D4: 6.6439723e+09 | E4: =LOG10(D4) -> 9.8224278 | F4: FALSE
A5: 358.68854 | B5: =LOG10(A5) -> 2.5547175 | C5: 0.0027879341 | D5: 2.9290029e+09 | E5: =LOG10(D5) -> 9.4667198 | F5: FALSE
A6: 308.97775 | B6: =LOG10(A6) -> 2.4899272 | C6: 0.003236479 | D6: 2.5822229e+09 | E6: =LOG10(D6) -> 9.4119937 | F6: FALSE
A7: 271.36866 | B7: =LOG10(A7) -> 2.4335597 | C7: 0.003685024 | D7: 2.3161288e+09 | E7: =LOG10(D7) -> 9.3647627 | F7: FALSE | H7: BETA 1 | I7: =SLOPE(E68:E172,B68:B172) -> 3.5411388
A8: 241.9217 | B8: =LOG10(A8) -> 2.3836748 | C8: 0.0041335689 | D8: 2.5378295e+09 | E8: =LOG10(D8) -> 9.4044624 | F8: FALSE | H8: Lmin | I8: Lmax
A9: 218.23989 | B9: =LOG10(A9) -> 2.3389341 | C9: 0.0045821138 | D9: 1.8290828e+09 | E9: =LOG10(D9) -> 9.2622334 | F9: FALSE | H9: 6 | I9: 20
A10: 198.78112 | B10: =LOG10(A10) -> 2.2983751 | C10: 0.0050306588 | D10: 1.4985221e+09 | E10: =LOG10(D10) -> 9.1756632 | F10: TRUE
A11: 182.50827 | B11: =LOG10(A11) -> 2.2612826 | C11: 0.0054792037 | D11: 1.2812649e+09 | E11: =LOG10(D11) -> 9.1076389 | F11: TRUE | H11: BETA 2 | I11: =SLOPE(E9:E110,B9:B110) -> 2.365405
A12: 168.69811 | B12: =LOG10(A12) -> 2.2271102 | C12: 0.0059277487 | D12: 1.0206939e+09 | E12: =LOG10(D12) -> 9.0088955 | F12: TRUE | H12: Lmin | I12: Lmax
A13: 156.83092 | B13: =LOG10(A13) -> 2.1954317 | C13: 0.0063762936 | D13: 1.1973795e+09 | E13: =LOG10(D13) -> 9.0782318 | F13: TRUE | H13: 20 | I13: 200
A14: 146.52361 | B14: =LOG10(A14) -> 2.1659076 | C14: 0.0068248385 | D14: 7.6391078e+08 | E14: =LOG10(D14) -> 8.8830426 | F14: TRUE
A15: 137.48759 | B15: =LOG10(A15) -> 2.1382635 | C15: 0.0072733835 | D15: 8.987096e+08 | E15: =LOG10(D15) -> 8.9536194 | F15: TRUE
A16: 129.50133 | B16: =LOG10(A16) -> 2.1122742 | C16: 0.0077219284 | D16: 5.4696533e+08 | E16: =LOG10(D16) -> 8.7379598 | F16: TRUE
A17: 122.39193 | B17: =LOG10(A17) -> 2.0877528 | C17: 0.0081704734 | D17: 6.8390433e+08 | E17: =LOG10(D17) -> 8.8349954 | F17: TRUE
A18: 116.02249 | B18: =LOG10(A18) -> 2.0645422 | C18: 0.0086190183 | D18: 6.0129316e+08 | E18: =LOG10(D18) -> 8.7790863 | F18: TRUE
A19: 110.28321 | B19: =LOG10(A19) -> 2.0425094 | C19: 0.0090675632 | D19: 4.9692597e+08 | E19: =LOG10(D19) -> 8.6962917 | F19: TRUE
A20: 105.08498 | B20: =LOG10(A20) -> 2.0215406 | C20: 0.0095161082 | D20: 3.7654294e+08 | E20: =LOG10(D20) -> 8.5758145 | F20: TRUE
A21: 100.35472 | B21: =LOG10(A21) -> 2.0015378 | C21: 0.0099646531 | D21: 3.4466883e+08 | E21: =LOG10(D21) -> 8.537402 | F21: TRUE
A22: 96.031977 | B22: =LOG10(A22) -> 1.9824159 | C22: 0.010413198 | D22: 2.3468401e+08 | E22: =LOG10(D22) -> 8.3704835 | F22: TRUE
A23: 92.066255 | B23: =LOG10(A23) -> 1.9641005 | C23: 0.010861743 | D23: 3.5775404e+08 | E23: =LOG10(D23) -> 8.5535846 | F23: TRUE
A24: 88.415079 | B24: =LOG10(A24) -> 1.9465263 | C24: 0.011310288 | D24: 2.308329e+08 | E24: =LOG10(D24) -> 8.3632977 | F24: TRUE
A25: 85.042454 | B25: =LOG10(A25) -> 1.9296358 | C25: 0.011758833 | D25: 1.9642486e+08 | E25: =LOG10(D25) -> 8.2931965 | F25: TRUE
... A1113: 2.0008975 | B1113: =LOG10(A1113) -> 0.30122484 | C1113: 0.49977573 | D1113: 357.53589 | E1113: =LOG10(D1113) -> 2.5533196 | F1113: TRUE
B1114: =LOG10(A1114) -> #NUM! | E1114: =LOG10(D1114) -> #NUM!
B1115: =LOG10(A1115) -> #NUM! | E1115: =LOG10(D1115) -> #NUM!
B1116: =LOG10(A1116) -> #NUM! | E1116: =LOG10(D1116) -> #NUM!
B1117: =LOG10(A1117) -> #NUM! | E1117: =LOG10(D1117) -> #NUM!
B1118: =LOG10(A1118) -> #NUM! | E1118: =LOG10(D1118) -> #NUM!
B1119: =LOG10(A1119) -> #NUM! | E1119: =LOG10(D1119) -> #NUM!
B1120: =LOG10(A1120) -> #NUM! | E1120: =LOG10(D1120) -> #NUM!
B1121: =LOG10(A1121) -> #NUM! | E1121: =LOG10(D1121) -> #NUM!
B1122: =LOG10(A1122) -> #NUM! | E1122: =LOG10(D1122) -> #NUM!
B1123: =LOG10(A1123) -> #NUM! | E1123: =LOG10(D1123) -> #NUM!
B1124: =LOG10(A1124) -> #NUM! | E1124: =LOG10(D1124) -> #NUM!
B1125: =LOG10(A1125) -> #NUM! | E1125: =LOG10(D1125) -> #NUM!
... B1512: =LOG10(A1512) -> #NUM! | E1512: =LOG10(D1512) -> #NUM!

Sheet monob1_coldens_cf_high250_medsm
A1: Scale_arcmin | B1: LOG10(SCALE) | C1: Frequency | D1: Power | E1: LOG10(Power) | F1: Used_for_fit
A2: 596.33131 | B2: =LOG10(A2) -> 2.7754876 | C2: 0.0016769202 | D2: 1.3424089e+10 | E2: =LOG10(D2) -> 10.127885 | F2: FALSE
A3: 394.65143 | B3: =LOG10(A3) -> 2.5962137 | C3: 0.0025338816 | D3: 1.5146585e+09 | E3: =LOG10(D3) -> 9.1803147 | F3: FALSE
A4: 294.91191 | B4: =LOG10(A4) -> 2.4696923 | C4: 0.0033908431 | D4: 4.1316589e+08 | E4: =LOG10(D4) -> 8.6161245 | F4: FALSE
A5: 235.41573 | B5: =LOG10(A5) -> 2.3718355 | C5: 0.0042478045 | D5: 3.4839563e+08 | E5: =LOG10(D5) -> 8.5420727 | F5: FALSE
A6: 195.89537 | B6: =LOG10(A6) -> 2.2920242 | C6: 0.0051047659 | D6: 3.0558054e+08 | E6: =LOG10(D6) -> 8.4851257 | F6: FALSE
A7: 167.73662 | B7: =LOG10(A7) -> 2.2246279 | C7: 0.0059617274 | D7: 3.3616446e+08 | E7: =LOG10(D7) -> 8.5265518 | F7: TRUE | H7: BETA 1 | I7: =SLOPE(E59:E291,B59:B291) -> 5.4311863
A8: 146.65576 | B8: =LOG10(A8) -> 2.1662991 | C8: 0.0068186888 | D8: 1.221155e+08 | E8: =LOG10(D8) -> 8.0867708 | F8: TRUE | H8: Lmin | I8: Lmax
A9: 130.28212 | B9: =LOG10(A9) -> 2.1148848 | C9: 0.0076756503 | D9: 2.1488667e+08 | E9: =LOG10(D9) -> 8.3322095 | F9: TRUE | H9: 4 | I9: 20
A10: 117.19741 | B10: =LOG10(A10) -> 2.068918 | C10: 0.0085326117 | D10: 74240913 | E10: =LOG10(D10) -> 7.8706433 | F10: TRUE
A11: 106.50111 | B11: =LOG10(A11) -> 2.0273541 | C11: 0.0093895732 | D11: 1.0285425e+08 | E11: =LOG10(D11) -> 8.0122222 | F11: TRUE | H11: BETA 2 | I11: =SLOPE(E12:E58,B12:B58) -> 2.9781789
A12: 97.593971 | B12: =LOG10(A12) -> 1.989423 | C12: 0.010246535 | D12: 75063582 | E12: =LOG10(D12) -> 7.8754293 | F12: TRUE | H12: Lmin | I12: Lmax
A13: 90.061724 | B13: =LOG10(A13) -> 1.9545403 | C13: 0.011103496 | D13: 52117385 | E13: =LOG10(D13) -> 7.7169826 | F13: TRUE | H13: 20 | I13: 100
A14: 83.608842 | B14: =LOG10(A14) -> 1.9222522 | C14: 0.011960458 | D14: 44407379 | E14: =LOG10(D14) -> 7.6474551 | F14: TRUE
A15: 78.018828 | B15: =LOG10(A15) -> 1.8921994 | C15: 0.012817419 | D15: 29334028 | E15: =LOG10(D15) -> 7.4673717 | F15: TRUE
A16: 73.129456 | B16: =LOG10(A16) -> 1.8640923 | C16: 0.01367438 | D16: 23731921 | E16: =LOG10(D16) -> 7.3753329 | F16: TRUE
A17: 68.816769 | B17: =LOG10(A17) -> 1.8376943 | C17: 0.014531342 | D17: 18341943 | E17: =LOG10(D17) -> 7.2634453 | F17: TRUE
A18: 64.984422 | B18: =LOG10(A18) -> 1.8128093 | C18: 0.015388303 | D18: 19536130 | E18: =LOG10(D18) -> 7.2908385 | F18: TRUE
A19: 61.556399 | B19: =LOG10(A19) -> 1.7892732 | C19: 0.016245265 | D19: 18725457 | E19: =LOG10(D19) -> 7.2724324 | F19: TRUE
A20: 58.47192 | B20: =LOG10(A20) -> 1.7669474 | C20: 0.017102226 | D20: 16021102 | E20: =LOG10(D20) -> 7.2046924 | F20: TRUE
A21: 55.681806 | B21: =LOG10(A21) -> 1.7457133 | C21: 0.017959188 | D21: 12445183 | E21: =LOG10(D21) -> 7.0950013 | F21: TRUE
A22: 53.145837 | B22: =LOG10(A22) -> 1.7254693 | C22: 0.018816149 | D22: 13659627 | E22: =LOG10(D22) -> 7.1354389 | F22: TRUE
A23: 50.830803 | B23: =LOG10(A23) -> 1.706127 | C23: 0.019673111 | D23: 13064189 | E23: =LOG10(D23) -> 7.1160824 | F23: TRUE
A24: 48.709035 | B24: =LOG10(A24) -> 1.6876095 | C24: 0.020530072 | D24: 10491870 | E24: =LOG10(D24) -> 7.0208529 | F24: TRUE
A25: 46.757303 | B25: =LOG10(A25) -> 1.6698495 | C25: 0.021387033 | D25: 9277722 | E25: =LOG10(D25) -> 6.9674414 | F25: TRUE
... A583: 2.0017154 | B583: =LOG10(A583) -> 0.30140233 | C583: 0.49957152 | D583: 37.345721 | E583: =LOG10(D583) -> 1.5722408 | F583: TRUE
B584: =LOG10(A584) -> #NUM! | E584: =LOG10(D584) -> #NUM!
B585: =LOG10(A585) -> #NUM! | E585: =LOG10(D585) -> #NUM!
B586: =LOG10(A586) -> #NUM! | E586: =LOG10(D586) -> #NUM!
B587: =LOG10(A587) -> #NUM! | E587: =LOG10(D587) -> #NUM!
B588: =LOG10(A588) -> #NUM! | E588: =LOG10(D588) -> #NUM!
B589: =LOG10(A589) -> #NUM! | E589: =LOG10(D589) -> #NUM!
B590: =LOG10(A590) -> #NUM! | E590: =LOG10(D590) -> #NUM!
B591: =LOG10(A591) -> #NUM! | E591: =LOG10(D591) -> #NUM!
B592: =LOG10(A592) -> #NUM! | E592: =LOG10(D592) -> #NUM!
B593: =LOG10(A593) -> #NUM! | E593: =LOG10(D593) -> #NUM!
B594: =LOG10(A594) -> #NUM! | E594: =LOG10(D594) -> #NUM!
B595: =LOG10(A595) -> #NUM! | E595: =LOG10(D595) -> #NUM!
... B1512: =LOG10(A1512) -> #NUM! | E1512: =LOG10(D1512) -> #NUM!

Sheet monr2_coldens_cf_high250_medsmo
A1: Scale_arcmin | B1: LOG10(SCALE) | C1: Frequency | D1: Power | E1: LOG10(Power) | F1: Used_for_fit
A2: 659.67991 | B2: =LOG10(A2) -> 2.8193333 | C2: 0.0015158867 | D2: 1.6377659e+10 | E2: =LOG10(D2) -> 10.214252 | F2: FALSE
A3: 439.07552 | B3: =LOG10(A3) -> 2.6425392 | C3: 0.0022775125 | D3: 1.2942741e+10 | E3: =LOG10(D3) -> 10.112026 | F3: FALSE
A4: 329.04063 | B4: =LOG10(A4) -> 2.5172495 | C4: 0.0030391384 | D4: 7.8898494e+09 | E4: =LOG10(D4) -> 9.8970687 | F4: FALSE
A5: 263.10498 | B5: =LOG10(A5) -> 2.4201291 | C5: 0.0038007642 | D5: 5.4738265e+09 | E5: =LOG10(D5) -> 9.738291 | F5: FALSE
A6: 219.18336 | B6: =LOG10(A6) -> 2.3408076 | C6: 0.0045623901 | D6: 4.3291687e+09 | E6: =LOG10(D6) -> 9.6364045 | F6: FALSE
A7: 187.82814 | B7: =LOG10(A7) -> 2.2737607 | C7: 0.0053240159 | D7: 2.8790752e+09 | E7: =LOG10(D7) -> 9.459253 | F7: TRUE | H7: BETA 1 | I7: =SLOPE(E66:E437,B66:B437) -> 5.9431574
A8: 164.32121 | B8: =LOG10(A8) -> 2.2156936 | C8: 0.0060856417 | D8: 2.3765303e+09 | E8: =LOG10(D8) -> 9.3759434 | F8: TRUE | H8: Lmin | I8: Lmax
A9: 146.04366 | B9: =LOG10(A9) -> 2.1644827 | C9: 0.0068472676 | D9: 1.8862165e+09 | E9: =LOG10(D9) -> 9.2755915 | F9: TRUE | H9: 2 | I9: 20
A10: 131.42516 | B10: =LOG10(A10) -> 2.1186785 | C10: 0.0076088934 | D10: 1.1421568e+09 | E10: =LOG10(D10) -> 9.0577257 | F10: TRUE
A11: 119.4669 | B11: =LOG10(A11) -> 2.0772476 | C11: 0.0083705193 | D11: 8.5909808e+08 | E11: =LOG10(D11) -> 8.9340427 | F11: TRUE | H11: BETA 2 | I11: =SLOPE(E13:E65,B13:B65) -> 2.3342696
A12: 109.5033 | B12: =LOG10(A12) -> 2.0394272 | C12: 0.0091321451 | D12: 6.6014178e+08 | E12: =LOG10(D12) -> 8.8196372 | F12: TRUE | H12: Lmin | I12: Lmax
A13: 101.0737 | B13: =LOG10(A13) -> 2.0046381 | C13: 0.009893771 | D13: 4.7115741e+08 | E13: =LOG10(D13) -> 8.673166 | F13: TRUE | H13: 20 | I13: 100
A14: 93.849156 | B14: =LOG10(A14) -> 1.9724304 | C14: 0.010655397 | D14: 3.8503675e+08 | E14: =LOG10(D14) -> 8.5855022 | F14: TRUE
A15: 87.58851 | B15: =LOG10(A15) -> 1.9424471 | C15: 0.011417023 | D15: 2.4045251e+08 | E15: =LOG10(D15) -> 8.3810293 | F15: TRUE
A16: 82.110917 | B16: =LOG10(A16) -> 1.9144009 | C16: 0.012178648 | D16: 1.7666609e+08 | E16: =LOG10(D16) -> 8.2471532 | F16: TRUE
A17: 77.278114 | B17: =LOG10(A17) -> 1.8880565 | C17: 0.012940274 | D17: 1.400819e+08 | E17: =LOG10(D17) -> 8.146382 | F17: TRUE
A18: 72.982578 | B18: =LOG10(A18) -> 1.8632192 | C18: 0.0137019 | D18: 1.0625341e+08 | E18: =LOG10(D18) -> 8.0263429 | F18: TRUE
A19: 69.139434 | B19: =LOG10(A19) -> 1.8397258 | C19: 0.014463526 | D19: 62657686 | E19: =LOG10(D19) -> 7.7969744 | F19: TRUE
A20: 65.68079 | B20: =LOG10(A20) -> 1.8174384 | C20: 0.015225152 | D20: 72967982 | E20: =LOG10(D20) -> 7.8631323 | F20: TRUE
A21: 62.551692 | B21: =LOG10(A21) -> 1.7962391 | C21: 0.015986778 | D21: 56196415 | E21: =LOG10(D21) -> 7.7497086 | F21: TRUE
A22: 59.707183 | B22: =LOG10(A22) -> 1.7760266 | C22: 0.016748404 | D22: 58808293 | E22: =LOG10(D22) -> 7.7694386 | F22: TRUE
A23: 57.110127 | B23: =LOG10(A23) -> 1.7567131 | C23: 0.017510029 | D23: 47896393 | E23: =LOG10(D23) -> 7.6803028 | F23: TRUE
A24: 54.729579 | B24: =LOG10(A24) -> 1.7382221 | C24: 0.018271655 | D24: 40147542 | E24: =LOG10(D24) -> 7.603659 | F24: TRUE
A25: 52.539549 | B25: =LOG10(A25) -> 1.7204863 | C25: 0.019033281 | D25: 33898842 | E25: =LOG10(D25) -> 7.5301849 | F25: TRUE
... A656: 2.0015244 | B656: =LOG10(A656) -> 0.30136089 | C656: 0.49961919 | D656: 90.173651 | E656: =LOG10(D656) -> 1.9550797 | F656: TRUE
B657: =LOG10(A657) -> #NUM! | E657: =LOG10(D657) -> #NUM!
B658: =LOG10(A658) -> #NUM! | E658: =LOG10(D658) -> #NUM!
B659: =LOG10(A659) -> #NUM! | E659: =LOG10(D659) -> #NUM!
B660: =LOG10(A660) -> #NUM! | E660: =LOG10(D660) -> #NUM!
B661: =LOG10(A661) -> #NUM! | E661: =LOG10(D661) -> #NUM!
B662: =LOG10(A662) -> #NUM! | E662: =LOG10(D662) -> #NUM!
B663: =LOG10(A663) -> #NUM! | E663: =LOG10(D663) -> #NUM!
B664: =LOG10(A664) -> #NUM! | E664: =LOG10(D664) -> #NUM!
B665: =LOG10(A665) -> #NUM! | E665: =LOG10(D665) -> #NUM!
B666: =LOG10(A666) -> #NUM! | E666: =LOG10(D666) -> #NUM!
B667: =LOG10(A667) -> #NUM! | E667: =LOG10(D667) -> #NUM!
B668: =LOG10(A668) -> #NUM! | E668: =LOG10(D668) -> #NUM!
... B1512: =LOG10(A1512) -> #NUM! | E1512: =LOG10(D1512) -> #NUM!

Sheet ngc2264_coldens_cf_high250_meds
A1: Scale_arcmin | B1: LOG10(SCALE) | C1: Frequency | D1: Power | E1: LOG10(Power) | F1: Used_for_fit
A2: 605.09735 | B2: =LOG10(A2) -> 2.7818252 | C2: 0.0016526267 | D2: 3.1596128e+10 | E2: =LOG10(D2) -> 10.499634 | F2: FALSE
A3: 419.48466 | B3: =LOG10(A3) -> 2.6227161 | C3: 0.0023838774 | D3: 1.7243577e+10 | E3: =LOG10(D3) -> 10.236627 | F3: FALSE
A4: 321.01408 | B4: =LOG10(A4) -> 2.5065241 | C4: 0.0031151281 | D4: 7.7630295e+09 | E4: =LOG10(D4) -> 9.8900312 | F4: FALSE
A5: 259.98479 | B5: =LOG10(A5) -> 2.4149479 | C5: 0.0038463788 | D5: 5.0713954e+09 | E5: =LOG10(D5) -> 9.7051275 | F5: FALSE
A6: 218.45367 | B6: =LOG10(A6) -> 2.3393594 | C6: 0.0045776296 | D6: 3.8571133e+09 | E6: =LOG10(D6) -> 9.5862624 | F6: FALSE
A7: 188.36364 | B7: =LOG10(A7) -> 2.2749971 | C7: 0.0053088803 | D7: 2.8550165e+09 | E7: =LOG10(D7) -> 9.4556086 | F7: FALSE | H7: BETA 1 | I7: =SLOPE(E69:E341,B69:B341) -> 6.1061481
A8: 165.55932 | B8: =LOG10(A8) -> 2.2189536 | C8: 0.006040131 | D8: 2.3858392e+09 | E8: =LOG10(D8) -> 9.3776412 | F8: TRUE | H8: Lmin | I8: Lmax
A9: 147.68035 | B9: =LOG10(A9) -> 2.1693227 | C9: 0.0067713818 | D9: 2.3443345e+09 | E9: =LOG10(D9) -> 9.3700196 | F9: TRUE | H9: 4 | I9: 20
A10: 133.28655 | B10: =LOG10(A10) -> 2.1247863 | C10: 0.0075026325 | D10: 1.7295938e+09 | E10: =LOG10(D10) -> 9.2379441 | F10: TRUE
A11: 121.44938 | B11: =LOG10(A11) -> 2.0843953 | C11: 0.0082338832 | D11: 1.787265e+09 | E11: =LOG10(D11) -> 9.252189 | F11: TRUE | H11: BETA 2 | I11: =SLOPE(E13:E68,B13:B68) -> 2.7892614
A12: 111.54323 | B12: =LOG10(A12) -> 2.0474432 | C12: 0.008965134 | D12: 1.1701861e+09 | E12: =LOG10(D12) -> 9.0682549 | F12: TRUE | H12: Lmin | I12: Lmax
A13: 103.13122 | B13: =LOG10(A13) -> 2.0133902 | C13: 0.0096963847 | D13: 1.0697194e+09 | E13: =LOG10(D13) -> 9.0292699 | F13: TRUE | H13: 20 | I13: 100
A14: 95.899018 | B14: =LOG10(A14) -> 1.9818142 | C14: 0.010427635 | D14: 5.135976e+08 | E14: =LOG10(D14) -> 8.710623 | F14: TRUE
A15: 89.614679 | B15: =LOG10(A15) -> 1.9523792 | C15: 0.011158886 | D15: 5.6766075e+08 | E15: =LOG10(D15) -> 8.7540889 | F15: TRUE
A16: 84.103321 | B16: =LOG10(A16) -> 1.9248131 | C16: 0.011890137 | D16: 3.592714e+08 | E16: =LOG10(D16) -> 8.5554226 | F16: TRUE
A17: 79.230591 | B17: =LOG10(A17) -> 1.8988929 | C17: 0.012621388 | D17: 2.7467077e+08 | E17: =LOG10(D17) -> 8.4388125 | F17: TRUE
A18: 74.891566 | B18: =LOG10(A18) -> 1.8744329 | C18: 0.013352638 | D18: 2.6882871e+08 | E18: =LOG10(D18) -> 8.4294756 | F18: TRUE
A19: 71.003115 | B19: =LOG10(A19) -> 1.8512774 | C19: 0.014083889 | D19: 1.9429413e+08 | E19: =LOG10(D19) -> 8.2884597 | F19: TRUE
A20: 67.498519 | B20: =LOG10(A20) -> 1.8292942 | C20: 0.01481514 | D20: 1.8922309e+08 | E20: =LOG10(D20) -> 8.2769741 | F20: TRUE
A21: 64.323612 | B21: =LOG10(A21) -> 1.8083704 | C21: 0.015546391 | D21: 1.7498563e+08 | E21: =LOG10(D21) -> 8.2430024 | F21: TRUE
A22: 61.433962 | B22: =LOG10(A22) -> 1.7884085 | C22: 0.016277641 | D22: 1.2856851e+08 | E22: =LOG10(D22) -> 8.1091346 | F22: TRUE
A23: 58.792777 | B23: =LOG10(A23) -> 1.769324 | C23: 0.017008892 | D23: 1.4283913e+08 | E23: =LOG10(D23) -> 8.1548472 | F23: TRUE
A24: 56.369332 | B24: =LOG10(A24) -> 1.7510429 | C24: 0.017740143 | D24: 94420955 | E24: =LOG10(D24) -> 7.9750684 | F24: TRUE
A25: 54.137767 | B25: =LOG10(A25) -> 1.7335003 | C25: 0.018471393 | D25: 1.0602294e+08 | E25: =LOG10(D25) -> 8.0253998 | F25: TRUE
... A683: 2.0014636 | B683: =LOG10(A683) -> 0.30134769 | C683: 0.49963437 | D683: 132.44403 | E683: =LOG10(D683) -> 2.1220324 | F683: TRUE
B684: =LOG10(A684) -> #NUM! | E684: =LOG10(D684) -> #NUM!
B685: =LOG10(A685) -> #NUM! | E685: =LOG10(D685) -> #NUM!
B686: =LOG10(A686) -> #NUM! | E686: =LOG10(D686) -> #NUM!
B687: =LOG10(A687) -> #NUM! | E687: =LOG10(D687) -> #NUM!
B688: =LOG10(A688) -> #NUM! | E688: =LOG10(D688) -> #NUM!
B689: =LOG10(A689) -> #NUM! | E689: =LOG10(D689) -> #NUM!
B690: =LOG10(A690) -> #NUM! | E690: =LOG10(D690) -> #NUM!
B691: =LOG10(A691) -> #NUM! | E691: =LOG10(D691) -> #NUM!
B692: =LOG10(A692) -> #NUM! | E692: =LOG10(D692) -> #NUM!
B693: =LOG10(A693) -> #NUM! | E693: =LOG10(D693) -> #NUM!
B694: =LOG10(A694) -> #NUM! | E694: =LOG10(D694) -> #NUM!
B695: =LOG10(A695) -> #NUM! | E695: =LOG10(D695) -> #NUM!
... B1512: =LOG10(A1512) -> #NUM! | E1512: =LOG10(D1512) -> #NUM!

Sheet ngc6334_coldens_cf_high250_meds
A1: Scale_arcmin | B1: LOG10(SCALE) | C1: Frequency | D1: Power | E1: LOG10(Power) | F1: Used_for_fit
A2: 734.68079 | B2: =LOG10(A2) -> 2.8660987 | C2: 0.0013611354 | D2: 4.0760208e+12 | E2: =LOG10(D2) -> 12.610236 | F2: FALSE
A3: 568.01215 | B3: =LOG10(A3) -> 2.7543576 | C3: 0.0017605257 | D3: 4.0748339e+12 | E3: =LOG10(D3) -> 12.61011 | F3: FALSE
A4: 462.98095 | B4: =LOG10(A4) -> 2.6655631 | C4: 0.0021599161 | D4: 4.0743587e+12 | E4: =LOG10(D4) -> 12.610059 | F4: FALSE
A5: 390.73086 | B5: =LOG10(A5) -> 2.5918777 | C5: 0.0025593064 | D5: 4.0745091e+12 | E5: =LOG10(D5) -> 12.610075 | F5: FALSE
A6: 337.98664 | B6: =LOG10(A6) -> 2.5288995 | C6: 0.0029586968 | D6: 4.0721401e+12 | E6: =LOG10(D6) -> 12.609823 | F6: FALSE
A7: 297.78858 | B7: =LOG10(A7) -> 2.473908 | C7: 0.0033580872 | D7: 4.0719508e+12 | E7: =LOG10(D7) -> 12.609803 | F7: FALSE | H7: BETA 1 | I7: =SLOPE(E415:E1250,B415:B1250) -> 2.6849036
A8: 266.13599 | B8: =LOG10(A8) -> 2.4251036 | C8: 0.0037574775 | D8: 4.0713449e+12 | E8: =LOG10(D8) -> 12.609738 | F8: FALSE | H8: Lmin | I8: Lmax
A9: 240.56574 | B9: =LOG10(A9) -> 2.3812338 | C9: 0.0041568679 | D9: 4.0679337e+12 | E9: =LOG10(D9) -> 12.609374 | F9: FALSE | H9: 2 | I9: 6
A10: 219.47834 | B10: =LOG10(A10) -> 2.3413917 | C10: 0.0045562582 | D10: 4.068829e+12 | E10: =LOG10(D10) -> 12.609469 | F10: TRUE
A11: 201.78993 | B11: =LOG10(A11) -> 2.3048995 | C11: 0.0049556486 | D11: 4.0668574e+12 | E11: =LOG10(D11) -> 12.609259 | F11: TRUE | H11: BETA 2 | I11: =SLOPE(E23:E248,B23:B248) -> 0.086455299
A12: 186.74 | B12: =LOG10(A12) -> 2.2712374 | C12: 0.005355039 | D12: 4.0622692e+12 | E12: =LOG10(D12) -> 12.608769 | F12: TRUE | H12: Lmin | I12: Lmax
A13: 173.77918 | B13: =LOG10(A13) -> 2.2399977 | C13: 0.0057544293 | D13: 4.0656989e+12 | E13: =LOG10(D13) -> 12.609135 | F13: TRUE | H13: 10 | I13: 100
A14: 162.5007 | B14: =LOG10(A14) -> 2.2108552 | C14: 0.0061538197 | D14: 4.0609359e+12 | E14: =LOG10(D14) -> 12.608626 | F14: TRUE
A15: 152.59697 | B15: =LOG10(A15) -> 2.1835459 | C15: 0.00655321 | D15: 4.0549615e+12 | E15: =LOG10(D15) -> 12.607987 | F15: TRUE
A16: 143.83108 | B16: =LOG10(A16) -> 2.1578527 | C16: 0.0069526004 | D16: 4.0586006e+12 | E16: =LOG10(D16) -> 12.608376 | F16: TRUE
A17: 136.01758 | B17: =LOG10(A17) -> 2.133595 | C17: 0.0073519908 | D17: 4.0543892e+12 | E17: =LOG10(D17) -> 12.607925 | F17: TRUE
A18: 129.00927 | B18: =LOG10(A18) -> 2.1106209 | C18: 0.0077513811 | D18: 4.0466115e+12 | E18: =LOG10(D18) -> 12.607092 | F18: TRUE
A19: 122.68777 | B19: =LOG10(A19) -> 2.0888013 | C19: 0.0081507715 | D19: 4.0528906e+12 | E19: =LOG10(D19) -> 12.607765 | F19: TRUE
A20: 116.95685 | B20: =LOG10(A20) -> 2.0680257 | C20: 0.0085501618 | D20: 4.0453195e+12 | E20: =LOG10(D20) -> 12.606953 | F20: TRUE
A21: 111.73743 | B21: =LOG10(A21) -> 2.0481987 | C21: 0.0089495522 | D21: 4.0362904e+12 | E21: =LOG10(D21) -> 12.605982 | F21: TRUE
A22: 106.96397 | B22: =LOG10(A22) -> 2.0292375 | C22: 0.0093489426 | D22: 4.0465403e+12 | E22: =LOG10(D22) -> 12.607084 | F22: TRUE
A23: 102.58164 | B23: =LOG10(A23) -> 2.0110696 | C23: 0.0097483329 | D23: 4.0354689e+12 | E23: =LOG10(D23) -> 12.605894 | F23: TRUE
A24: 98.544272 | B24: =LOG10(A24) -> 1.9936314 | C24: 0.010147723 | D24: 4.02578e+12 | E24: =LOG10(D24) -> 12.60485 | F24: TRUE
A25: 94.812669 | B25: =LOG10(A25) -> 1.9768664 | C25: 0.010547114 | D25: 4.0363697e+12 | E25: =LOG10(D25) -> 12.605991 | F25: TRUE
... A1250: 2.0007991 | B1250: =LOG10(A1250) -> 0.30120348 | C1250: 0.4998003 | D1250: 1.7373919e+11 | E1250: =LOG10(D1250) -> 11.239898 | F1250: TRUE
B1251: =LOG10(A1251) -> #NUM! | E1251: =LOG10(D1251) -> #NUM!
B1252: =LOG10(A1252) -> #NUM! | E1252: =LOG10(D1252) -> #NUM!
B1253: =LOG10(A1253) -> #NUM! | E1253: =LOG10(D1253) -> #NUM!
B1254: =LOG10(A1254) -> #NUM! | E1254: =LOG10(D1254) -> #NUM!
B1255: =LOG10(A1255) -> #NUM! | E1255: =LOG10(D1255) -> #NUM!
B1256: =LOG10(A1256) -> #NUM! | E1256: =LOG10(D1256) -> #NUM!
B1257: =LOG10(A1257) -> #NUM! | E1257: =LOG10(D1257) -> #NUM!
B1258: =LOG10(A1258) -> #NUM! | E1258: =LOG10(D1258) -> #NUM!
B1259: =LOG10(A1259) -> #NUM! | E1259: =LOG10(D1259) -> #NUM!
B1260: =LOG10(A1260) -> #NUM! | E1260: =LOG10(D1260) -> #NUM!
B1261: =LOG10(A1261) -> #NUM! | E1261: =LOG10(D1261) -> #NUM!
B1262: =LOG10(A1262) -> #NUM! | E1262: =LOG10(D1262) -> #NUM!
... B1512: =LOG10(A1512) -> #NUM! | E1512: =LOG10(D1512) -> #NUM!

Sheet ngc6357_coldens_cf_high250_meds
A1: Scale_arcmin | B1: LOG10(SCALE) | C1: Frequency | D1: Power | E1: LOG10(Power) | F1: Used_for_fit
A2: 807.35844 | B2: =LOG10(A2) -> 2.9070664 | C2: 0.0012386072 | D2: 7.215843e+09 | E2: =LOG10(D2) -> 9.8582871 | F2: FALSE
A3: 584.86248 | B3: =LOG10(A3) -> 2.7670538 | C3: 0.0017098036 | D3: 6.2100094e+09 | E3: =LOG10(D3) -> 9.7930923 | F3: FALSE
A4: 458.50527 | B4: =LOG10(A4) -> 2.6613443 | C4: 0.002181 | D4: 1.9627102e+09 | E4: =LOG10(D4) -> 9.2928562 | F4: FALSE
A5: 377.04598 | B5: =LOG10(A5) -> 2.5763943 | C5: 0.0026521964 | D5: 9.7168391e+08 | E5: =LOG10(D5) -> 8.987525 | F5: FALSE
A6: 320.16466 | B6: =LOG10(A6) -> 2.5053734 | C6: 0.0031233928 | D6: 7.2714165e+08 | E6: =LOG10(D6) -> 8.861619 | F6: FALSE
A7: 278.1959 | B7: =LOG10(A7) -> 2.4443507 | C7: 0.0035945892 | D7: 1.1667846e+09 | E7: =LOG10(D7) -> 9.0669907 | F7: FALSE | H7: BETA 1 | I7: =SLOPE(E105:E706,B105:B706) -> 4.9461012
A8: 245.95492 | B8: =LOG10(A8) -> 2.3908555 | C8: 0.0040657856 | D8: 3.7613798e+08 | E8: =LOG10(D8) -> 8.5753472 | F8: FALSE | H8: Lmin | I8: Lmax
A9: 220.41083 | B9: =LOG10(A9) -> 2.3432329 | C9: 0.0045369821 | D9: 3.2019605e+08 | E9: =LOG10(D9) -> 8.505416 | F9: TRUE | H9: 3 | I9: 20
A10: 199.6734 | B10: =LOG10(A10) -> 2.3003202 | C10: 0.0050081785 | D10: 5.0333576e+08 | E10: =LOG10(D10) -> 8.7018578 | F10: TRUE
A11: 182.50257 | B11: =LOG10(A11) -> 2.261269 | C11: 0.0054793749 | D11: 3.2727841e+08 | E11: =LOG10(D11) -> 8.5149174 | F11: TRUE | H11: BETA 2 | I11: =SLOPE(E9:E104,B9:B104) -> 2.1932867
A12: 168.05109 | B12: =LOG10(A12) -> 2.2254413 | C12: 0.0059505713 | D12: 6.1509209e+08 | E12: =LOG10(D12) -> 8.7889401 | F12: TRUE | H12: Lmin | I12: Lmax
A13: 155.72036 | B13: =LOG10(A13) -> 2.1923454 | C13: 0.0064217677 | D13: 2.0889117e+08 | E13: =LOG10(D13) -> 8.3199201 | F13: TRUE | H13: 20 | I13: 200
A14: 145.07547 | B14: =LOG10(A14) -> 2.161594 | C14: 0.0068929641 | D14: 2.6256661e+08 | E14: =LOG10(D14) -> 8.4192395 | F14: TRUE
A15: 135.7928 | B15: =LOG10(A15) -> 2.1328768 | C15: 0.0073641605 | D15: 1.6772837e+08 | E15: =LOG10(D15) -> 8.2246065 | F15: TRUE
A16: 127.62661 | B16: =LOG10(A16) -> 2.1059412 | C16: 0.0078353569 | D16: 1.7989418e+08 | E16: =LOG10(D16) -> 8.2550171 | F16: TRUE
A17: 120.38688 | B17: =LOG10(A17) -> 2.0805791 | C17: 0.0083065533 | D17: 2.1072886e+08 | E17: =LOG10(D17) -> 8.323724 | F17: TRUE
A18: 113.92442 | B18: =LOG10(A18) -> 2.0566168 | C18: 0.0087777497 | D18: 1.2469741e+08 | E18: =LOG10(D18) -> 8.0958574 | F18: TRUE
A19: 108.12043 | B19: =LOG10(A19) -> 2.0339078 | C19: 0.0092489461 | D19: 1.1026076e+08 | E19: =LOG10(D19) -> 8.042421 | F19: TRUE
A20: 102.87915 | B20: =LOG10(A20) -> 2.0123274 | C20: 0.0097201425 | D20: 95286774 | E20: =LOG10(D20) -> 7.9790326 | F20: TRUE
A21: 98.122534 | B21: =LOG10(A21) -> 1.9917688 | C21: 0.010191339 | D21: 93555298 | E21: =LOG10(D21) -> 7.9710684 | F21: TRUE
A22: 93.786325 | B22: =LOG10(A22) -> 1.9721395 | C22: 0.010662535 | D22: 1.2878948e+08 | E22: =LOG10(D22) -> 8.1098804 | F22: TRUE
A23: 89.817146 | B23: =LOG10(A23) -> 1.9533592 | C23: 0.011133732 | D23: 61478368 | E23: =LOG10(D23) -> 7.7887223 | F23: TRUE
A24: 86.170288 | B24: =LOG10(A24) -> 1.9353575 | C24: 0.011604928 | D24: 68370662 | E24: =LOG10(D24) -> 7.8348698 | F24: TRUE
A25: 82.808023 | B25: =LOG10(A25) -> 1.9180724 | C25: 0.012076125 | D25: 76077471 | E25: =LOG10(D25) -> 7.8812561 | F25: TRUE
... A1060: 2.0009428 | B1060: =LOG10(A1060) -> 0.30123468 | C1060: 0.4997644 | D1060: 186.97883 | E1060: =LOG10(D1060) -> 2.2717924 | F1060: TRUE
B1061: =LOG10(A1061) -> #NUM! | E1061: =LOG10(D1061) -> #NUM!
B1062: =LOG10(A1062) -> #NUM! | E1062: =LOG10(D1062) -> #NUM!
B1063: =LOG10(A1063) -> #NUM! | E1063: =LOG10(D1063) -> #NUM!
B1064: =LOG10(A1064) -> #NUM! | E1064: =LOG10(D1064) -> #NUM!
B1065: =LOG10(A1065) -> #NUM! | E1065: =LOG10(D1065) -> #NUM!
B1066: =LOG10(A1066) -> #NUM! | E1066: =LOG10(D1066) -> #NUM!
B1067: =LOG10(A1067) -> #NUM! | E1067: =LOG10(D1067) -> #NUM!
B1068: =LOG10(A1068) -> #NUM! | E1068: =LOG10(D1068) -> #NUM!
B1069: =LOG10(A1069) -> #NUM! | E1069: =LOG10(D1069) -> #NUM!
B1070: =LOG10(A1070) -> #NUM! | E1070: =LOG10(D1070) -> #NUM!
B1071: =LOG10(A1071) -> #NUM! | E1071: =LOG10(D1071) -> #NUM!
B1072: =LOG10(A1072) -> #NUM! | E1072: =LOG10(D1072) -> #NUM!
... B1512: =LOG10(A1512) -> #NUM! | E1512: =LOG10(D1512) -> #NUM!

Sheet ngc7538_coldens_cf_high250_meds
A1: Scale_arcmin | B1: LOG10(SCALE) | C1: Frequency | D1: Power | E1: LOG10(Power) | F1: Used_for_fit
A2: 637.55256 | B2: =LOG10(A2) -> 2.804516 | C2: 0.0015684981 | D2: 1.1003177e+10 | E2: =LOG10(D2) -> 10.041518 | F2: FALSE
A3: 421.62567 | B3: =LOG10(A3) -> 2.624927 | C3: 0.0023717721 | D3: 6.1450864e+09 | E3: =LOG10(D3) -> 9.788528 | F3: FALSE
A4: 314.95606 | B4: =LOG10(A4) -> 2.49825 | C4: 0.0031750461 | D4: 1.7701081e+09 | E4: =LOG10(D4) -> 9.2479998 | F4: FALSE
A5: 251.36238 | B5: =LOG10(A5) -> 2.4003003 | C5: 0.0039783201 | D5: 3.9916833e+09 | E5: =LOG10(D5) -> 9.6011561 | F5: FALSE
A6: 209.13528 | B6: =LOG10(A6) -> 2.3204273 | C6: 0.004781594 | D6: 9.7680012e+08 | E6: =LOG10(D6) -> 8.9898057 | F6: FALSE
A7: 179.05526 | B7: =LOG10(A7) -> 2.2529871 | C7: 0.005584868 | D7: 9.5543071e+08 | E7: =LOG10(D7) -> 8.9801992 | F7: TRUE | H7: BETA 1 | I7: =SLOPE(E63:E622,B63:B622) -> 5.2915578
A8: 156.54004 | B8: =LOG10(A8) -> 2.1946254 | C8: 0.006388142 | D8: 6.4057635e+08 | E8: =LOG10(D8) -> 8.8065709 | F8: TRUE | H8: Lmin | I8: Lmax
A9: 139.05467 | B9: =LOG10(A9) -> 2.1431856 | C9: 0.007191416 | D9: 5.081454e+08 | E9: =LOG10(D9) -> 8.705988 | F9: TRUE | H9: 2 | I9: 20
A10: 125.08302 | B10: =LOG10(A10) -> 2.0971984 | C10: 0.0079946899 | D10: 4.0761163e+08 | E10: =LOG10(D10) -> 8.6102466 | F10: TRUE
A11: 113.66266 | B11: =LOG10(A11) -> 2.0556178 | C11: 0.0087979639 | D11: 5.1685916e+08 | E11: =LOG10(D11) -> 8.7133722 | F11: TRUE | H11: BETA 2 | I11: =SLOPE(E6:E64,B6:B64) -> 2.2754819
A12: 104.15324 | B12: =LOG10(A12) -> 2.0176728 | C12: 0.0096012379 | D12: 4.5585538e+08 | E12: =LOG10(D12) -> 8.6588271 | F12: TRUE | H12: Lmin | I12: Lmax
A13: 96.11215 | B13: =LOG10(A13) -> 1.9827783 | C13: 0.010404512 | D13: 4.5506974e+08 | E13: =LOG10(D13) -> 8.658078 | F13: TRUE | H13: 20 | I13: 200
A14: 89.223689 | B14: =LOG10(A14) -> 1.9504802 | C14: 0.011207786 | D14: 3.4144946e+08 | E14: =LOG10(D14) -> 8.5333264 | F14: TRUE
A15: 83.2566 | B15: =LOG10(A15) -> 1.9204187 | C15: 0.01201106 | D15: 4.1608413e+08 | E15: =LOG10(D15) -> 8.6191812 | F15: TRUE
A16: 78.037611 | B16: =LOG10(A16) -> 1.892304 | C16: 0.012814334 | D16: 2.8078694e+08 | E16: =LOG10(D16) -> 8.4483769 | F16: TRUE
A17: 73.434337 | B17: =LOG10(A17) -> 1.8658992 | C17: 0.013617608 | D17: 2.1686986e+08 | E17: =LOG10(D17) -> 8.3361992 | F17: TRUE
A18: 69.343887 | B18: =LOG10(A18) -> 1.8410082 | C18: 0.014420882 | D18: 2.1841826e+08 | E18: =LOG10(D18) -> 8.3392889 | F18: TRUE
A19: 65.685087 | B19: =LOG10(A19) -> 1.8174668 | C19: 0.015224156 | D19: 1.7566505e+08 | E19: =LOG10(D19) -> 8.2446854 | F19: TRUE
A20: 62.393036 | B20: =LOG10(A20) -> 1.7951361 | C20: 0.01602743 | D20: 1.6762736e+08 | E20: =LOG10(D20) -> 8.2243449 | F20: TRUE
A21: 59.415222 | B21: =LOG10(A21) -> 1.7738977 | C21: 0.016830704 | D21: 1.3648628e+08 | E21: =LOG10(D21) -> 8.135089 | F21: TRUE
A22: 56.708703 | B22: =LOG10(A22) -> 1.7536497 | C22: 0.017633978 | D22: 1.1134001e+08 | E22: =LOG10(D22) -> 8.0466513 | F22: TRUE
A23: 54.238019 | B23: =LOG10(A23) -> 1.7343038 | C23: 0.018437252 | D23: 95108140 | E23: =LOG10(D23) -> 7.9782177 | F23: TRUE
A24: 51.973632 | B24: =LOG10(A24) -> 1.7157831 | C24: 0.019240526 | D24: 76145509 | E24: =LOG10(D24) -> 7.8816443 | F24: TRUE
A25: 49.89074 | B25: =LOG10(A25) -> 1.6980199 | C25: 0.0200438 | D25: 71975589 | E25: =LOG10(D25) -> 7.8571852 | F25: TRUE
... A622: 2.0016078 | B622: =LOG10(A622) -> 0.30137899 | C622: 0.49959836 | D622: 92.903671 | E622: =LOG10(D622) -> 1.9680329 | F622: TRUE
B623: =LOG10(A623) -> #NUM! | E623: =LOG10(D623) -> #NUM!
B624: =LOG10(A624) -> #NUM! | E624: =LOG10(D624) -> #NUM!
B625: =LOG10(A625) -> #NUM! | E625: =LOG10(D625) -> #NUM!
B626: =LOG10(A626) -> #NUM! | E626: =LOG10(D626) -> #NUM!
B627: =LOG10(A627) -> #NUM! | E627: =LOG10(D627) -> #NUM!
B628: =LOG10(A628) -> #NUM! | E628: =LOG10(D628) -> #NUM!
B629: =LOG10(A629) -> #NUM! | E629: =LOG10(D629) -> #NUM!
B630: =LOG10(A630) -> #NUM! | E630: =LOG10(D630) -> #NUM!
B631: =LOG10(A631) -> #NUM! | E631: =LOG10(D631) -> #NUM!
B632: =LOG10(A632) -> #NUM! | E632: =LOG10(D632) -> #NUM!
B633: =LOG10(A633) -> #NUM! | E633: =LOG10(D633) -> #NUM!
B634: =LOG10(A634) -> #NUM! | E634: =LOG10(D634) -> #NUM!
... B1512: =LOG10(A1512) -> #NUM! | E1512: =LOG10(D1512) -> #NUM!

Sheet rosette_coldens_cf_high250_meds
A1: Scale_arcmin | B1: LOG10(SCALE) | C1: Frequency | D1: Power | E1: LOG10(SCALE) | F1: Used_for_fit
A2: 862.79257 | B2: =LOG10(A2) -> 2.9359064 | C2: 0.0011590271 | D2: 1.2891651e+10 | E2: =LOG10(D2) -> 10.110309 | F2: FALSE
A3: 598.6602 | B3: =LOG10(A3) -> 2.7771804 | C3: 0.0016703967 | D3: 6.3128852e+09 | E3: =LOG10(D3) -> 9.8002279 | F3: FALSE
A4: 458.34426 | B4: =LOG10(A4) -> 2.6611918 | C4: 0.0021817662 | D4: 1.6692155e+09 | E4: =LOG10(D4) -> 9.2225124 | F4: FALSE
A5: 371.31437 | B5: =LOG10(A5) -> 2.5697418 | C5: 0.0026931357 | D5: 1.8544786e+09 | E5: =LOG10(D5) -> 9.2682218 | F5: FALSE
A6: 312.06065 | B6: =LOG10(A6) -> 2.494239 | C6: 0.0032045052 | D6: 1.9424956e+09 | E6: =LOG10(D6) -> 9.28836 | F6: FALSE
A7: 269.11564 | B7: =LOG10(A7) -> 2.4299389 | C7: 0.0037158748 | D7: 1.2276499e+09 | E7: =LOG10(D7) -> 9.0890745 | F7: FALSE | H7: BETA 1 | I7: =SLOPE(E98:E977,B98:B977) -> 4.0352376
A8: 236.56073 | B8: =LOG10(A8) -> 2.3739427 | C8: 0.0042272443 | D8: 7.3547361e+08 | E8: =LOG10(D8) -> 8.8665671 | F8: TRUE | H8: Lmin | I8: Lmax
A9: 211.03218 | B9: =LOG10(A9) -> 2.3243487 | C9: 0.0047386138 | D9: 5.4290742e+08 | E9: =LOG10(D9) -> 8.7347258 | F9: TRUE | H9: 2 | I9: 20
A10: 190.47679 | B10: =LOG10(A10) -> 2.2798421 | C10: 0.0052499833 | D10: 4.7193708e+08 | E10: =LOG10(D10) -> 8.6738841 | F10: TRUE
A11: 173.57034 | B11: =LOG10(A11) -> 2.2394755 | C11: 0.0057613529 | D11: 4.585616e+08 | E11: =LOG10(D11) -> 8.6613977 | F11: TRUE | H11: BETA 2 | I11: =SLOPE(E9:E97,B9:B97) -> 2.5061052
A12: 159.42041 | B12: =LOG10(A12) -> 2.2025439 | C12: 0.0062727224 | D12: 2.2864504e+08 | E12: =LOG10(D12) -> 8.3591618 | F12: TRUE | H12: Lmin | I12: Lmax
A13: 147.40366 | B13: =LOG10(A13) -> 2.1685083 | C13: 0.0067840919 | D13: 1.9956621e+08 | E13: =LOG10(D13) -> 8.300087 | F13: TRUE | H13: 20 | I13: 200
A14: 137.07152 | B14: =LOG10(A14) -> 2.1369472 | C14: 0.0072954614 | D14: 2.1640545e+08 | E14: =LOG10(D14) -> 8.3352682 | F14: TRUE
A15: 128.09295 | B15: =LOG10(A15) -> 2.1075252 | C15: 0.007806831 | D15: 83848157 | E15: =LOG10(D15) -> 7.9234935 | F15: TRUE
A16: 120.21831 | B16: =LOG10(A16) -> 2.0799706 | C16: 0.0083182005 | D16: 1.1031552e+08 | E16: =LOG10(D16) -> 8.0426366 | F16: TRUE
A17: 113.2558 | B17: =LOG10(A17) -> 2.0540604 | C17: 0.00882957 | D17: 78734678 | E17: =LOG10(D17) -> 7.8961661 | F17: TRUE
A18: 107.05561 | B18: =LOG10(A18) -> 2.0296094 | C18: 0.0093409396 | D18: 95783992 | E18: =LOG10(D18) -> 7.9812929 | F18: TRUE
A19: 101.49905 | B19: =LOG10(A19) -> 2.006462 | C19: 0.0098523091 | D19: 73312264 | E19: =LOG10(D19) -> 7.8651766 | F19: TRUE
A20: 96.490835 | B20: =LOG10(A20) -> 1.9844861 | C20: 0.010363679 | D20: 88348973 | E20: =LOG10(D20) -> 7.9462015 | F20: TRUE
A21: 91.953616 | B21: =LOG10(A21) -> 1.9635688 | C21: 0.010875048 | D21: 60895693 | E21: =LOG10(D21) -> 7.7845866 | F21: TRUE
A22: 87.823935 | B22: =LOG10(A22) -> 1.9436129 | C22: 0.011386418 | D22: 70932884 | E22: =LOG10(D22) -> 7.8508476 | F22: TRUE
A23: 84.049242 | B23: =LOG10(A23) -> 1.9245338 | C23: 0.011897787 | D23: 53008006 | E23: =LOG10(D23) -> 7.7243415 | F23: TRUE
A24: 80.585653 | B24: =LOG10(A24) -> 1.9062577 | C24: 0.012409157 | D24: 50118267 | E24: =LOG10(D24) -> 7.699996 | F24: TRUE
A25: 77.396228 | B25: =LOG10(A25) -> 1.8887198 | C25: 0.012920526 | D25: 48500281 | E25: =LOG10(D25) -> 7.6857443 | F25: TRUE
... A977: 2.0010233 | B977: =LOG10(A977) -> 0.30125214 | C977: 0.49974432 | D977: 176.73945 | E977: =LOG10(D977) -> 2.2473335 | F977: TRUE
B978: =LOG10(A978) -> #NUM! | E978: =LOG10(D978) -> #NUM!
B979: =LOG10(A979) -> #NUM! | E979: =LOG10(D979) -> #NUM!
B980: =LOG10(A980) -> #NUM! | E980: =LOG10(D980) -> #NUM!
B981: =LOG10(A981) -> #NUM! | E981: =LOG10(D981) -> #NUM!
B982: =LOG10(A982) -> #NUM! | E982: =LOG10(D982) -> #NUM!
B983: =LOG10(A983) -> #NUM! | E983: =LOG10(D983) -> #NUM!
B984: =LOG10(A984) -> #NUM! | E984: =LOG10(D984) -> #NUM!
B985: =LOG10(A985) -> #NUM! | E985: =LOG10(D985) -> #NUM!
B986: =LOG10(A986) -> #NUM! | E986: =LOG10(D986) -> #NUM!
B987: =LOG10(A987) -> #NUM! | E987: =LOG10(D987) -> #NUM!
B988: =LOG10(A988) -> #NUM! | E988: =LOG10(D988) -> #NUM!
B989: =LOG10(A989) -> #NUM! | E989: =LOG10(D989) -> #NUM!
... B1512: =LOG10(A1512) -> #NUM! | E1512: =LOG10(D1512) -> #NUM!

Sheet velac_coldens_cf_high250_medsmo
A1: Scale_arcmin | B1: LOG10(SCALE) | C1: Frequency | D1: Power | E1: LOG10(SCALE) | F1: Used_for_fit
A2: 908.19473 | B2: =LOG10(A2) -> 2.958179 | C2: 0.0011010854 | D2: 2.5010067e+11 | E2: =LOG10(D2) -> 11.398115 | F2: FALSE
A3: 725.51644 | B3: =LOG10(A3) -> 2.8606473 | C3: 0.0013783285 | D3: 5.8663545e+10 | E3: =LOG10(D3) -> 10.768368 | F3: FALSE
A4: 604.02099 | B4: =LOG10(A4) -> 2.781052 | C4: 0.0016555716 | D4: 2.2540607e+10 | E4: =LOG10(D4) -> 10.352966 | F4: FALSE
A5: 517.38018 | B5: =LOG10(A5) -> 2.7138098 | C5: 0.0019328147 | D5: 2.5628682e+10 | E5: =LOG10(D5) -> 10.408726 | F5: FALSE
A6: 452.47686 | B6: =LOG10(A6) -> 2.6555964 | C6: 0.0022100577 | D6: 1.7473664e+10 | E6: =LOG10(D6) -> 10.242384 | F6: FALSE
A7: 402.04224 | B7: =LOG10(A7) -> 2.6042717 | C7: 0.0024873008 | D7: 5.7290023e+09 | E7: =LOG10(D7) -> 9.758079 | F7: FALSE | H7: BETA 1 | I7: =SLOPE(E448:E1801,B448:B1801) -> 4.4080396
A8: 361.72332 | B8: =LOG10(A8) -> 2.5583765 | C8: 0.0027645439 | D8: 1.3532146e+10 | E8: =LOG10(D8) -> 10.131367 | F8: FALSE | H8: Lmin | I8: Lmax
A9: 328.75412 | B9: =LOG10(A9) -> 2.5168712 | C9: 0.003041787 | D9: 5.4750801e+09 | E9: =LOG10(D9) -> 9.7383905 | F9: FALSE | H9: 2 | I9: 8
A10: 301.29284 | B10: =LOG10(A10) -> 2.4789888 | C10: 0.0033190301 | D10: 6.8117685e+09 | E10: =LOG10(D10) -> 9.8332599 | F10: FALSE
A11: 278.06564 | B11: =LOG10(A11) -> 2.4441473 | C11: 0.0035962731 | D11: 9.4024557e+09 | E11: =LOG10(D11) -> 9.9732413 | F11: FALSE | H11: BETA 2 | I11: =SLOPE(E16:E178,B16:B178) -> 2.6247203
A12: 258.16337 | B12: =LOG10(A12) -> 2.4118946 | C12: 0.0038735162 | D12: 6.5459392e+09 | E12: =LOG10(D12) -> 9.815972 | F12: TRUE | H12: Lmin | I12: Lmax
A13: 240.91978 | B13: =LOG10(A13) -> 2.3818725 | C13: 0.0041507593 | D13: 6.7758708e+09 | E13: =LOG10(D13) -> 9.8309651 | F13: TRUE | H13: 20 | I13: 200
A14: 225.83547 | B14: =LOG10(A14) -> 2.3537922 | C14: 0.0044280024 | D14: 3.6233626e+09 | E14: =LOG10(D14) -> 9.5591118 | F14: TRUE
A15: 212.52877 | B15: =LOG10(A15) -> 2.3274177 | C15: 0.0047052454 | D15: 3.9124307e+09 | E15: =LOG10(D15) -> 9.5924467 | F15: TRUE
A16: 200.70292 | B16: =LOG10(A16) -> 2.3025537 | C16: 0.0049824885 | D16: 4.1140358e+09 | E16: =LOG10(D16) -> 9.6142681 | F16: TRUE
A17: 190.12377 | B17: =LOG10(A17) -> 2.2790364 | C17: 0.0052597316 | D17: 2.7662441e+09 | E17: =LOG10(D17) -> 9.4418905 | F17: TRUE
A18: 180.60404 | B18: =LOG10(A18) -> 2.2567275 | C18: 0.0055369747 | D18: 2.575612e+09 | E18: =LOG10(D18) -> 9.4108804 | F18: TRUE
A19: 171.99218 | B19: =LOG10(A19) -> 2.2355087 | C19: 0.0058142177 | D19: 2.7431642e+09 | E19: =LOG10(D19) -> 9.4382518 | F19: TRUE
A20: 164.16423 | B20: =LOG10(A20) -> 2.2152785 | C20: 0.0060914608 | D20: 1.7321843e+09 | E20: =LOG10(D20) -> 9.2385941 | F20: TRUE
A21: 157.01782 | B21: =LOG10(A21) -> 2.1959489 | C21: 0.0063687039 | D21: 2.2518543e+09 | E21: =LOG10(D21) -> 9.3525403 | F21: TRUE
A22: 150.46765 | B22: =LOG10(A22) -> 2.1774431 | C22: 0.006645947 | D22: 2.3696614e+09 | E22: =LOG10(D22) -> 9.3746863 | F22: TRUE
A23: 144.44208 | B23: =LOG10(A23) -> 2.1596937 | C23: 0.00692319 | D23: 1.3945474e+09 | E23: =LOG10(D23) -> 9.1444333 | F23: TRUE
A24: 138.88053 | B24: =LOG10(A24) -> 2.1426414 | C24: 0.0072004331 | D24: 1.4949941e+09 | E24: =LOG10(D24) -> 9.1746395 | F24: TRUE
A25: 133.73139 | B25: =LOG10(A25) -> 2.1262333 | C25: 0.0074776762 | D25: 1.2156908e+09 | E25: =LOG10(D25) -> 9.0848231 | F25: TRUE
... A1512: 2.3824378 | B1512: =LOG10(A1512) -> 0.37702158 | C1512: 0.41973813 | D1512: 439.10191 | E1512: =LOG10(D1512) -> 2.6425653 | F1512: TRUE
A1513: 2.3808652 | C1513: 0.42001537 | D1513: 106.76379 | F1513: TRUE
A1514: 2.3792947 | C1514: 0.42029262 | D1514: 101.74492 | F1514: TRUE
A1515: 2.3777263 | C1515: 0.42056986 | D1515: 448.88585 | F1515: TRUE
A1516: 2.3761599 | C1516: 0.4208471 | D1516: 111.53095 | F1516: TRUE
A1517: 2.3745956 | C1517: 0.42112434 | D1517: 104.82849 | F1517: TRUE
A1518: 2.3730333 | C1518: 0.42140159 | D1518: 98.815804 | F1518: TRUE
A1519: 2.3714731 | C1519: 0.42167883 | D1519: 439.64517 | F1519: TRUE
A1520: 2.3699149 | C1520: 0.42195607 | D1520: 93.203542 | F1520: TRUE
A1521: 2.3683588 | C1521: 0.42223332 | D1521: 100.80658 | F1521: TRUE
A1522: 2.3668047 | C1522: 0.42251056 | D1522: 416.28512 | F1522: TRUE
A1523: 2.3652527 | C1523: 0.4227878 | D1523: 110.77106 | F1523: TRUE
A1524: 2.3637027 | C1524: 0.42306505 | D1524: 97.635256 | F1524: TRUE
... A1801: 2.0005546 | C1801: 0.49986138 | D1801: 61.816528 | F1801: TRUE

Sheet Resumen
Q1: DELTA VARIANCE
A2: Mapa | B2: Beta | C2: Beta_error | D2: R2 | E2: Beam_arcmin | F2: Fit_min_arcmin | G2: Fit_max_arcmin | J2: BETA1 | K2: Lmin | L2: Lmax | M2: BETA2 | N2: Lmin | O2: Lmax | R2: Beta Schneider | S2: Beta Calculado Turbustat
A3: dr15_coldens_cf_high250_medsmo3 | B3: 3.9160404 | C3: 0.019079677 | D3: 0.9655506 | E3: 0.30333333 | F3: 1.5166667 | G3: 390.79616 | J3: =dr15_coldens_cf_high250_medsmo3!I6 -> 4.7971997 | K3: =dr15_coldens_cf_high250_medsmo3!H8 -> 2 | L3: =dr15_coldens_cf_high250_medsmo3!I8 -> 20 | M3: =dr15_coldens_cf_high250_medsmo3!I10 -> 2.5592727 | N3: =dr15_coldens_cf_high250_medsmo3!H12 -> 20 | O3: =dr15_coldens_cf_high250_medsmo3!I12 -> 100 | Q3: dr15 | R3: 2.17 | S3: 2.5048073
A4: m16_coldens_cf_high250_medsmo3 | B4: 3.7934094 | C4: 0.026367359 | D4: 0.96814616 | E4: 0.30333333 | F4: 1.5166667 | G4: 194.7581 | J4: =m16_coldens_cf_high250_medsmo3!I7 -> 5.3681742 | K4: =m16_coldens_cf_high250_medsmo3!H9 -> 8 | L4: =m16_coldens_cf_high250_medsmo3!I9 -> 20 | M4: =m16_coldens_cf_high250_medsmo3!I11 -> 2.5322847 | N4: =m16_coldens_cf_high250_medsmo3!H13 -> 20 | O4: =m16_coldens_cf_high250_medsmo3!I13 -> 100 | Q4: m16 | R4: 2.17 | S4: 2.4387094
A5: m17_coldens_cf_high250_medsmo3 | B5: 3.8913654 | C5: 0.020548847 | D5: 0.97018685 | E5: 0.30333333 | F5: 1.5166667 | G5: 208.00122 | J5: =m17_coldens_cf_high250_medsmo3!I7 -> 3.5411388 | K5: =m17_coldens_cf_high250_medsmo3!H9 -> 6 | L5: =m17_coldens_cf_high250_medsmo3!I9 -> 20 | M5: =m17_coldens_cf_high250_medsmo3!I11 -> 2.365405 | N5: =m17_coldens_cf_high250_medsmo3!H13 -> 20 | O5: =m17_coldens_cf_high250_medsmo3!I13 -> 200 | Q5: m17 | R5: 2.22 | S5: 2.5032163
A6: monob1_coldens_cf_high250_medsm | B6: 4.2654943 | C6: 0.027036379 | D6: 0.97742084 | E6: 0.30333333 | F6: 1.5166667 | G6: 178.89939 | J6: =monob1_coldens_cf_high250_medsm!I7 -> 5.4311863 | K6: =monob1_coldens_cf_high250_medsm!H9 -> 4 | L6: =monob1_coldens_cf_high250_medsm!I9 -> 20 | M6: =monob1_coldens_cf_high250_medsm!I11 -> 2.9781789 | N6: =monob1_coldens_cf_high250_medsm!H13 -> 20 | O6: =monob1_coldens_cf_high250_medsm!I13 -> 100 | Q6: monob1 | R6: 3.38 | S6: 2.9132102
A7: monr2_coldens_cf_high250_medsmo | B7: 4.6073457 | C7: 0.034040423 | D7: 0.96583615 | E7: 0.30333333 | F7: 1.5166667 | G7: 197.90397 | J7: =monr2_coldens_cf_high250_medsmo!I7 -> 5.9431574 | K7: =monr2_coldens_cf_high250_medsmo!H9 -> 2 | L7: =monr2_coldens_cf_high250_medsmo!I9 -> 20 | M7: =monr2_coldens_cf_high250_medsmo!I11 -> 2.3342696 | N7: =monr2_coldens_cf_high250_medsmo!H13 -> 20 | O7: =monr2_coldens_cf_high250_medsmo!I13 -> 100 | Q7: monr2 | R7: 2.2 | S7: 2.4204196
A8: ngc2264_coldens_cf_high250_meds | B8: 4.6147271 | C8: 0.028019184 | D8: 0.97575514 | E8: 0.30333333 | F8: 1.5166667 | G8: 181.5292 | J8: =ngc2264_coldens_cf_high250_meds!I7 -> 6.1061481 | K8: =ngc2264_coldens_cf_high250_meds!H9 -> 4 | L8: =ngc2264_coldens_cf_high250_meds!I9 -> 20 | M8: =ngc2264_coldens_cf_high250_meds!I11 -> 2.7892614 | N8: =ngc2264_coldens_cf_high250_meds!H13 -> 20 | O8: =ngc2264_coldens_cf_high250_meds!I13 -> 100 | Q8: ngc2264 | R8: 2.8 | S8: 2.8908747
A9: ngc6334_coldens_cf_high250_meds | B9: 0.92594697 | C9: 0.018726093 | D9: 0.66368029 | E9: 0.30333333 | F9: 1.5166667 | G9: 220.40424 | J9: =ngc6334_coldens_cf_high250_meds!I7 -> 2.6849036 | K9: =ngc6334_coldens_cf_high250_meds!H9 -> 2 | L9: =ngc6334_coldens_cf_high250_meds!I9 -> 6 | M9: =ngc6334_coldens_cf_high250_meds!I11 -> 0.086455299 | N9: =ngc6334_coldens_cf_high250_meds!H13 -> 10 | O9: =ngc6334_coldens_cf_high250_meds!I13 -> 100 | Q9: ngc6334 | R9: 2.41 | S9: 0.08990284
A10: ngc6357_coldens_cf_high250_meds | B10: 3.9600702 | C10: 0.024129309 | D10: 0.96247982 | E10: 0.30333333 | F10: 1.5166667 | G10: 242.20753 | J10: =ngc6357_coldens_cf_high250_meds!I7 -> 4.9461012 | K10: =ngc6357_coldens_cf_high250_meds!H9 -> 3 | L10: =ngc6357_coldens_cf_high250_meds!I9 -> 20 | M10: =ngc6357_coldens_cf_high250_meds!I11 -> 2.1932867 | N10: =ngc6357_coldens_cf_high250_meds!H13 -> 20 | O10: =ngc6357_coldens_cf_high250_meds!I13 -> 200 | Q10: ngc6357 | R10: 2.02 | S10: 2.3180702
A11: ngc7538_coldens_cf_high250_meds | B11: 4.5776808 | C11: 0.03184392 | D11: 0.97114543 | E11: 0.30333333 | F11: 1.5166667 | G11: 191.26577 | J11: =ngc7538_coldens_cf_high250_meds!I7 -> 5.2915578 | K11: =ngc7538_coldens_cf_high250_meds!H9 -> 2 | L11: =ngc7538_coldens_cf_high250_meds!I9 -> 20 | M11: =ngc7538_coldens_cf_high250_meds!I11 -> 2.2754819 | N11: =ngc7538_coldens_cf_high250_meds!H13 -> 20 | O11: =ngc7538_coldens_cf_high250_meds!I13 -> 200 | Q11: ngc7538 | R11: 2.93 | S11: 2.635233
A12: rosette_coldens_cf_high250_meds | B12: 3.9005195 | C12: 0.023487667 | D12: 0.96609 | E12: 0.30333333 | F12: 1.5166667 | G12: 258.83777 | J12: =rosette_coldens_cf_high250_meds!I7 -> 4.0352376 | K12: =rosette_coldens_cf_high250_meds!H9 -> 2 | L12: =rosette_coldens_cf_high250_meds!I9 -> 20 | M12: =rosette_coldens_cf_high250_meds!I11 -> 2.5061052 | N12: =rosette_coldens_cf_high250_meds!H13 -> 20 | O12: =rosette_coldens_cf_high250_meds!I13 -> 200 | Q12: rosette | R12: 2.42 | S12: 2.5299482
A13: velac_coldens_cf_high250_medsmo | B13: 4.6115189 | C13: 0.019605749 | D13: 0.96869362 | E13: 0.30333333 | F13: 1.5166667 | G13: 272.45842 | J13: =velac_coldens_cf_high250_medsmo!I7 -> 4.4080396 | K13: =velac_coldens_cf_high250_medsmo!H9 -> 2 | L13: =velac_coldens_cf_high250_medsmo!I9 -> 8 | M13: =velac_coldens_cf_high250_medsmo!I11 -> 2.6247203 | N13: =velac_coldens_cf_high250_medsmo!H13 -> 20 | O13: =velac_coldens_cf_high250_medsmo!I13 -> 200 | Q13: velac | R13: 2.3 | S13: 2.5182796
Q15: R2 BETA1 | R15: =RSQ(J3:J13,R3:R13) -> 0.082602994 | S15: =RSQ(S3:S13,J3:J13) -> 0.51043934
Q16: R2BETA2 | R16: =RSQ(M3:M13,R3:R13) -> 0.050233351 | S16: =RSQ(M3:M13,S3:S13) -> 0.96888084
