Workbook

Sheet Summary
B1: SUMMARY | Z1: Aproximación clásica:
S2: P75 | Z2: Schneider, etc. | AD2: b entre 1/3 y 1
B3: File | C3: H | D3: ℳ | E3: Skewness | F3: Kurtosis | G3: Sigma | H3: P95 | I3: P90 | J3: P85 | K3: P80 | L3: P75 | M3: P70 | N3: P65 | O3: P60 | P3: P55 | Q3: P50 | S3: M | U3: P75 | V3: M estimado | W3: Residuo | X3: % residuo | Z3: M | AA3: sigma | AB3: b
B4: =efbm_H0.5Mach1_0!$C$2 -> efbm_H0.5Mach1_0.fits | C4: =efbm_H0.5Mach1_0!D2 -> 0.5 | D4: =efbm_H0.5Mach1_0!E2 -> 1 | E4: {=INDIRECT("'"&SUBSTITUTE($B4,".fits","")&"'!$I$2")} -> 0.072205595 | F4: {=INDIRECT("'"&SUBSTITUTE($B4,".fits","")&"'!$J$2")} -> -0.54554104 | G4: =efbm_H0.5Mach1_0!$G$2 -> 0.47238073 | H4: =efbm_H0.5Mach1_0!I14 -> 0.83114875 | I4: =efbm_H0.5Mach1_0!I16 -> 0.79261868 | J4: =efbm_H0.5Mach1_0!I18 -> 0.77060149 | K4: =efbm_H0.5Mach1_0!I20 -> 0.74363044 | L4: =efbm_H0.5Mach1_0!I22 -> 0.72656712 | M4: =efbm_H0.5Mach1_0!I24 -> 0.70454993 | N4: =efbm_H0.5Mach1_0!I26 -> 0.68803705 | O4: =efbm_H0.5Mach1_0!I28 -> 0.64950697 | P4: =efbm_H0.5Mach1_0!I30 -> 0.61648119 | Q4: =efbm_H0.5Mach1_0!I32 -> 0.56143823 | S4: =D4 -> 1 | T4: 0 | U4: =L4 -> 0.72656712 | V4: =$L$45+$L$46*L4 -> 1.0375464 | W4: =S4-V4 -> -0.037546431 | X4: =W4/V4 -> -0.036187711 | Z4: =D4 -> 1 | AA4: =G4 -> 0.47238073 | AB4: =SQRT(EXP(AA4^2)-1)/Z4 -> 0.5
B5: =efbm_H0.5Mach1_1!$C$2 -> efbm_H0.5Mach1_1.fits | C5: =efbm_H0.5Mach1_1!D2 -> 0.5 | D5: =efbm_H0.5Mach1_1!E2 -> 1 | E5: {=INDIRECT("'"&SUBSTITUTE($B5,".fits","")&"'!$I$2")} -> -0.36060418 | F5: {=INDIRECT("'"&SUBSTITUTE($B5,".fits","")&"'!$J$2")} -> -0.15326012 | G5: =efbm_H0.5Mach1_1!$G$2 -> 0.47238073 | H5: {=INDIRECT("'"&SUBSTITUTE($B5,".fits","")&"'!I14")} -> 0.89346739 | I5: {=INDIRECT("'"&SUBSTITUTE($B5,".fits","")&"'!I16")} -> 0.86057902 | J5: {=INDIRECT("'"&SUBSTITUTE($B5,".fits","")&"'!I18")} -> 0.81672786 | K5: {=INDIRECT("'"&SUBSTITUTE($B5,".fits","")&"'!I20")} -> 0.7783581 | L5: {=INDIRECT("'"&SUBSTITUTE($B5,".fits","")&"'!I22")} -> 0.75095112 | M5: {=INDIRECT("'"&SUBSTITUTE($B5,".fits","")&"'!I24")} -> 0.71806275 | N5: {=INDIRECT("'"&SUBSTITUTE($B5,".fits","")&"'!I26")} -> 0.67421159 | O5: {=INDIRECT("'"&SUBSTITUTE($B5,".fits","")&"'!I28")} -> 0.62597531 | P5: {=INDIRECT("'"&SUBSTITUTE($B5,".fits","")&"'!I30")} -> 0.57253171 | Q5: {=INDIRECT("'"&SUBSTITUTE($B5,".fits","")&"'!I32")} -> 0.53717671 | S5: =D5 -> 1 | T5: 1 | U5: =L5 -> 0.75095112 | V5: =$L$45+$L$46*L5 -> 0.94695707 | W5: =S5-V5 -> 0.053042934 | X5: =W5/V5 -> 0.056014086 | Z5: =D5 -> 1 | AA5: =G5 -> 0.47238073 | AB5: =SQRT(EXP(AA5^2)-1)/Z5 -> 0.5
B6: =efbm_H0.5Mach1_2!$C$2 -> efbm_H0.5Mach1_2.fits | C6: =efbm_H0.5Mach1_2!D2 -> 0.5 | D6: =efbm_H0.5Mach1_2!E2 -> 1 | E6: {=INDIRECT("'"&SUBSTITUTE($B6,".fits","")&"'!$I$2")} -> -0.10198019 | F6: {=INDIRECT("'"&SUBSTITUTE($B6,".fits","")&"'!$J$2")} -> -0.71606429 | G6: =efbm_H0.5Mach1_2!$G$2 -> 0.47238073 | H6: {=INDIRECT("'"&SUBSTITUTE($B6,".fits","")&"'!I14")} -> 0.76395626 | I6: {=INDIRECT("'"&SUBSTITUTE($B6,".fits","")&"'!I16")} -> 0.74684115 | J6: {=INDIRECT("'"&SUBSTITUTE($B6,".fits","")&"'!I18")} -> 0.7242096 | K6: {=INDIRECT("'"&SUBSTITUTE($B6,".fits","")&"'!I20")} -> 0.70723593 | L6: {=INDIRECT("'"&SUBSTITUTE($B6,".fits","")&"'!I22")} -> 0.69026227 | M6: {=INDIRECT("'"&SUBSTITUTE($B6,".fits","")&"'!I24")} -> 0.67328861 | N6: {=INDIRECT("'"&SUBSTITUTE($B6,".fits","")&"'!I26")} -> 0.65631495 | O6: {=INDIRECT("'"&SUBSTITUTE($B6,".fits","")&"'!I28")} -> 0.63934128 | P6: {=INDIRECT("'"&SUBSTITUTE($B6,".fits","")&"'!I30")} -> 0.61232487 | Q6: {=INDIRECT("'"&SUBSTITUTE($B6,".fits","")&"'!I32")} -> 0.5884203 | S6: =D6 -> 1 | T6: 2 | U6: =L6 -> 0.69026227 | V6: =$L$45+$L$46*L6 -> 1.1724231 | W6: =S6-V6 -> -0.17242312 | X6: =W6/V6 -> -0.14706561 | Y6: >15% | Z6: =D6 -> 1 | AA6: =G6 -> 0.47238073 | AB6: =SQRT(EXP(AA6^2)-1)/Z6 -> 0.5
B7: =efbm_H0.5Mach1_3!$C$2 -> efbm_H0.5Mach1_3.fits | C7: =efbm_H0.5Mach1_3!D2 -> 0.5 | D7: =efbm_H0.5Mach1_3!E2 -> 1 | E7: {=INDIRECT("'"&SUBSTITUTE($B7,".fits","")&"'!$I$2")} -> 0.58056948 | F7: {=INDIRECT("'"&SUBSTITUTE($B7,".fits","")&"'!$J$2")} -> -0.46379137 | G7: =efbm_H0.5Mach1_3!$G$2 -> 0.47238073 | H7: {=INDIRECT("'"&SUBSTITUTE($B7,".fits","")&"'!I14")} -> 1.1573012 | I7: {=INDIRECT("'"&SUBSTITUTE($B7,".fits","")&"'!I16")} -> 1.0639704 | J7: {=INDIRECT("'"&SUBSTITUTE($B7,".fits","")&"'!I18")} -> 0.97732839 | K7: {=INDIRECT("'"&SUBSTITUTE($B7,".fits","")&"'!I20")} -> 0.86548706 | L7: {=INDIRECT("'"&SUBSTITUTE($B7,".fits","")&"'!I22")} -> 0.79642231 | M7: {=INDIRECT("'"&SUBSTITUTE($B7,".fits","")&"'!I24")} -> 0.71646898 | N7: {=INDIRECT("'"&SUBSTITUTE($B7,".fits","")&"'!I26")} -> 0.65440404 | O7: {=INDIRECT("'"&SUBSTITUTE($B7,".fits","")&"'!I28")} -> 0.57367295 | P7: {=INDIRECT("'"&SUBSTITUTE($B7,".fits","")&"'!I30")} -> 0.50398599 | Q7: {=INDIRECT("'"&SUBSTITUTE($B7,".fits","")&"'!I32")} -> 0.44798755 | S7: =D7 -> 1 | T7: 3 | U7: =L7 -> 0.79642231 | V7: =$L$45+$L$46*L7 -> 0.77802636 | W7: =S7-V7 -> 0.22197364 | X7: =W7/V7 -> 0.28530349 | Z7: =D7 -> 1 | AA7: =G7 -> 0.47238073 | AB7: =SQRT(EXP(AA7^2)-1)/Z7 -> 0.5
B8: =efbm_H0.5Mach1_4!$C$2 -> efbm_H0.5Mach1_4.fits | C8: =efbm_H0.5Mach1_4!D2 -> 0.5 | D8: =efbm_H0.5Mach1_4!E2 -> 1 | E8: {=INDIRECT("'"&SUBSTITUTE($B8,".fits","")&"'!$I$2")} -> -0.25375646 | F8: {=INDIRECT("'"&SUBSTITUTE($B8,".fits","")&"'!$J$2")} -> -0.3259587 | G8: =efbm_H0.5Mach1_4!$G$2 -> 0.47238073 | H8: {=INDIRECT("'"&SUBSTITUTE($B8,".fits","")&"'!I14")} -> 0.9129928 | I8: {=INDIRECT("'"&SUBSTITUTE($B8,".fits","")&"'!I16")} -> 0.87378452 | J8: {=INDIRECT("'"&SUBSTITUTE($B8,".fits","")&"'!I18")} -> 0.82939515 | K8: {=INDIRECT("'"&SUBSTITUTE($B8,".fits","")&"'!I20")} -> 0.80096915 | L8: {=INDIRECT("'"&SUBSTITUTE($B8,".fits","")&"'!I22")} -> 0.76736205 | M8: {=INDIRECT("'"&SUBSTITUTE($B8,".fits","")&"'!I24")} -> 0.73459513 | N8: {=INDIRECT("'"&SUBSTITUTE($B8,".fits","")&"'!I26")} -> 0.69454667 | O8: {=INDIRECT("'"&SUBSTITUTE($B8,".fits","")&"'!I28")} -> 0.63517413 | P8: {=INDIRECT("'"&SUBSTITUTE($B8,".fits","")&"'!I30")} -> 0.58938446 | Q8: {=INDIRECT("'"&SUBSTITUTE($B8,".fits","")&"'!I32")} -> 0.53911385 | S8: =D8 -> 1 | T8: 4 | U8: =L8 -> 0.76736205 | V8: =$L$45+$L$46*L8 -> 0.88598858 | W8: =S8-V8 -> 0.11401142 | X8: =W8/V8 -> 0.12868272 | Y8: >15% | Z8: =D8 -> 1 | AA8: =G8 -> 0.47238073 | AB8: =SQRT(EXP(AA8^2)-1)/Z8 -> 0.5
B9: =efbm_H0.5Mach1_5!$C$2 -> efbm_H0.5Mach1_5.fits | C9: =efbm_H0.5Mach1_5!D2 -> 0.5 | D9: =efbm_H0.5Mach1_5!E2 -> 1 | E9: {=INDIRECT("'"&SUBSTITUTE($B9,".fits","")&"'!$I$2")} -> -0.49174519 | F9: {=INDIRECT("'"&SUBSTITUTE($B9,".fits","")&"'!$J$2")} -> 0.56315614 | G9: =efbm_H0.5Mach1_5!$G$2 -> 0.47238073 | H9: {=INDIRECT("'"&SUBSTITUTE($B9,".fits","")&"'!I14")} -> 1.0057779 | I9: {=INDIRECT("'"&SUBSTITUTE($B9,".fits","")&"'!I16")} -> 0.9466145 | J9: {=INDIRECT("'"&SUBSTITUTE($B9,".fits","")&"'!I18")} -> 0.91210251 | K9: {=INDIRECT("'"&SUBSTITUTE($B9,".fits","")&"'!I20")} -> 0.88301384 | L9: {=INDIRECT("'"&SUBSTITUTE($B9,".fits","")&"'!I22")} -> 0.83814825 | M9: {=INDIRECT("'"&SUBSTITUTE($B9,".fits","")&"'!I24")} -> 0.764194 | N9: {=INDIRECT("'"&SUBSTITUTE($B9,".fits","")&"'!I26")} -> 0.70589339 | O9: {=INDIRECT("'"&SUBSTITUTE($B9,".fits","")&"'!I28")} -> 0.62713211 | P9: {=INDIRECT("'"&SUBSTITUTE($B9,".fits","")&"'!I30")} -> 0.54726151 | Q9: {=INDIRECT("'"&SUBSTITUTE($B9,".fits","")&"'!I32")} -> 0.47330725 | S9: =D9 -> 1 | T9: 5 | U9: =L9 -> 0.83814825 | V9: =$L$45+$L$46*L9 -> 0.62300968 | W9: =S9-V9 -> 0.37699032 | X9: =W9/V9 -> 0.6051115 | Y9: >15% | Z9: =D9 -> 1 | AA9: =G9 -> 0.47238073 | AB9: =SQRT(EXP(AA9^2)-1)/Z9 -> 0.5
B10: =efbm_H0.5Mach1_6!$C$2 -> efbm_H0.5Mach1_6.fits | C10: =efbm_H0.5Mach1_6!$D$2 -> 0.5 | D10: =efbm_H0.5Mach1_6!$E$2 -> 1 | E10: {=INDIRECT("'"&SUBSTITUTE($B10,".fits","")&"'!$I$2")} -> -0.40201208 | F10: {=INDIRECT("'"&SUBSTITUTE($B10,".fits","")&"'!$J$2")} -> -0.44223323 | G10: =efbm_H0.5Mach1_6!$G$2 -> 0.47238073 | H10: {=INDIRECT("'"&SUBSTITUTE($B10,".fits","")&"'!I14")} -> 0.89874361 | I10: {=INDIRECT("'"&SUBSTITUTE($B10,".fits","")&"'!I16")} -> 0.86191362 | J10: {=INDIRECT("'"&SUBSTITUTE($B10,".fits","")&"'!I18")} -> 0.8313493 | K10: {=INDIRECT("'"&SUBSTITUTE($B10,".fits","")&"'!I20")} -> 0.80078499 | L10: {=INDIRECT("'"&SUBSTITUTE($B10,".fits","")&"'!I22")} -> 0.76410782 | M10: {=INDIRECT("'"&SUBSTITUTE($B10,".fits","")&"'!I24")} -> 0.7335435 | N10: {=INDIRECT("'"&SUBSTITUTE($B10,".fits","")&"'!I26")} -> 0.69075347 | O10: {=INDIRECT("'"&SUBSTITUTE($B10,".fits","")&"'!I28")} -> 0.64796343 | P10: {=INDIRECT("'"&SUBSTITUTE($B10,".fits","")&"'!I30")} -> 0.5882102 | Q10: {=INDIRECT("'"&SUBSTITUTE($B10,".fits","")&"'!I32")} -> 0.52112153 | S10: =D10 -> 1 | T10: 6 | U10: =L10 -> 0.76410782 | V10: =$L$45+$L$46*L10 -> 0.89807842 | W10: =S10-V10 -> 0.10192158 | X10: =W10/V10 -> 0.1134885 | Z10: =D10 -> 1 | AA10: =G10 -> 0.47238073 | AB10: =SQRT(EXP(AA10^2)-1)/Z10 -> 0.5
B11: =efbm_H0.5Mach1_7!$C$2 -> efbm_H0.5Mach1_7.fits | C11: =efbm_H0.5Mach1_7!$D$2 -> 0.5 | D11: =efbm_H0.5Mach1_7!$E$2 -> 1 | E11: {=INDIRECT("'"&SUBSTITUTE($B11,".fits","")&"'!$I$2")} -> -0.2659248 | F11: {=INDIRECT("'"&SUBSTITUTE($B11,".fits","")&"'!$J$2")} -> -0.44122871 | G11: =efbm_H0.5Mach1_7!$G$2 -> 0.47238073 | H11: {=INDIRECT("'"&SUBSTITUTE($B11,".fits","")&"'!I14")} -> 0.84943957 | I11: {=INDIRECT("'"&SUBSTITUTE($B11,".fits","")&"'!I16")} -> 0.81599488 | J11: {=INDIRECT("'"&SUBSTITUTE($B11,".fits","")&"'!I18")} -> 0.79379094 | K11: {=INDIRECT("'"&SUBSTITUTE($B11,".fits","")&"'!I20")} -> 0.76659111 | L11: {=INDIRECT("'"&SUBSTITUTE($B11,".fits","")&"'!I22")} -> 0.74938305 | M11: {=INDIRECT("'"&SUBSTITUTE($B11,".fits","")&"'!I24")} -> 0.72162813 | N11: {=INDIRECT("'"&SUBSTITUTE($B11,".fits","")&"'!I26")} -> 0.69942418 | O11: {=INDIRECT("'"&SUBSTITUTE($B11,".fits","")&"'!I28")} -> 0.67166926 | P11: {=INDIRECT("'"&SUBSTITUTE($B11,".fits","")&"'!I30")} -> 0.63961231 | Q11: {=INDIRECT("'"&SUBSTITUTE($B11,".fits","")&"'!I32")} -> 0.58979222 | S11: =D11 -> 1 | T11: 7 | U11: =L11 -> 0.74938305 | V11: =$L$45+$L$46*L11 -> 0.95278261 | W11: =S11-V11 -> 0.04721739 | X11: =W11/V11 -> 0.049557359 | Z11: =D11 -> 1 | AA11: =G11 -> 0.47238073 | AB11: =SQRT(EXP(AA11^2)-1)/Z11 -> 0.5
B12: =efbm_H0.5Mach1_8!$C$2 -> efbm_H0.5Mach1_8.fits | C12: =efbm_H0.5Mach1_8!$D$2 -> 0.5 | D12: =efbm_H0.5Mach1_8!$E$2 -> 1 | E12: {=INDIRECT("'"&SUBSTITUTE($B12,".fits","")&"'!$I$2")} -> 0.12094689 | F12: {=INDIRECT("'"&SUBSTITUTE($B12,".fits","")&"'!$J$2")} -> -0.0057501124 | G12: =efbm_H0.5Mach1_8!$G$2 -> 0.47238073 | H12: {=INDIRECT("'"&SUBSTITUTE($B12,".fits","")&"'!I14")} -> 1.0395949 | I12: {=INDIRECT("'"&SUBSTITUTE($B12,".fits","")&"'!I16")} -> 0.94923015 | J12: {=INDIRECT("'"&SUBSTITUTE($B12,".fits","")&"'!I18")} -> 0.89565102 | K12: {=INDIRECT("'"&SUBSTITUTE($B12,".fits","")&"'!I20")} -> 0.8055528 | L12: {=INDIRECT("'"&SUBSTITUTE($B12,".fits","")&"'!I22")} -> 0.75237352 | M12: {=INDIRECT("'"&SUBSTITUTE($B12,".fits","")&"'!I24")} -> 0.68853172 | N12: {=INDIRECT("'"&SUBSTITUTE($B12,".fits","")&"'!I26")} -> 0.63975073 | O12: {=INDIRECT("'"&SUBSTITUTE($B12,".fits","")&"'!I28")} -> 0.58643817 | P12: {=INDIRECT("'"&SUBSTITUTE($B12,".fits","")&"'!I30")} -> 0.52779435 | Q12: {=INDIRECT("'"&SUBSTITUTE($B12,".fits","")&"'!I32")} -> 0.48114586 | S12: =D12 -> 1 | T12: 8 | U12: =L12 -> 0.75237352 | V12: =$L$45+$L$46*L12 -> 0.9416727 | W12: =S12-V12 -> 0.058327297 | X12: =W12/V12 -> 0.061940095 | Z12: =D12 -> 1 | AA12: =G12 -> 0.47238073 | AB12: =SQRT(EXP(AA12^2)-1)/Z12 -> 0.5
B13: =efbm_H0.5Mach1_9!$C$2 -> efbm_H0.5Mach1_9.fits | C13: =efbm_H0.5Mach1_9!$D$2 -> 0.5 | D13: =efbm_H0.5Mach1_9!$E$2 -> 1 | E13: {=INDIRECT("'"&SUBSTITUTE($B13,".fits","")&"'!$I$2")} -> -0.15613434 | F13: {=INDIRECT("'"&SUBSTITUTE($B13,".fits","")&"'!$J$2")} -> -0.74998719 | G13: =efbm_H0.5Mach1_9!$G$2 -> 0.47238073 | H13: {=INDIRECT("'"&SUBSTITUTE($B13,".fits","")&"'!I14")} -> 0.94317816 | I13: {=INDIRECT("'"&SUBSTITUTE($B13,".fits","")&"'!I16")} -> 0.88373136 | J13: {=INDIRECT("'"&SUBSTITUTE($B13,".fits","")&"'!I18")} -> 0.82362036 | K13: {=INDIRECT("'"&SUBSTITUTE($B13,".fits","")&"'!I20")} -> 0.77048356 | L13: {=INDIRECT("'"&SUBSTITUTE($B13,".fits","")&"'!I22")} -> 0.70489283 | M13: {=INDIRECT("'"&SUBSTITUTE($B13,".fits","")&"'!I24")} -> 0.65092577 | N13: {=INDIRECT("'"&SUBSTITUTE($B13,".fits","")&"'!I26")} -> 0.59230924 | O13: {=INDIRECT("'"&SUBSTITUTE($B13,".fits","")&"'!I28")} -> 0.54465217 | P13: {=INDIRECT("'"&SUBSTITUTE($B13,".fits","")&"'!I30")} -> 0.49151538 | Q13: {=INDIRECT("'"&SUBSTITUTE($B13,".fits","")&"'!I32")} -> 0.4466812 | S13: =D13 -> 1 | T13: 9 | U13: =L13 -> 0.70489283 | V13: =$L$45+$L$46*L13 -> 1.1180689 | W13: =S13-V13 -> -0.11806892 | X13: =W13/V13 -> -0.10560075 | Z13: =D13 -> 1 | AA13: =G13 -> 0.47238073 | AB13: =SQRT(EXP(AA13^2)-1)/Z13 -> 0.5
B14: ='efbm_H0.5Mach2.5_0'!$C$2 -> efbm_H0.5Mach2.5_0.fits | C14: ='efbm_H0.5Mach2.5_0'!$D$2 -> 0.5 | D14: ='efbm_H0.5Mach2.5_0'!$E$2 -> 2.5 | E14: {=INDIRECT("'"&SUBSTITUTE($B14,".fits","")&"'!$I$2")} -> 0.072205595 | F14: {=INDIRECT("'"&SUBSTITUTE($B14,".fits","")&"'!$J$2")} -> -0.54554104 | G14: ='efbm_H0.5Mach2.5_0'!$G$2 -> 0.97004296 | H14: {=INDIRECT("'"&SUBSTITUTE($B14,".fits","")&"'!I14")} -> 0.40474357 | I14: {=INDIRECT("'"&SUBSTITUTE($B14,".fits","")&"'!I16")} -> 0.38598062 | J14: {=INDIRECT("'"&SUBSTITUTE($B14,".fits","")&"'!I18")} -> 0.37525894 | K14: {=INDIRECT("'"&SUBSTITUTE($B14,".fits","")&"'!I20")} -> 0.36212488 | L14: {=INDIRECT("'"&SUBSTITUTE($B14,".fits","")&"'!I22")} -> 0.35381557 | M14: {=INDIRECT("'"&SUBSTITUTE($B14,".fits","")&"'!I24")} -> 0.34309389 | N14: {=INDIRECT("'"&SUBSTITUTE($B14,".fits","")&"'!I26")} -> 0.33505262 | O14: {=INDIRECT("'"&SUBSTITUTE($B14,".fits","")&"'!I28")} -> 0.31628968 | P14: {=INDIRECT("'"&SUBSTITUTE($B14,".fits","")&"'!I30")} -> 0.30020715 | Q14: {=INDIRECT("'"&SUBSTITUTE($B14,".fits","")&"'!I32")} -> 0.27340294 | S14: =D14 -> 2.5 | T14: 0 | U14: =L14 -> 0.35381557 | V14: =$L$45+$L$46*L14 -> 2.4223613 | W14: =S14-V14 -> 0.07763869 | X14: =W14/V14 -> 0.03205083 | Z14: =D14 -> 2.5 | AA14: =G14 -> 0.97004296 | AB14: =SQRT(EXP(AA14^2)-1)/Z14 -> 0.5
B15: ='efbm_H0.5Mach2.5_1'!$C$2 -> efbm_H0.5Mach2.5_1.fits | C15: ='efbm_H0.5Mach2.5_1'!$D$2 -> 0.5 | D15: ='efbm_H0.5Mach2.5_1'!$E$2 -> 2.5 | E15: {=INDIRECT("'"&SUBSTITUTE($B15,".fits","")&"'!$I$2")} -> -0.36060418 | F15: {=INDIRECT("'"&SUBSTITUTE($B15,".fits","")&"'!$J$2")} -> -0.15326012 | G15: ='efbm_H0.5Mach2.5_0'!$G$2 -> 0.97004296 | H15: {=INDIRECT("'"&SUBSTITUTE($B15,".fits","")&"'!I14")} -> 0.43509081 | I15: {=INDIRECT("'"&SUBSTITUTE($B15,".fits","")&"'!I16")} -> 0.4190752 | J15: {=INDIRECT("'"&SUBSTITUTE($B15,".fits","")&"'!I18")} -> 0.39772105 | K15: {=INDIRECT("'"&SUBSTITUTE($B15,".fits","")&"'!I20")} -> 0.37903616 | L15: {=INDIRECT("'"&SUBSTITUTE($B15,".fits","")&"'!I22")} -> 0.36568982 | M15: {=INDIRECT("'"&SUBSTITUTE($B15,".fits","")&"'!I24")} -> 0.34967421 | N15: {=INDIRECT("'"&SUBSTITUTE($B15,".fits","")&"'!I26")} -> 0.32832006 | O15: {=INDIRECT("'"&SUBSTITUTE($B15,".fits","")&"'!I28")} -> 0.30483049 | P15: {=INDIRECT("'"&SUBSTITUTE($B15,".fits","")&"'!I30")} -> 0.27880512 | Q15: {=INDIRECT("'"&SUBSTITUTE($B15,".fits","")&"'!I32")} -> 0.26158834 | S15: =D15 -> 2.5 | T15: 1 | U15: =L15 -> 0.36568982 | V15: =$L$45+$L$46*L15 -> 2.3782471 | W15: =S15-V15 -> 0.12175289 | X15: =W15/V15 -> 0.051194382 | Z15: =D15 -> 2.5 | AA15: =G15 -> 0.97004296 | AB15: =SQRT(EXP(AA15^2)-1)/Z15 -> 0.5
B16: ='efbm_H0.5Mach2.5_2'!$C$2 -> efbm_H0.5Mach2.5_2.fits | C16: ='efbm_H0.5Mach2.5_2'!$D$2 -> 0.5 | D16: ='efbm_H0.5Mach2.5_2'!$E$2 -> 2.5 | E16: {=INDIRECT("'"&SUBSTITUTE($B16,".fits","")&"'!$I$2")} -> -0.10198019 | F16: {=INDIRECT("'"&SUBSTITUTE($B16,".fits","")&"'!$J$2")} -> -0.71606429 | G16: ='efbm_H0.5Mach2.5_0'!$G$2 -> 0.97004296 | H16: {=INDIRECT("'"&SUBSTITUTE($B16,".fits","")&"'!I14")} -> 0.37202292 | I16: {=INDIRECT("'"&SUBSTITUTE($B16,".fits","")&"'!I16")} -> 0.36368839 | J16: {=INDIRECT("'"&SUBSTITUTE($B16,".fits","")&"'!I18")} -> 0.35266753 | K16: {=INDIRECT("'"&SUBSTITUTE($B16,".fits","")&"'!I20")} -> 0.34440189 | L16: {=INDIRECT("'"&SUBSTITUTE($B16,".fits","")&"'!I22")} -> 0.33613624 | M16: {=INDIRECT("'"&SUBSTITUTE($B16,".fits","")&"'!I24")} -> 0.32787059 | N16: {=INDIRECT("'"&SUBSTITUTE($B16,".fits","")&"'!I26")} -> 0.31960495 | O16: {=INDIRECT("'"&SUBSTITUTE($B16,".fits","")&"'!I28")} -> 0.3113393 | P16: {=INDIRECT("'"&SUBSTITUTE($B16,".fits","")&"'!I30")} -> 0.29818315 | Q16: {=INDIRECT("'"&SUBSTITUTE($B16,".fits","")&"'!I32")} -> 0.28654237 | S16: =D16 -> 2.5 | T16: 2 | U16: =L16 -> 0.33613624 | V16: =$L$45+$L$46*L16 -> 2.4880421 | W16: =S16-V16 -> 0.01195794 | X16: =W16/V16 -> 0.0048061648 | Z16: =D16 -> 2.5 | AA16: =G16 -> 0.97004296 | AB16: =SQRT(EXP(AA16^2)-1)/Z16 -> 0.5
B17: ='efbm_H0.5Mach2.5_3'!$C$2 -> efbm_H0.5Mach2.5_3.fits | C17: ='efbm_H0.5Mach2.5_3'!$D$2 -> 0.5 | D17: ='efbm_H0.5Mach2.5_3'!$E$2 -> 2.5 | E17: {=INDIRECT("'"&SUBSTITUTE($B17,".fits","")&"'!$I$2")} -> 0.58056948 | F17: {=INDIRECT("'"&SUBSTITUTE($B17,".fits","")&"'!$J$2")} -> -0.46379137 | G17: ='efbm_H0.5Mach2.5_0'!$G$2 -> 0.97004296 | H17: {=INDIRECT("'"&SUBSTITUTE($B17,".fits","")&"'!I14")} -> 0.56356965 | I17: {=INDIRECT("'"&SUBSTITUTE($B17,".fits","")&"'!I16")} -> 0.51812048 | J17: {=INDIRECT("'"&SUBSTITUTE($B17,".fits","")&"'!I18")} -> 0.47592851 | K17: {=INDIRECT("'"&SUBSTITUTE($B17,".fits","")&"'!I20")} -> 0.42146526 | L17: {=INDIRECT("'"&SUBSTITUTE($B17,".fits","")&"'!I22")} -> 0.38783287 | M17: {=INDIRECT("'"&SUBSTITUTE($B17,".fits","")&"'!I24")} -> 0.34889809 | N17: {=INDIRECT("'"&SUBSTITUTE($B17,".fits","")&"'!I26")} -> 0.3186744 | O17: {=INDIRECT("'"&SUBSTITUTE($B17,".fits","")&"'!I28")} -> 0.27936087 | P17: {=INDIRECT("'"&SUBSTITUTE($B17,".fits","")&"'!I30")} -> 0.24542549 | Q17: {=INDIRECT("'"&SUBSTITUTE($B17,".fits","")&"'!I32")} -> 0.21815599 | S17: =D17 -> 2.5 | T17: 3 | U17: =L17 -> 0.38783287 | V17: =$L$45+$L$46*L17 -> 2.2959831 | W17: =S17-V17 -> 0.20401689 | X17: =W17/V17 -> 0.088858182 | Z17: =D17 -> 2.5 | AA17: =G17 -> 0.97004296 | AB17: =SQRT(EXP(AA17^2)-1)/Z17 -> 0.5
B18: ='efbm_H0.5Mach2.5_4'!$C$2 -> efbm_H0.5Mach2.5_4.fits | C18: ='efbm_H0.5Mach2.5_4'!$D$2 -> 0.5 | D18: ='efbm_H0.5Mach2.5_4'!$E$2 -> 2.5 | E18: {=INDIRECT("'"&SUBSTITUTE($B18,".fits","")&"'!$I$2")} -> -0.25375646 | F18: {=INDIRECT("'"&SUBSTITUTE($B18,".fits","")&"'!$J$2")} -> -0.3259587 | G18: ='efbm_H0.5Mach2.5_0'!$G$2 -> 0.97004296 | H18: {=INDIRECT("'"&SUBSTITUTE($B18,".fits","")&"'!I14")} -> 0.44459908 | I18: {=INDIRECT("'"&SUBSTITUTE($B18,".fits","")&"'!I16")} -> 0.42550586 | J18: {=INDIRECT("'"&SUBSTITUTE($B18,".fits","")&"'!I18")} -> 0.40388962 | K18: {=INDIRECT("'"&SUBSTITUTE($B18,".fits","")&"'!I20")} -> 0.39004704 | L18: {=INDIRECT("'"&SUBSTITUTE($B18,".fits","")&"'!I22")} -> 0.37368143 | M18: {=INDIRECT("'"&SUBSTITUTE($B18,".fits","")&"'!I24")} -> 0.35772496 | N18: {=INDIRECT("'"&SUBSTITUTE($B18,".fits","")&"'!I26")} -> 0.33822261 | O18: {=INDIRECT("'"&SUBSTITUTE($B18,".fits","")&"'!I28")} -> 0.30931003 | P18: {=INDIRECT("'"&SUBSTITUTE($B18,".fits","")&"'!I30")} -> 0.28701189 | Q18: {=INDIRECT("'"&SUBSTITUTE($B18,".fits","")&"'!I32")} -> 0.26253166 | S18: =D18 -> 2.5 | T18: 4 | U18: =L18 -> 0.37368143 | V18: =$L$45+$L$46*L18 -> 2.3485574 | W18: =S18-V18 -> 0.15144265 | X18: =W18/V18 -> 0.064483265 | Z18: =D18 -> 2.5 | AA18: =G18 -> 0.97004296 | AB18: =SQRT(EXP(AA18^2)-1)/Z18 -> 0.5
B19: ='efbm_H0.5Mach2.5_5'!$C$2 -> efbm_H0.5Mach2.5_5.fits | C19: ='efbm_H0.5Mach2.5_5'!$D$2 -> 0.5 | D19: ='efbm_H0.5Mach2.5_5'!$E$2 -> 2.5 | E19: {=INDIRECT("'"&SUBSTITUTE($B19,".fits","")&"'!$I$2")} -> -0.49174519 | F19: {=INDIRECT("'"&SUBSTITUTE($B19,".fits","")&"'!$J$2")} -> 0.56315614 | G19: ='efbm_H0.5Mach2.5_0'!$G$2 -> 0.97004296 | H19: {=INDIRECT("'"&SUBSTITUTE($B19,".fits","")&"'!I14")} -> 0.48978253 | I19: {=INDIRECT("'"&SUBSTITUTE($B19,".fits","")&"'!I16")} -> 0.4609718 | J19: {=INDIRECT("'"&SUBSTITUTE($B19,".fits","")&"'!I18")} -> 0.44416553 | K19: {=INDIRECT("'"&SUBSTITUTE($B19,".fits","")&"'!I20")} -> 0.43000025 | L19: {=INDIRECT("'"&SUBSTITUTE($B19,".fits","")&"'!I22")} -> 0.40815211 | M19: {=INDIRECT("'"&SUBSTITUTE($B19,".fits","")&"'!I24")} -> 0.37213869 | N19: {=INDIRECT("'"&SUBSTITUTE($B19,".fits","")&"'!I26")} -> 0.34374811 | O19: {=INDIRECT("'"&SUBSTITUTE($B19,".fits","")&"'!I28")} -> 0.30539381 | P19: {=INDIRECT("'"&SUBSTITUTE($B19,".fits","")&"'!I30")} -> 0.26649932 | Q19: {=INDIRECT("'"&SUBSTITUTE($B19,".fits","")&"'!I32")} -> 0.2304859 | S19: =D19 -> 2.5 | T19: 5 | U19: =L19 -> 0.40815211 | V19: =$L$45+$L$46*L19 -> 2.2204948 | W19: =S19-V19 -> 0.27950518 | X19: =W19/V19 -> 0.12587518 | Z19: =D19 -> 2.5 | AA19: =G19 -> 0.97004296 | AB19: =SQRT(EXP(AA19^2)-1)/Z19 -> 0.5
B20: ='efbm_H0.5Mach2.5_6'!$C$2 -> efbm_H0.5Mach2.5_6.fits | C20: ='efbm_H0.5Mach2.5_6'!$D$2 -> 0.5 | D20: ='efbm_H0.5Mach2.5_6'!$E$2 -> 2.5 | E20: {=INDIRECT("'"&SUBSTITUTE($B20,".fits","")&"'!$I$2")} -> -0.40201208 | F20: {=INDIRECT("'"&SUBSTITUTE($B20,".fits","")&"'!$J$2")} -> -0.44223323 | G20: ='efbm_H0.5Mach2.5_0'!$G$2 -> 0.97004296 | H20: {=INDIRECT("'"&SUBSTITUTE($B20,".fits","")&"'!I14")} -> 0.43766016 | I20: {=INDIRECT("'"&SUBSTITUTE($B20,".fits","")&"'!I16")} -> 0.4197251 | J20: {=INDIRECT("'"&SUBSTITUTE($B20,".fits","")&"'!I18")} -> 0.40484123 | K20: {=INDIRECT("'"&SUBSTITUTE($B20,".fits","")&"'!I20")} -> 0.38995737 | L20: {=INDIRECT("'"&SUBSTITUTE($B20,".fits","")&"'!I22")} -> 0.37209672 | M20: {=INDIRECT("'"&SUBSTITUTE($B20,".fits","")&"'!I24")} -> 0.35721285 | N20: {=INDIRECT("'"&SUBSTITUTE($B20,".fits","")&"'!I26")} -> 0.33637544 | O20: {=INDIRECT("'"&SUBSTITUTE($B20,".fits","")&"'!I28")} -> 0.31553802 | P20: {=INDIRECT("'"&SUBSTITUTE($B20,".fits","")&"'!I30")} -> 0.28644006 | Q20: {=INDIRECT("'"&SUBSTITUTE($B20,".fits","")&"'!I32")} -> 0.25376996 | S20: =D20 -> 2.5 | T20: 6 | U20: =L20 -> 0.37209672 | V20: =$L$45+$L$46*L20 -> 2.3544447 | W20: =S20-V20 -> 0.14555527 | X20: =W20/V20 -> 0.061821485 | Z20: =D20 -> 2.5 | AA20: =G20 -> 0.97004296 | AB20: =SQRT(EXP(AA20^2)-1)/Z20 -> 0.5
B21: ='efbm_H0.5Mach2.5_7'!$C$2 -> efbm_H0.5Mach2.5_7.fits | C21: ='efbm_H0.5Mach2.5_7'!$D$2 -> 0.5 | D21: ='efbm_H0.5Mach2.5_7'!$E$2 -> 2.5 | E21: {=INDIRECT("'"&SUBSTITUTE($B21,".fits","")&"'!$I$2")} -> -0.2659248 | F21: {=INDIRECT("'"&SUBSTITUTE($B21,".fits","")&"'!$J$2")} -> -0.44122871 | G21: ='efbm_H0.5Mach2.5_0'!$G$2 -> 0.97004296 | H21: {=INDIRECT("'"&SUBSTITUTE($B21,".fits","")&"'!I14")} -> 0.41365063 | I21: {=INDIRECT("'"&SUBSTITUTE($B21,".fits","")&"'!I16")} -> 0.39736411 | J21: {=INDIRECT("'"&SUBSTITUTE($B21,".fits","")&"'!I18")} -> 0.38655148 | K21: {=INDIRECT("'"&SUBSTITUTE($B21,".fits","")&"'!I20")} -> 0.37330601 | L21: {=INDIRECT("'"&SUBSTITUTE($B21,".fits","")&"'!I22")} -> 0.36492622 | M21: {=INDIRECT("'"&SUBSTITUTE($B21,".fits","")&"'!I24")} -> 0.35141044 | N21: {=INDIRECT("'"&SUBSTITUTE($B21,".fits","")&"'!I26")} -> 0.34059781 | O21: {=INDIRECT("'"&SUBSTITUTE($B21,".fits","")&"'!I28")} -> 0.32708202 | P21: {=INDIRECT("'"&SUBSTITUTE($B21,".fits","")&"'!I30")} -> 0.31147129 | Q21: {=INDIRECT("'"&SUBSTITUTE($B21,".fits","")&"'!I32")} -> 0.28721045 | S21: =D21 -> 2.5 | T21: 7 | U21: =L21 -> 0.36492622 | V21: =$L$45+$L$46*L21 -> 2.381084 | W21: =S21-V21 -> 0.11891603 | X21: =W21/V21 -> 0.049941974 | Z21: =D21 -> 2.5 | AA21: =G21 -> 0.97004296 | AB21: =SQRT(EXP(AA21^2)-1)/Z21 -> 0.5
B22: ='efbm_H0.5Mach2.5_8'!$C$2 -> efbm_H0.5Mach2.5_8.fits | C22: ='efbm_H0.5Mach2.5_8'!$D$2 -> 0.5 | D22: ='efbm_H0.5Mach2.5_8'!$E$2 -> 2.5 | E22: {=INDIRECT("'"&SUBSTITUTE($B22,".fits","")&"'!$I$2")} -> 0.12094689 | F22: {=INDIRECT("'"&SUBSTITUTE($B22,".fits","")&"'!$J$2")} -> -0.0057501124 | G22: ='efbm_H0.5Mach2.5_0'!$G$2 -> 0.97004296 | H22: {=INDIRECT("'"&SUBSTITUTE($B22,".fits","")&"'!I14")} -> 0.50625038 | I22: {=INDIRECT("'"&SUBSTITUTE($B22,".fits","")&"'!I16")} -> 0.46224553 | J22: {=INDIRECT("'"&SUBSTITUTE($B22,".fits","")&"'!I18")} -> 0.43615417 | K22: {=INDIRECT("'"&SUBSTITUTE($B22,".fits","")&"'!I20")} -> 0.39227914 | L22: {=INDIRECT("'"&SUBSTITUTE($B22,".fits","")&"'!I22")} -> 0.36638248 | M22: {=INDIRECT("'"&SUBSTITUTE($B22,".fits","")&"'!I24")} -> 0.33529352 | N22: {=INDIRECT("'"&SUBSTITUTE($B22,".fits","")&"'!I26")} -> 0.31153869 | O22: {=INDIRECT("'"&SUBSTITUTE($B22,".fits","")&"'!I28")} -> 0.28557713 | P22: {=INDIRECT("'"&SUBSTITUTE($B22,".fits","")&"'!I30")} -> 0.25701942 | Q22: {=INDIRECT("'"&SUBSTITUTE($B22,".fits","")&"'!I32")} -> 0.23430306 | S22: =D22 -> 2.5 | T22: 8 | U22: =L22 -> 0.36638248 | V22: =$L$45+$L$46*L22 -> 2.3756738 | W22: =S22-V22 -> 0.12432621 | X22: =W22/V22 -> 0.052333032 | Z22: =D22 -> 2.5 | AA22: =G22 -> 0.97004296 | AB22: =SQRT(EXP(AA22^2)-1)/Z22 -> 0.5
B23: ='efbm_H0.5Mach2.5_9'!$C$2 -> efbm_H0.5Mach2.5_9.fits | C23: ='efbm_H0.5Mach2.5_9'!$D$2 -> 0.5 | D23: ='efbm_H0.5Mach2.5_9'!$E$2 -> 2.5 | E23: {=INDIRECT("'"&SUBSTITUTE($B23,".fits","")&"'!$I$2")} -> -0.15613434 | F23: {=INDIRECT("'"&SUBSTITUTE($B23,".fits","")&"'!$J$2")} -> -0.74998719 | G23: ='efbm_H0.5Mach2.5_0'!$G$2 -> 0.97004296 | H23: {=INDIRECT("'"&SUBSTITUTE($B23,".fits","")&"'!I14")} -> 0.4592984 | I23: {=INDIRECT("'"&SUBSTITUTE($B23,".fits","")&"'!I16")} -> 0.43034967 | J23: {=INDIRECT("'"&SUBSTITUTE($B23,".fits","")&"'!I18")} -> 0.40107748 | K23: {=INDIRECT("'"&SUBSTITUTE($B23,".fits","")&"'!I20")} -> 0.37520151 | L23: {=INDIRECT("'"&SUBSTITUTE($B23,".fits","")&"'!I22")} -> 0.34326087 | M23: {=INDIRECT("'"&SUBSTITUTE($B23,".fits","")&"'!I24")} -> 0.31698059 | N23: {=INDIRECT("'"&SUBSTITUTE($B23,".fits","")&"'!I26")} -> 0.28843616 | O23: {=INDIRECT("'"&SUBSTITUTE($B23,".fits","")&"'!I28")} -> 0.26522866 | P23: {=INDIRECT("'"&SUBSTITUTE($B23,".fits","")&"'!I30")} -> 0.23935269 | Q23: {=INDIRECT("'"&SUBSTITUTE($B23,".fits","")&"'!I32")} -> 0.21751984 | S23: =D23 -> 2.5 | T23: 9 | U23: =L23 -> 0.34326087 | V23: =$L$45+$L$46*L23 -> 2.4615733 | W23: =S23-V23 -> 0.038426747 | X23: =W23/V23 -> 0.015610645 | Z23: =D23 -> 2.5 | AA23: =G23 -> 0.97004296 | AB23: =SQRT(EXP(AA23^2)-1)/Z23 -> 0.5
B24: =efbm_H1Mach1_0!$C$2 -> efbm_H1Mach1_0.fits | C24: =efbm_H1Mach1_0!$D$2 -> 1 | D24: =efbm_H1Mach1_0!$E$2 -> 1 | E24: {=INDIRECT("'"&SUBSTITUTE($B24,".fits","")&"'!$I$2")} -> 0.22885028 | F24: {=INDIRECT("'"&SUBSTITUTE($B24,".fits","")&"'!$J$2")} -> -0.80673475 | G24: =efbm_H1Mach1_0!$G$2 -> 0.47238073 | H24: {=INDIRECT("'"&SUBSTITUTE($B24,".fits","")&"'!I14")} -> 0.8474233 | I24: {=INDIRECT("'"&SUBSTITUTE($B24,".fits","")&"'!I16")} -> 0.78093345 | J24: {=INDIRECT("'"&SUBSTITUTE($B24,".fits","")&"'!I18")} -> 0.72936237 | K24: {=INDIRECT("'"&SUBSTITUTE($B24,".fits","")&"'!I20")} -> 0.67852802 | L24: {=INDIRECT("'"&SUBSTITUTE($B24,".fits","")&"'!I22")} -> 0.63358752 | M24: {=INDIRECT("'"&SUBSTITUTE($B24,".fits","")&"'!I24")} -> 0.59675103 | N24: {=INDIRECT("'"&SUBSTITUTE($B24,".fits","")&"'!I26")} -> 0.55991455 | O24: {=INDIRECT("'"&SUBSTITUTE($B24,".fits","")&"'!I28")} -> 0.52307806 | P24: {=INDIRECT("'"&SUBSTITUTE($B24,".fits","")&"'!I30")} -> 0.46413969 | Q24: {=INDIRECT("'"&SUBSTITUTE($B24,".fits","")&"'!I32")} -> 0.42177774 | S24: =D24 -> 1 | T24: 0 | U24: =L24 -> 0.63358752 | V24: =$L$45+$L$46*L24 -> 1.3829764 | W24: =S24-V24 -> -0.38297636 | X24: =W24/V24 -> -0.27692184 | Y24: >15% | Z24: =D24 -> 1 | AA24: =G24 -> 0.47238073 | AB24: =SQRT(EXP(AA24^2)-1)/Z24 -> 0.5
B25: =efbm_H1Mach1_1!$C$2 -> efbm_H1Mach1_1.fits | C25: =efbm_H1Mach1_1!$D$2 -> 1 | D25: =efbm_H1Mach1_1!$E$2 -> 1 | E25: {=INDIRECT("'"&SUBSTITUTE($B25,".fits","")&"'!$I$2")} -> -0.39734918 | F25: {=INDIRECT("'"&SUBSTITUTE($B25,".fits","")&"'!$J$2")} -> -0.45420755 | G25: =efbm_H1Mach1_1!$G$2 -> 0.47238073 | H25: {=INDIRECT("'"&SUBSTITUTE($B25,".fits","")&"'!I14")} -> 0.90980852 | I25: {=INDIRECT("'"&SUBSTITUTE($B25,".fits","")&"'!I16")} -> 0.79241387 | J25: {=INDIRECT("'"&SUBSTITUTE($B25,".fits","")&"'!I18")} -> 0.73371655 | K25: {=INDIRECT("'"&SUBSTITUTE($B25,".fits","")&"'!I20")} -> 0.69703072 | L25: {=INDIRECT("'"&SUBSTITUTE($B25,".fits","")&"'!I22")} -> 0.64567056 | M25: {=INDIRECT("'"&SUBSTITUTE($B25,".fits","")&"'!I24")} -> 0.6163219 | N25: {=INDIRECT("'"&SUBSTITUTE($B25,".fits","")&"'!I26")} -> 0.57229891 | O25: {=INDIRECT("'"&SUBSTITUTE($B25,".fits","")&"'!I28")} -> 0.55028741 | P25: {=INDIRECT("'"&SUBSTITUTE($B25,".fits","")&"'!I30")} -> 0.50791528 | Q25: {=INDIRECT("'"&SUBSTITUTE($B25,".fits","")&"'!I32")} -> 0.47691576 | S25: =D25 -> 1 | T25: 1 | U25: =L25 -> 0.64567056 | V25: =$L$45+$L$46*L25 -> 1.3380865 | W25: =S25-V25 -> -0.33808645 | X25: =W25/V25 -> -0.25266413 | Y25: >15% | Z25: =D25 -> 1 | AA25: =G25 -> 0.47238073 | AB25: =SQRT(EXP(AA25^2)-1)/Z25 -> 0.5
B26: =efbm_H1Mach1_2!$C$2 -> efbm_H1Mach1_2.fits | C26: =efbm_H1Mach1_2!$D$2 -> 1 | D26: =efbm_H1Mach1_2!$E$2 -> 1 | E26: {=INDIRECT("'"&SUBSTITUTE($B26,".fits","")&"'!$I$2")} -> -0.10823695 | F26: {=INDIRECT("'"&SUBSTITUTE($B26,".fits","")&"'!$J$2")} -> -1.0918272 | G26: =efbm_H1Mach1_2!$G$2 -> 0.47238073 | H26: {=INDIRECT("'"&SUBSTITUTE($B26,".fits","")&"'!I14")} -> 0.82708808 | I26: {=INDIRECT("'"&SUBSTITUTE($B26,".fits","")&"'!I16")} -> 0.77246905 | J26: {=INDIRECT("'"&SUBSTITUTE($B26,".fits","")&"'!I18")} -> 0.71785003 | K26: {=INDIRECT("'"&SUBSTITUTE($B26,".fits","")&"'!I20")} -> 0.67103372 | L26: {=INDIRECT("'"&SUBSTITUTE($B26,".fits","")&"'!I22")} -> 0.64079819 | M26: {=INDIRECT("'"&SUBSTITUTE($B26,".fits","")&"'!I24")} -> 0.60080926 | N26: {=INDIRECT("'"&SUBSTITUTE($B26,".fits","")&"'!I26")} -> 0.51497937 | O26: {=INDIRECT("'"&SUBSTITUTE($B26,".fits","")&"'!I28")} -> 0.45411817 | P26: {=INDIRECT("'"&SUBSTITUTE($B26,".fits","")&"'!I30")} -> 0.41354404 | Q26: {=INDIRECT("'"&SUBSTITUTE($B26,".fits","")&"'!I32")} -> 0.3511223 | S26: =D26 -> 1 | T26: 2 | U26: =L26 -> 0.64079819 | V26: =$L$45+$L$46*L26 -> 1.3561879 | W26: =S26-V26 -> -0.35618787 | X26: =W26/V26 -> -0.26263903 | Y26: >15% | Z26: =D26 -> 1 | AA26: =G26 -> 0.47238073 | AB26: =SQRT(EXP(AA26^2)-1)/Z26 -> 0.5
B27: =efbm_H1Mach1_3!$C$2 -> efbm_H1Mach1_3.fits | C27: =efbm_H1Mach1_3!$D$2 -> 1 | D27: =efbm_H1Mach1_3!$E$2 -> 1 | E27: {=INDIRECT("'"&SUBSTITUTE($B27,".fits","")&"'!$I$2")} -> 0.55802179 | F27: {=INDIRECT("'"&SUBSTITUTE($B27,".fits","")&"'!$J$2")} -> -0.80947274 | G27: =efbm_H1Mach1_0!$G$2 -> 0.47238073 | H27: {=INDIRECT("'"&SUBSTITUTE($B27,".fits","")&"'!I14")} -> 1.418686 | I27: {=INDIRECT("'"&SUBSTITUTE($B27,".fits","")&"'!I16")} -> 1.2672533 | J27: {=INDIRECT("'"&SUBSTITUTE($B27,".fits","")&"'!I18")} -> 1.0691951 | K27: {=INDIRECT("'"&SUBSTITUTE($B27,".fits","")&"'!I20")} -> 0.8934534 | L27: {=INDIRECT("'"&SUBSTITUTE($B27,".fits","")&"'!I22")} -> 0.73325346 | M27: {=INDIRECT("'"&SUBSTITUTE($B27,".fits","")&"'!I24")} -> 0.56588039 | N27: {=INDIRECT("'"&SUBSTITUTE($B27,".fits","")&"'!I26")} -> 0.47023863 | O27: {=INDIRECT("'"&SUBSTITUTE($B27,".fits","")&"'!I28")} -> 0.41444761 | P27: {=INDIRECT("'"&SUBSTITUTE($B27,".fits","")&"'!I30")} -> 0.36662673 | Q27: {=INDIRECT("'"&SUBSTITUTE($B27,".fits","")&"'!I32")} -> 0.32079839 | S27: =D27 -> 1 | T27: 3 | U27: =L27 -> 0.73325346 | V27: =$L$45+$L$46*L27 -> 1.0127059 | W27: =S27-V27 -> -0.012705918 | X27: =W27/V27 -> -0.012546503 | Z27: =D27 -> 1 | AA27: =G27 -> 0.47238073 | AB27: =SQRT(EXP(AA27^2)-1)/Z27 -> 0.5
B28: =efbm_H1Mach1_4!$C$2 -> efbm_H1Mach1_4.fits | C28: =efbm_H1Mach1_4!$D$2 -> 1 | D28: =efbm_H1Mach1_4!$E$2 -> 1 | E28: {=INDIRECT("'"&SUBSTITUTE($B28,".fits","")&"'!$I$2")} -> -0.60582574 | F28: {=INDIRECT("'"&SUBSTITUTE($B28,".fits","")&"'!$J$2")} -> -0.46603174 | G28: =efbm_H1Mach1_0!$G$2 -> 0.47238073 | H28: {=INDIRECT("'"&SUBSTITUTE($B28,".fits","")&"'!I14")} -> 1.1113928 | I28: {=INDIRECT("'"&SUBSTITUTE($B28,".fits","")&"'!I16")} -> 1.0340173 | J28: {=INDIRECT("'"&SUBSTITUTE($B28,".fits","")&"'!I18")} -> 0.98477842 | K28: {=INDIRECT("'"&SUBSTITUTE($B28,".fits","")&"'!I20")} -> 0.91443711 | L28: {=INDIRECT("'"&SUBSTITUTE($B28,".fits","")&"'!I22")} -> 0.81683853 | M28: {=INDIRECT("'"&SUBSTITUTE($B28,".fits","")&"'!I24")} -> 0.71150241 | N28: {=INDIRECT("'"&SUBSTITUTE($B28,".fits","")&"'!I26")} -> 0.63307184 | O28: {=INDIRECT("'"&SUBSTITUTE($B28,".fits","")&"'!I28")} -> 0.57117148 | P28: {=INDIRECT("'"&SUBSTITUTE($B28,".fits","")&"'!I30")} -> 0.47990363 | Q28: {=INDIRECT("'"&SUBSTITUTE($B28,".fits","")&"'!I32")} -> 0.40797963 | S28: =D28 -> 1 | T28: 4 | U28: =L28 -> 0.81683853 | V28: =$L$45+$L$46*L28 -> 0.70217776 | W28: =S28-V28 -> 0.29782224 | X28: =W28/V28 -> 0.42414081 | Y28: >15% | Z28: =D28 -> 1 | AA28: =G28 -> 0.47238073 | AB28: =SQRT(EXP(AA28^2)-1)/Z28 -> 0.5
B29: =efbm_H1Mach1_5!$C$2 -> efbm_H1Mach1_5.fits | C29: =efbm_H1Mach1_5!$D$2 -> 1 | D29: =efbm_H1Mach1_5!$E$2 -> 1 | E29: {=INDIRECT("'"&SUBSTITUTE($B29,".fits","")&"'!$I$2")} -> -0.77708798 | F29: {=INDIRECT("'"&SUBSTITUTE($B29,".fits","")&"'!$J$2")} -> 0.49027506 | G29: =efbm_H1Mach1_0!$G$2 -> 0.47238073 | H29: {=INDIRECT("'"&SUBSTITUTE($B29,".fits","")&"'!I14")} -> 1.0496309 | I29: {=INDIRECT("'"&SUBSTITUTE($B29,".fits","")&"'!I16")} -> 0.96400308 | J29: {=INDIRECT("'"&SUBSTITUTE($B29,".fits","")&"'!I18")} -> 0.90845244 | K29: {=INDIRECT("'"&SUBSTITUTE($B29,".fits","")&"'!I20")} -> 0.85320871 | L29: {=INDIRECT("'"&SUBSTITUTE($B29,".fits","")&"'!I22")} -> 0.81637956 | M29: {=INDIRECT("'"&SUBSTITUTE($B29,".fits","")&"'!I24")} -> 0.77955041 | N29: {=INDIRECT("'"&SUBSTITUTE($B29,".fits","")&"'!I26")} -> 0.73658306 | O29: {=INDIRECT("'"&SUBSTITUTE($B29,".fits","")&"'!I28")} -> 0.70098155 | P29: {=INDIRECT("'"&SUBSTITUTE($B29,".fits","")&"'!I30")} -> 0.66292476 | Q29: {=INDIRECT("'"&SUBSTITUTE($B29,".fits","")&"'!I32")} -> 0.60921557 | S29: =D29 -> 1 | T29: 5 | U29: =L29 -> 0.81637956 | V29: =$L$45+$L$46*L29 -> 0.70388288 | W29: =S29-V29 -> 0.29611712 | X29: =W29/V29 -> 0.42069089 | Y29: >15% | Z29: =D29 -> 1 | AA29: =G29 -> 0.47238073 | AB29: =SQRT(EXP(AA29^2)-1)/Z29 -> 0.5
B30: =efbm_H1Mach1_6!$C$2 -> efbm_H1Mach1_6.fits | C30: =efbm_H1Mach1_6!$D$2 -> 1 | D30: =efbm_H1Mach1_6!$E$2 -> 1 | E30: {=INDIRECT("'"&SUBSTITUTE($B30,".fits","")&"'!$I$2")} -> -0.4114514 | F30: {=INDIRECT("'"&SUBSTITUTE($B30,".fits","")&"'!$J$2")} -> -0.62315483 | G30: =efbm_H1Mach1_0!$G$2 -> 0.47238073 | H30: {=INDIRECT("'"&SUBSTITUTE($B30,".fits","")&"'!I14")} -> 0.91831934 | I30: {=INDIRECT("'"&SUBSTITUTE($B30,".fits","")&"'!I16")} -> 0.84287455 | J30: {=INDIRECT("'"&SUBSTITUTE($B30,".fits","")&"'!I18")} -> 0.76065665 | K30: {=INDIRECT("'"&SUBSTITUTE($B30,".fits","")&"'!I20")} -> 0.68558813 | L30: {=INDIRECT("'"&SUBSTITUTE($B30,".fits","")&"'!I22")} -> 0.62557095 | M30: {=INDIRECT("'"&SUBSTITUTE($B30,".fits","")&"'!I24")} -> 0.56442492 | N30: {=INDIRECT("'"&SUBSTITUTE($B30,".fits","")&"'!I26")} -> 0.53432226 | O30: {=INDIRECT("'"&SUBSTITUTE($B30,".fits","")&"'!I28")} -> 0.51174526 | P30: {=INDIRECT("'"&SUBSTITUTE($B30,".fits","")&"'!I30")} -> 0.4816426 | Q30: {=INDIRECT("'"&SUBSTITUTE($B30,".fits","")&"'!I32")} -> 0.4364886 | S30: =D30 -> 1 | T30: 6 | U30: =L30 -> 0.62557095 | V30: =$L$45+$L$46*L30 -> 1.4127588 | W30: =S30-V30 -> -0.41275881 | X30: =W30/V30 -> -0.2921651 | Y30: >15% | Z30: =D30 -> 1 | AA30: =G30 -> 0.47238073 | AB30: =SQRT(EXP(AA30^2)-1)/Z30 -> 0.5
B31: =efbm_H1Mach1_7!$C$2 -> efbm_H1Mach1_7.fits | C31: =efbm_H1Mach1_7!$D$2 -> 1 | D31: =efbm_H1Mach1_7!$E$2 -> 1 | E31: {=INDIRECT("'"&SUBSTITUTE($B31,".fits","")&"'!$I$2")} -> -0.23788079 | F31: {=INDIRECT("'"&SUBSTITUTE($B31,".fits","")&"'!$J$2")} -> -0.58065061 | G31: =efbm_H1Mach1_0!$G$2 -> 0.47238073 | H31: {=INDIRECT("'"&SUBSTITUTE($B31,".fits","")&"'!I14")} -> 0.99172895 | I31: {=INDIRECT("'"&SUBSTITUTE($B31,".fits","")&"'!I16")} -> 0.88045998 | J31: {=INDIRECT("'"&SUBSTITUTE($B31,".fits","")&"'!I18")} -> 0.80516238 | K31: {=INDIRECT("'"&SUBSTITUTE($B31,".fits","")&"'!I20")} -> 0.7231551 | L31: {=INDIRECT("'"&SUBSTITUTE($B31,".fits","")&"'!I22")} -> 0.64953493 | M31: {=INDIRECT("'"&SUBSTITUTE($B31,".fits","")&"'!I24")} -> 0.58150617 | N31: {=INDIRECT("'"&SUBSTITUTE($B31,".fits","")&"'!I26")} -> 0.52316917 | O31: {=INDIRECT("'"&SUBSTITUTE($B31,".fits","")&"'!I28")} -> 0.47713326 | P31: {=INDIRECT("'"&SUBSTITUTE($B31,".fits","")&"'!I30")} -> 0.42494681 | Q31: {=INDIRECT("'"&SUBSTITUTE($B31,".fits","")&"'!I32")} -> 0.38767078 | S31: =D31 -> 1 | T31: 7 | U31: =L31 -> 0.64953493 | V31: =$L$45+$L$46*L31 -> 1.3237299 | W31: =S31-V31 -> -0.32372987 | X31: =W31/V31 -> -0.24455886 | Y31: >15% | Z31: =D31 -> 1 | AA31: =G31 -> 0.47238073 | AB31: =SQRT(EXP(AA31^2)-1)/Z31 -> 0.5
B32: =efbm_H1Mach1_8!$C$2 -> efbm_H1Mach1_8.fits | C32: =efbm_H1Mach1_8!$D$2 -> 1 | D32: =efbm_H1Mach1_8!$E$2 -> 1 | E32: {=INDIRECT("'"&SUBSTITUTE($B32,".fits","")&"'!$I$2")} -> 0.08537529 | F32: {=INDIRECT("'"&SUBSTITUTE($B32,".fits","")&"'!$J$2")} -> -0.37741886 | G32: =efbm_H1Mach1_0!$G$2 -> 0.47238073 | H32: {=INDIRECT("'"&SUBSTITUTE($B32,".fits","")&"'!I14")} -> 0.98850873 | I32: {=INDIRECT("'"&SUBSTITUTE($B32,".fits","")&"'!I16")} -> 0.92080265 | J32: {=INDIRECT("'"&SUBSTITUTE($B32,".fits","")&"'!I18")} -> 0.84057095 | K32: {=INDIRECT("'"&SUBSTITUTE($B32,".fits","")&"'!I20")} -> 0.77184928 | L32: {=INDIRECT("'"&SUBSTITUTE($B32,".fits","")&"'!I22")} -> 0.71768442 | M32: {=INDIRECT("'"&SUBSTITUTE($B32,".fits","")&"'!I24")} -> 0.67029016 | N32: {=INDIRECT("'"&SUBSTITUTE($B32,".fits","")&"'!I26")} -> 0.6161253 | O32: {=INDIRECT("'"&SUBSTITUTE($B32,".fits","")&"'!I28")} -> 0.55518983 | P32: {=INDIRECT("'"&SUBSTITUTE($B32,".fits","")&"'!I30")} -> 0.48748376 | Q32: {=INDIRECT("'"&SUBSTITUTE($B32,".fits","")&"'!I32")} -> 0.42824094 | S32: =D32 -> 1 | T32: 8 | U32: =L32 -> 0.71768442 | V32: =$L$45+$L$46*L32 -> 1.0705467 | W32: =S32-V32 -> -0.070546694 | X32: =W32/V32 -> -0.06589782 | Z32: =D32 -> 1 | AA32: =G32 -> 0.47238073 | AB32: =SQRT(EXP(AA32^2)-1)/Z32 -> 0.5
B33: =efbm_H1Mach1_9!$C$2 -> efbm_H1Mach1_9.fits | C33: =efbm_H1Mach1_9!$D$2 -> 1 | D33: =efbm_H1Mach1_9!$E$2 -> 1 | E33: {=INDIRECT("'"&SUBSTITUTE($B33,".fits","")&"'!$I$2")} -> -0.23024651 | F33: {=INDIRECT("'"&SUBSTITUTE($B33,".fits","")&"'!$J$2")} -> -0.84501581 | G33: =efbm_H1Mach1_0!$G$2 -> 0.47238073 | H33: {=INDIRECT("'"&SUBSTITUTE($B33,".fits","")&"'!I14")} -> 1.0849432 | I33: {=INDIRECT("'"&SUBSTITUTE($B33,".fits","")&"'!I16")} -> 0.85399388 | J33: {=INDIRECT("'"&SUBSTITUTE($B33,".fits","")&"'!I18")} -> 0.72595463 | K33: {=INDIRECT("'"&SUBSTITUTE($B33,".fits","")&"'!I20")} -> 0.64697715 | L33: {=INDIRECT("'"&SUBSTITUTE($B33,".fits","")&"'!I22")} -> 0.56640416 | M33: {=INDIRECT("'"&SUBSTITUTE($B33,".fits","")&"'!I24")} -> 0.46269636 | N33: {=INDIRECT("'"&SUBSTITUTE($B33,".fits","")&"'!I26")} -> 0.38292112 | O33: {=INDIRECT("'"&SUBSTITUTE($B33,".fits","")&"'!I28")} -> 0.33505598 | P33: {=INDIRECT("'"&SUBSTITUTE($B33,".fits","")&"'!I30")} -> 0.27921332 | Q33: {=INDIRECT("'"&SUBSTITUTE($B33,".fits","")&"'!I32")} -> 0.2393257 | S33: =D33 -> 1 | T33: 9 | U33: =L33 -> 0.56640416 | V33: =$L$45+$L$46*L33 -> 1.6325702 | W33: =S33-V33 -> -0.63257025 | X33: =W33/V33 -> -0.38746893 | Y33: >15% | Z33: =D33 -> 1 | AA33: =G33 -> 0.47238073 | AB33: =SQRT(EXP(AA33^2)-1)/Z33 -> 0.5
B34: =efbm_H1Mach2.5_0!$C$2 -> efbm_H1Mach2.5_0.fits | C34: =efbm_H1Mach2.5_0!$D$2 -> 1 | D34: =efbm_H1Mach2.5_0!$E$2 -> 2.5 | E34: {=INDIRECT("'"&SUBSTITUTE($B34,".fits","")&"'!$I$2")} -> 0.22885028 | F34: {=INDIRECT("'"&SUBSTITUTE($B34,".fits","")&"'!$J$2")} -> -0.80673475 | G34: =efbm_H1Mach2.5_0!$G$2 -> 0.97004296 | H34: {=INDIRECT("'"&SUBSTITUTE($B34,".fits","")&"'!I14")} -> 0.41266877 | I34: {=INDIRECT("'"&SUBSTITUTE($B34,".fits","")&"'!I16")} -> 0.38029028 | J34: {=INDIRECT("'"&SUBSTITUTE($B34,".fits","")&"'!I18")} -> 0.35517677 | K34: {=INDIRECT("'"&SUBSTITUTE($B34,".fits","")&"'!I20")} -> 0.33042203 | L34: {=INDIRECT("'"&SUBSTITUTE($B34,".fits","")&"'!I22")} -> 0.3085374 | M34: {=INDIRECT("'"&SUBSTITUTE($B34,".fits","")&"'!I24")} -> 0.29059918 | N34: {=INDIRECT("'"&SUBSTITUTE($B34,".fits","")&"'!I26")} -> 0.27266096 | O34: {=INDIRECT("'"&SUBSTITUTE($B34,".fits","")&"'!I28")} -> 0.25472274 | P34: {=INDIRECT("'"&SUBSTITUTE($B34,".fits","")&"'!I30")} -> 0.22602158 | Q34: {=INDIRECT("'"&SUBSTITUTE($B34,".fits","")&"'!I32")} -> 0.20539263 | S34: =D34 -> 2.5 | T34: 0 | U34: =L34 -> 0.3085374 | V34: =$L$45+$L$46*L34 -> 2.5905749 | W34: =S34-V34 -> -0.090574932 | X34: =W34/V34 -> -0.034963255 | Z34: =D34 -> 2.5 | AA34: =G34 -> 0.97004296 | AB34: =SQRT(EXP(AA34^2)-1)/Z34 -> 0.5
B35: =efbm_H1Mach2.5_1!$C$2 -> efbm_H1Mach2.5_1.fits | C35: =efbm_H1Mach2.5_1!$D$2 -> 1 | D35: =efbm_H1Mach2.5_1!$E$2 -> 2.5 | E35: {=INDIRECT("'"&SUBSTITUTE($B35,".fits","")&"'!$I$2")} -> -0.39734918 | F35: {=INDIRECT("'"&SUBSTITUTE($B35,".fits","")&"'!$J$2")} -> -0.45420755 | G35: =efbm_H1Mach2.5_0!$G$2 -> 0.97004296 | H35: {=INDIRECT("'"&SUBSTITUTE($B35,".fits","")&"'!I14")} -> 0.44304843 | I35: {=INDIRECT("'"&SUBSTITUTE($B35,".fits","")&"'!I16")} -> 0.38588089 | J35: {=INDIRECT("'"&SUBSTITUTE($B35,".fits","")&"'!I18")} -> 0.35729712 | K35: {=INDIRECT("'"&SUBSTITUTE($B35,".fits","")&"'!I20")} -> 0.33943226 | L35: {=INDIRECT("'"&SUBSTITUTE($B35,".fits","")&"'!I22")} -> 0.31442147 | M35: {=INDIRECT("'"&SUBSTITUTE($B35,".fits","")&"'!I24")} -> 0.30012958 | N35: {=INDIRECT("'"&SUBSTITUTE($B35,".fits","")&"'!I26")} -> 0.27869175 | O35: {=INDIRECT("'"&SUBSTITUTE($B35,".fits","")&"'!I28")} -> 0.26797284 | P35: {=INDIRECT("'"&SUBSTITUTE($B35,".fits","")&"'!I30")} -> 0.24733893 | Q35: {=INDIRECT("'"&SUBSTITUTE($B35,".fits","")&"'!I32")} -> 0.23224313 | S35: =D35 -> 2.5 | T35: 1 | U35: =L35 -> 0.31442147 | V35: =$L$45+$L$46*L35 -> 2.5687149 | W35: =S35-V35 -> -0.068714945 | X35: =W35/V35 -> -0.026750709 | Z35: =D35 -> 2.5 | AA35: =G35 -> 0.97004296 | AB35: =SQRT(EXP(AA35^2)-1)/Z35 -> 0.5
B36: =efbm_H1Mach2.5_2!$C$2 -> efbm_H1Mach2.5_2.fits | C36: =efbm_H1Mach2.5_2!$D$2 -> 1 | D36: =efbm_H1Mach2.5_2!$E$2 -> 2.5 | E36: {=INDIRECT("'"&SUBSTITUTE($B36,".fits","")&"'!$I$2")} -> -0.10823695 | F36: {=INDIRECT("'"&SUBSTITUTE($B36,".fits","")&"'!$J$2")} -> -1.0918272 | G36: =efbm_H1Mach2.5_0!$G$2 -> 0.97004296 | H36: {=INDIRECT("'"&SUBSTITUTE($B36,".fits","")&"'!I14")} -> 0.40276615 | I36: {=INDIRECT("'"&SUBSTITUTE($B36,".fits","")&"'!I16")} -> 0.37616838 | J36: {=INDIRECT("'"&SUBSTITUTE($B36,".fits","")&"'!I18")} -> 0.34957062 | K36: {=INDIRECT("'"&SUBSTITUTE($B36,".fits","")&"'!I20")} -> 0.32677254 | L36: {=INDIRECT("'"&SUBSTITUTE($B36,".fits","")&"'!I22")} -> 0.31204877 | M36: {=INDIRECT("'"&SUBSTITUTE($B36,".fits","")&"'!I24")} -> 0.29257541 | N36: {=INDIRECT("'"&SUBSTITUTE($B36,".fits","")&"'!I26")} -> 0.25077892 | O36: {=INDIRECT("'"&SUBSTITUTE($B36,".fits","")&"'!I28")} -> 0.22114141 | P36: {=INDIRECT("'"&SUBSTITUTE($B36,".fits","")&"'!I30")} -> 0.20138307 | Q36: {=INDIRECT("'"&SUBSTITUTE($B36,".fits","")&"'!I32")} -> 0.17098563 | S36: =D36 -> 2.5 | T36: 2 | U36: =L36 -> 0.31204877 | V36: =$L$45+$L$46*L36 -> 2.5775298 | W36: =S36-V36 -> -0.07752977 | X36: =W36/V36 -> -0.030079098 | Z36: =D36 -> 2.5 | AA36: =G36 -> 0.97004296 | AB36: =SQRT(EXP(AA36^2)-1)/Z36 -> 0.5
B37: =efbm_H1Mach2.5_3!$C$2 -> efbm_H1Mach2.5_3.fits | C37: =efbm_H1Mach2.5_3!$D$2 -> 1 | D37: =efbm_H1Mach2.5_3!$E$2 -> 2.5 | E37: {=INDIRECT("'"&SUBSTITUTE($B37,".fits","")&"'!$I$2")} -> 0.55802179 | F37: {=INDIRECT("'"&SUBSTITUTE($B37,".fits","")&"'!$J$2")} -> -0.80947274 | G37: =efbm_H1Mach2.5_0!$G$2 -> 0.97004296 | H37: {=INDIRECT("'"&SUBSTITUTE($B37,".fits","")&"'!I14")} -> 0.69085594 | I37: {=INDIRECT("'"&SUBSTITUTE($B37,".fits","")&"'!I16")} -> 0.61711289 | J37: {=INDIRECT("'"&SUBSTITUTE($B37,".fits","")&"'!I18")} -> 0.52066474 | K37: {=INDIRECT("'"&SUBSTITUTE($B37,".fits","")&"'!I20")} -> 0.43508399 | L37: {=INDIRECT("'"&SUBSTITUTE($B37,".fits","")&"'!I22")} -> 0.35707161 | M37: {=INDIRECT("'"&SUBSTITUTE($B37,".fits","")&"'!I24")} -> 0.27556613 | N37: {=INDIRECT("'"&SUBSTITUTE($B37,".fits","")&"'!I26")} -> 0.22899158 | O37: {=INDIRECT("'"&SUBSTITUTE($B37,".fits","")&"'!I28")} -> 0.20182308 | P37: {=INDIRECT("'"&SUBSTITUTE($B37,".fits","")&"'!I30")} -> 0.1785358 | Q37: {=INDIRECT("'"&SUBSTITUTE($B37,".fits","")&"'!I32")} -> 0.15621883 | S37: =D37 -> 2.5 | T37: 3 | U37: =L37 -> 0.35707161 | V37: =$L$45+$L$46*L37 -> 2.4102648 | W37: =S37-V37 -> 0.089735247 | X37: =W37/V37 -> 0.037230452 | Z37: =D37 -> 2.5 | AA37: =G37 -> 0.97004296 | AB37: =SQRT(EXP(AA37^2)-1)/Z37 -> 0.5
B38: =efbm_H1Mach2.5_4!$C$2 -> efbm_H1Mach2.5_4.fits | C38: =efbm_H1Mach2.5_4!$D$2 -> 1 | D38: =efbm_H1Mach2.5_4!$E$2 -> 2.5 | E38: {=INDIRECT("'"&SUBSTITUTE($B38,".fits","")&"'!$I$2")} -> -0.60582574 | F38: {=INDIRECT("'"&SUBSTITUTE($B38,".fits","")&"'!$J$2")} -> -0.46603174 | G38: =efbm_H1Mach2.5_0!$G$2 -> 0.97004296 | H38: {=INDIRECT("'"&SUBSTITUTE($B38,".fits","")&"'!I14")} -> 0.54121369 | I38: {=INDIRECT("'"&SUBSTITUTE($B38,".fits","")&"'!I16")} -> 0.50353426 | J38: {=INDIRECT("'"&SUBSTITUTE($B38,".fits","")&"'!I18")} -> 0.47955644 | K38: {=INDIRECT("'"&SUBSTITUTE($B38,".fits","")&"'!I20")} -> 0.44530241 | L38: {=INDIRECT("'"&SUBSTITUTE($B38,".fits","")&"'!I22")} -> 0.39777494 | M38: {=INDIRECT("'"&SUBSTITUTE($B38,".fits","")&"'!I24")} -> 0.34647953 | N38: {=INDIRECT("'"&SUBSTITUTE($B38,".fits","")&"'!I26")} -> 0.30828628 | O38: {=INDIRECT("'"&SUBSTITUTE($B38,".fits","")&"'!I28")} -> 0.27814273 | P38: {=INDIRECT("'"&SUBSTITUTE($B38,".fits","")&"'!I30")} -> 0.23369813 | Q38: {=INDIRECT("'"&SUBSTITUTE($B38,".fits","")&"'!I32")} -> 0.19867338 | S38: =D38 -> 2.5 | T38: 4 | U38: =L38 -> 0.39777494 | V38: =$L$45+$L$46*L38 -> 2.2590472 | W38: =S38-V38 -> 0.24095279 | X38: =W38/V38 -> 0.10666125 | Z38: =D38 -> 2.5 | AA38: =G38 -> 0.97004296 | AB38: =SQRT(EXP(AA38^2)-1)/Z38 -> 0.5
B39: =efbm_H1Mach2.5_5!$C$2 -> efbm_H1Mach2.5_5.fits | C39: =efbm_H1Mach2.5_5!$D$2 -> 1 | D39: =efbm_H1Mach2.5_5!$E$2 -> 2.5 | E39: {=INDIRECT("'"&SUBSTITUTE($B39,".fits","")&"'!$I$2")} -> -0.77708798 | F39: {=INDIRECT("'"&SUBSTITUTE($B39,".fits","")&"'!$J$2")} -> 0.49027506 | G39: =efbm_H1Mach2.5_0!$G$2 -> 0.97004296 | H39: {=INDIRECT("'"&SUBSTITUTE($B39,".fits","")&"'!I14")} -> 0.51113756 | I39: {=INDIRECT("'"&SUBSTITUTE($B39,".fits","")&"'!I16")} -> 0.46943949 | J39: {=INDIRECT("'"&SUBSTITUTE($B39,".fits","")&"'!I18")} -> 0.44238806 | K39: {=INDIRECT("'"&SUBSTITUTE($B39,".fits","")&"'!I20")} -> 0.41548609 | L39: {=INDIRECT("'"&SUBSTITUTE($B39,".fits","")&"'!I22")} -> 0.39755143 | M39: {=INDIRECT("'"&SUBSTITUTE($B39,".fits","")&"'!I24")} -> 0.37961678 | N39: {=INDIRECT("'"&SUBSTITUTE($B39,".fits","")&"'!I26")} -> 0.35869302 | O39: {=INDIRECT("'"&SUBSTITUTE($B39,".fits","")&"'!I28")} -> 0.34135619 | P39: {=INDIRECT("'"&SUBSTITUTE($B39,".fits","")&"'!I30")} -> 0.32282372 | Q39: {=INDIRECT("'"&SUBSTITUTE($B39,".fits","")&"'!I32")} -> 0.29666902 | S39: =D39 -> 2.5 | T39: 5 | U39: =L39 -> 0.39755143 | V39: =$L$45+$L$46*L39 -> 2.2598775 | W39: =S39-V39 -> 0.24012245 | X39: =W39/V39 -> 0.10625463 | Z39: =D39 -> 2.5 | AA39: =G39 -> 0.97004296 | AB39: =SQRT(EXP(AA39^2)-1)/Z39 -> 0.5
B40: =efbm_H1Mach2.5_6!$C$2 -> efbm_H1Mach2.5_6.fits | C40: =efbm_H1Mach2.5_6!$D$2 -> 1 | D40: =efbm_H1Mach2.5_6!$E$2 -> 2.5 | E40: {=INDIRECT("'"&SUBSTITUTE($B40,".fits","")&"'!$I$2")} -> -0.4114514 | F40: {=INDIRECT("'"&SUBSTITUTE($B40,".fits","")&"'!$J$2")} -> -0.62315483 | G40: =efbm_H1Mach2.5_0!$G$2 -> 0.97004296 | H40: {=INDIRECT("'"&SUBSTITUTE($B40,".fits","")&"'!I14")} -> 0.44719294 | I40: {=INDIRECT("'"&SUBSTITUTE($B40,".fits","")&"'!I16")} -> 0.41045367 | J40: {=INDIRECT("'"&SUBSTITUTE($B40,".fits","")&"'!I18")} -> 0.37041611 | K40: {=INDIRECT("'"&SUBSTITUTE($B40,".fits","")&"'!I20")} -> 0.33386008 | L40: {=INDIRECT("'"&SUBSTITUTE($B40,".fits","")&"'!I22")} -> 0.30463358 | M40: {=INDIRECT("'"&SUBSTITUTE($B40,".fits","")&"'!I24")} -> 0.27485737 | N40: {=INDIRECT("'"&SUBSTITUTE($B40,".fits","")&"'!I26")} -> 0.26019831 | O40: {=INDIRECT("'"&SUBSTITUTE($B40,".fits","")&"'!I28")} -> 0.24920401 | P40: {=INDIRECT("'"&SUBSTITUTE($B40,".fits","")&"'!I30")} -> 0.23454495 | Q40: {=INDIRECT("'"&SUBSTITUTE($B40,".fits","")&"'!I32")} -> 0.21255636 | S40: =D40 -> 2.5 | T40: 6 | U40: =L40 -> 0.30463358 | V40: =$L$45+$L$46*L40 -> 2.6050781 | W40: =S40-V40 -> -0.10507806 | X40: =W40/V40 -> -0.040335859 | Z40: =D40 -> 2.5 | AA40: =G40 -> 0.97004296 | AB40: =SQRT(EXP(AA40^2)-1)/Z40 -> 0.5
B41: =efbm_H1Mach2.5_7!$C$2 -> efbm_H1Mach2.5_7.fits | C41: =efbm_H1Mach2.5_7!$D$2 -> 1 | D41: =efbm_H1Mach2.5_7!$E$2 -> 2.5 | E41: {=INDIRECT("'"&SUBSTITUTE($B41,".fits","")&"'!$I$2")} -> -0.23788079 | F41: {=INDIRECT("'"&SUBSTITUTE($B41,".fits","")&"'!$J$2")} -> -0.58065061 | G41: =efbm_H1Mach2.5_0!$G$2 -> 0.97004296 | H41: {=INDIRECT("'"&SUBSTITUTE($B41,".fits","")&"'!I14")} -> 0.48294113 | I41: {=INDIRECT("'"&SUBSTITUTE($B41,".fits","")&"'!I16")} -> 0.4287566 | J41: {=INDIRECT("'"&SUBSTITUTE($B41,".fits","")&"'!I18")} -> 0.39208902 | K41: {=INDIRECT("'"&SUBSTITUTE($B41,".fits","")&"'!I20")} -> 0.35215403 | L41: {=INDIRECT("'"&SUBSTITUTE($B41,".fits","")&"'!I22")} -> 0.31630329 | M41: {=INDIRECT("'"&SUBSTITUTE($B41,".fits","")&"'!I24")} -> 0.2831754 | N41: {=INDIRECT("'"&SUBSTITUTE($B41,".fits","")&"'!I26")} -> 0.2547671 | O41: {=INDIRECT("'"&SUBSTITUTE($B41,".fits","")&"'!I28")} -> 0.23234905 | P41: {=INDIRECT("'"&SUBSTITUTE($B41,".fits","")&"'!I30")} -> 0.20693587 | Q41: {=INDIRECT("'"&SUBSTITUTE($B41,".fits","")&"'!I32")} -> 0.1887836 | S41: =D41 -> 2.5 | T41: 7 | U41: =L41 -> 0.31630329 | V41: =$L$45+$L$46*L41 -> 2.5617237 | W41: =S41-V41 -> -0.061723736 | X41: =W41/V41 -> -0.024094611 | Z41: =D41 -> 2.5 | AA41: =G41 -> 0.97004296 | AB41: =SQRT(EXP(AA41^2)-1)/Z41 -> 0.5
B42: =efbm_H1Mach2.5_8!$C$2 -> efbm_H1Mach2.5_8.fits | C42: =efbm_H1Mach2.5_8!$D$2 -> 1 | D42: =efbm_H1Mach2.5_8!$E$2 -> 2.5 | E42: {=INDIRECT("'"&SUBSTITUTE($B42,".fits","")&"'!$I$2")} -> 0.08537529 | F42: {=INDIRECT("'"&SUBSTITUTE($B42,".fits","")&"'!$J$2")} -> -0.37741886 | G42: =efbm_H1Mach2.5_0!$G$2 -> 0.97004296 | H42: {=INDIRECT("'"&SUBSTITUTE($B42,".fits","")&"'!I14")} -> 0.48137298 | I42: {=INDIRECT("'"&SUBSTITUTE($B42,".fits","")&"'!I16")} -> 0.44840223 | J42: {=INDIRECT("'"&SUBSTITUTE($B42,".fits","")&"'!I18")} -> 0.40933189 | K42: {=INDIRECT("'"&SUBSTITUTE($B42,".fits","")&"'!I20")} -> 0.37586657 | L42: {=INDIRECT("'"&SUBSTITUTE($B42,".fits","")&"'!I22")} -> 0.34948997 | M42: {=INDIRECT("'"&SUBSTITUTE($B42,".fits","")&"'!I24")} -> 0.32641045 | N42: {=INDIRECT("'"&SUBSTITUTE($B42,".fits","")&"'!I26")} -> 0.30003384 | O42: {=INDIRECT("'"&SUBSTITUTE($B42,".fits","")&"'!I28")} -> 0.27036017 | P42: {=INDIRECT("'"&SUBSTITUTE($B42,".fits","")&"'!I30")} -> 0.23738941 | Q42: {=INDIRECT("'"&SUBSTITUTE($B42,".fits","")&"'!I32")} -> 0.20854001 | S42: =D42 -> 2.5 | T42: 8 | U42: =L42 -> 0.34948997 | V42: =$L$45+$L$46*L42 -> 2.4384314 | W42: =S42-V42 -> 0.061568589 | X42: =W42/V42 -> 0.02524926 | Z42: =D42 -> 2.5 | AA42: =G42 -> 0.97004296 | AB42: =SQRT(EXP(AA42^2)-1)/Z42 -> 0.5
B43: =efbm_H1Mach2.5_9!$C$2 -> efbm_H1Mach2.5_9.fits | C43: =efbm_H1Mach2.5_9!$D$2 -> 1 | D43: =efbm_H1Mach2.5_9!$E$2 -> 2.5 | E43: {=INDIRECT("'"&SUBSTITUTE($B43,".fits","")&"'!$I$2")} -> -0.23024651 | F43: {=INDIRECT("'"&SUBSTITUTE($B43,".fits","")&"'!$J$2")} -> -0.84501581 | G43: ='efbm_H0.5Mach2.5_0'!$G$2 -> 0.97004296 | H43: {=INDIRECT("'"&SUBSTITUTE($B43,".fits","")&"'!I14")} -> 0.52833356 | I43: {=INDIRECT("'"&SUBSTITUTE($B43,".fits","")&"'!I16")} -> 0.41586844 | J43: {=INDIRECT("'"&SUBSTITUTE($B43,".fits","")&"'!I18")} -> 0.35351731 | K43: {=INDIRECT("'"&SUBSTITUTE($B43,".fits","")&"'!I20")} -> 0.31505773 | L43: {=INDIRECT("'"&SUBSTITUTE($B43,".fits","")&"'!I22")} -> 0.2758212 | M43: {=INDIRECT("'"&SUBSTITUTE($B43,".fits","")&"'!I24")} -> 0.22531872 | N43: {=INDIRECT("'"&SUBSTITUTE($B43,".fits","")&"'!I26")} -> 0.18647067 | O43: {=INDIRECT("'"&SUBSTITUTE($B43,".fits","")&"'!I28")} -> 0.16316183 | P43: {=INDIRECT("'"&SUBSTITUTE($B43,".fits","")&"'!I30")} -> 0.1359682 | Q43: {=INDIRECT("'"&SUBSTITUTE($B43,".fits","")&"'!I32")} -> 0.11654417 | S43: =D43 -> 2.5 | T43: 9 | U43: =L43 -> 0.2758212 | V43: =$L$45+$L$46*L43 -> 2.7121194 | W43: =S43-V43 -> -0.21211939 | X43: =W43/V43 -> -0.07821167 | Z43: =D43 -> 2.5 | AA43: =G43 -> 0.97004296 | AB43: =SQRT(EXP(AA43^2)-1)/Z43 -> 0.5
H44: =H3 -> P95 | I44: =I3 -> P90 | J44: =J3 -> P85 | K44: =K3 -> P80 | L44: =L3 -> P75 | M44: =M3 -> P70 | N44: =N3 -> P65 | O44: =O3 -> P60 | ... Q44: =Q3 -> P50
D45: y-intercept | H45: =INTERCEPT($D$4:$D$43,H$4:H$43) -> 3.5513669 | I45: =INTERCEPT($D$4:$D$43,I$4:I$43) -> 3.6151334 | J45: =INTERCEPT($D$4:$D$43,J$4:J$43) -> 3.682006 | K45: =INTERCEPT($D$4:$D$43,K$4:K$43) -> 3.7354101 | L45: =INTERCEPT($D$4:$D$43,L$4:L$43) -> 3.7368269 | M45: =INTERCEPT($D$4:$D$43,M$4:M$43) -> 3.668004 | N45: =INTERCEPT($D$4:$D$43,N$4:N$43) -> 3.5598343 | O45: =INTERCEPT($D$4:$D$43,O$4:O$43) -> 3.501968 | ... Q45: =INTERCEPT($D$4:$D$43,Q$4:Q$43) -> 3.3246471 | W45: OK, Schneider error entre 30% y 40%
D46: pendiente | H46: =SLOPE($D$4:$D$43,$H$4:$H$43) -> -2.4922644 | I46: =SLOPE($D$4:$D$43,$I$4:$I$43) -> -2.8022433 | J46: =SLOPE($D$4:$D$43,$J$4:$J$43) -> -3.1213317 | K46: =SLOPE($D$4:$D$43,$K$4:$K$43) -> -3.4551968 | L46: =SLOPE($D$4:$D$43,$L$4:$L$43) -> -3.715115 | M46: =SLOPE($D$4:$D$43,$M$4:$M$43) -> -3.8923402 | N46: =SLOPE($D$4:$D$43,$N$4:$N$43) -> -3.9777861 | O46: =SLOPE($D$4:$D$43,$O$4:$O$43) -> -4.1726146 | P46: =SLOPE($D$4:$D$43,$P$4:$P$43) -> -4.3432412 | Q46: =SLOPE($D$4:$D$43,$Q$4:$Q$43) -> -4.5715363
D47: R2 | H47: =RSQ($D$4:$D$43,H$4:H$43) -> 0.82867218 | I47: =RSQ($D$4:$D$43,I$4:I$43) -> 0.85800631 | J47: =RSQ($D$4:$D$43,J$4:J$43) -> 0.88876931 | K47: =RSQ($D$4:$D$43,K$4:K$43) -> 0.91333649 | L47: =RSQ($D$4:$D$43,L$4:L$43) -> 0.91398822 | M47: =RSQ($D$4:$D$43,M$4:M$43) -> 0.88232802 | N47: =RSQ($D$4:$D$43,N$4:N$43) -> 0.83256737 | O47: =RSQ($D$4:$D$43,O$4:O$43) -> 0.8059475 | ... Q47: =RSQ($D$4:$D$43,Q$4:Q$43) -> 0.7243756

Sheet efbm_H0.5Mach1_0
A1: eta | B1: PDF | C1: Archivo | D1: H | E1: Mach_real | F1: PDF_tipo | G1: pdf_sigma | H1: pdf_sigma_core | I1: pdf_skewness | J1: pdf_kurtosis | K1: Mach_inferido_PDF
A2: -1.531757 | B2: 0.0055042964 | C2: efbm_H0.5Mach1_0.fits | D2: 0.5 | E2: 1 | F2: A_lognormal | G2: 0.47238073 | H2: 0.26019694 | I2: 0.072205595 | J2: -0.54554104 | K2: 1.25
A3: -1.5288502 | B3: 0
A4: -1.5259434 | B4: 0
A5: -1.5230365 | B5: 0
A6: -1.5201297 | B6: 0 | E6: CUARTILES | I6: P50%
A7: -1.5172229 | B7: 0 | E7: 1 | F7: 0.25 | G7: =_xlfn.QUARTILE.INC($B$2:$B$1001,E7) -> 0.049538667 | I7: =G9-G7 -> 0.56143823
A8: -1.5143161 | B8: 0.0055042964 | E8: 2 | F8: 0.5 | G8: =_xlfn.QUARTILE.INC($B$2:$B$1001,E8) -> 0.3027363
A9: -1.5114093 | B9: 0 | E9: 3 | F9: 0.75 | G9: =_xlfn.QUARTILE.INC($B$2:$B$1001,E9) -> 0.6109769
A10: -1.5085024 | B10: 0.011008593
A11: -1.5055956 | B11: 0
A12: -1.5026888 | B12: 0.0055042964 | E12: PERCENTILES
A13: -1.499782 | B13: 0 | E13: 0.001 | F13: =E13 -> 0.001 | G13: =_xlfn.PERCENTILE.INC($B$2:$B$1001,E13) -> 0 | I13: P95
A14: -1.4968752 | B14: 0 | E14: 0.002 | F14: =E14 -> 0.002 | G14: =_xlfn.PERCENTILE.INC($B$2:$B$1001,E14) -> 0 | I14: =G987-G37 -> 0.83114875
A15: -1.4939683 | B15: 0 | E15: 0.003 | F15: =E15 -> 0.003 | G15: =_xlfn.PERCENTILE.INC($B$2:$B$1001,E15) -> 0 | I15: P90
A16: -1.4910615 | B16: 0 | E16: 0.004 | F16: =E16 -> 0.004 | G16: =_xlfn.PERCENTILE.INC($B$2:$B$1001,E16) -> 0 | I16: =G962-G62 -> 0.79261868
A17: -1.4881547 | B17: 0.0055042964 | E17: 0.005 | F17: =E17 -> 0.005 | G17: =_xlfn.PERCENTILE.INC($B$2:$B$1001,E17) -> 0 | I17: P85
A18: -1.4852479 | B18: 0 | E18: 0.006 | F18: =E18 -> 0.006 | G18: =_xlfn.PERCENTILE.INC($B$2:$B$1001,E18) -> 0 | I18: =G937-G87 -> 0.77060149
A19: -1.4823411 | B19: 0.0055042964 | E19: 0.007 | F19: =E19 -> 0.007 | G19: =_xlfn.PERCENTILE.INC($B$2:$B$1001,E19) -> 0 | I19: P80
A20: -1.4794342 | B20: 0 | E20: 0.008 | F20: =E20 -> 0.008 | G20: =_xlfn.PERCENTILE.INC($B$2:$B$1001,E20) -> 0 | I20: =G912-G112 -> 0.74363044
A21: -1.4765274 | B21: 0.0055042964 | E21: 0.009 | F21: =E21 -> 0.009 | G21: =_xlfn.PERCENTILE.INC($B$2:$B$1001,E21) -> 0 | I21: P75
A22: -1.4736206 | B22: 0.0055042964 | E22: 0.01 | F22: =E22 -> 0.01 | G22: =_xlfn.PERCENTILE.INC($B$2:$B$1001,E22) -> 0 | I22: =G887-G137 -> 0.72656712
A23: -1.4707138 | B23: 0 | E23: 0.011 | F23: =E23 -> 0.011 | G23: =_xlfn.PERCENTILE.INC($B$2:$B$1001,E23) -> 0 | I23: P70
A24: -1.467807 | B24: 0 | E24: 0.012 | F24: =E24 -> 0.012 | G24: =_xlfn.PERCENTILE.INC($B$2:$B$1001,E24) -> 0 | I24: =G862-G162 -> 0.70454993
A25: -1.4649001 | B25: 0.0055042964 | E25: 0.013 | F25: =E25 -> 0.013 | G25: =_xlfn.PERCENTILE.INC($B$2:$B$1001,E25) -> 0 | I25: P65
A26: -1.4619933 | B26: 0.011008593 | E26: 0.014 | F26: =E26 -> 0.014 | G26: =_xlfn.PERCENTILE.INC($B$2:$B$1001,E26) -> 0 | I26: =G837-G187 -> 0.68803705
A27: -1.4590865 | B27: 0 | E27: 0.015 | F27: =E27 -> 0.015 | G27: =_xlfn.PERCENTILE.INC($B$2:$B$1001,E27) -> 0 | I27: P60
A28: -1.4561797 | B28: 0 | E28: 0.016 | F28: =E28 -> 0.016 | G28: =_xlfn.PERCENTILE.INC($B$2:$B$1001,E28) -> 0 | I28: =G812-G212 -> 0.64950697
A29: -1.4532729 | B29: 0 | E29: 0.017 | F29: =E29 -> 0.017 | G29: =_xlfn.PERCENTILE.INC($B$2:$B$1001,E29) -> 0 | I29: P55
A30: -1.450366 | B30: 0 | E30: 0.018 | F30: =E30 -> 0.018 | G30: =_xlfn.PERCENTILE.INC($B$2:$B$1001,E30) -> 0 | I30: =G787-G237 -> 0.61648119
A31: -1.4474592 | B31: 0.0055042964 | E31: 0.019 | F31: =E31 -> 0.019 | G31: =_xlfn.PERCENTILE.INC($B$2:$B$1001,E31) -> 0 | I31: P50
A32: -1.4445524 | B32: 0 | E32: 0.02 | F32: =E32 -> 0.02 | G32: =_xlfn.PERCENTILE.INC($B$2:$B$1001,E32) -> 0 | I32: =G762-G262 -> 0.56143823
A33: -1.4416456 | B33: 0 | E33: 0.021 | F33: =E33 -> 0.021 | G33: =_xlfn.PERCENTILE.INC($B$2:$B$1001,E33) -> 0
A34: -1.4387388 | B34: 0.0055042964 | E34: 0.022 | F34: =E34 -> 0.022 | G34: =_xlfn.PERCENTILE.INC($B$2:$B$1001,E34) -> 0
A35: -1.4358319 | B35: 0 | E35: 0.023 | F35: =E35 -> 0.023 | G35: =_xlfn.PERCENTILE.INC($B$2:$B$1001,E35) -> 0
A36: -1.4329251 | B36: 0 | E36: 0.024 | F36: =E36 -> 0.024 | G36: =_xlfn.PERCENTILE.INC($B$2:$B$1001,E36) -> 0
A37: -1.4300183 | B37: 0 | E37: 0.025 | F37: =E37 -> 0.025 | G37: =_xlfn.PERCENTILE.INC($B$2:$B$1001,E37) -> 0
A38: -1.4271115 | B38: 0 | E38: 0.026 | F38: =E38 -> 0.026 | G38: =_xlfn.PERCENTILE.INC($B$2:$B$1001,E38) -> 0
A39: -1.4242047 | B39: 0 | E39: 0.027 | F39: =E39 -> 0.027 | G39: =_xlfn.PERCENTILE.INC($B$2:$B$1001,E39) -> 0
A40: -1.4212978 | B40: 0 | E40: 0.028 | F40: =E40 -> 0.028 | G40: =_xlfn.PERCENTILE.INC($B$2:$B$1001,E40) -> 0
A41: -1.418391 | B41: 0.011008593 | E41: 0.029 | F41: =E41 -> 0.029 | G41: =_xlfn.PERCENTILE.INC($B$2:$B$1001,E41) -> 0
A42: -1.4154842 | B42: 0.0055042964 | E42: 0.03 | F42: =E42 -> 0.03 | G42: =_xlfn.PERCENTILE.INC($B$2:$B$1001,E42) -> 0
A43: -1.4125774 | B43: 0 | E43: 0.031 | F43: =E43 -> 0.031 | G43: =_xlfn.PERCENTILE.INC($B$2:$B$1001,E43) -> 0
A44: -1.4096706 | B44: 0.0055042964 | E44: 0.032 | F44: =E44 -> 0.032 | G44: =_xlfn.PERCENTILE.INC($B$2:$B$1001,E44) -> 0
... A1001: 1.3721564 | B1001: 0.011008593 | E1001: 0.989 | F1001: =E1001 -> 0.989 | G1001: =_xlfn.PERCENTILE.INC($B$2:$B$1001,E1001) -> 0.85322648
E1002: 0.99 | F1002: =E1002 -> 0.99 | G1002: =_xlfn.PERCENTILE.INC($B$2:$B$1001,E1002) -> 0.85867023
E1003: 0.991 | F1003: =E1003 -> 0.991 | G1003: =_xlfn.PERCENTILE.INC($B$2:$B$1001,E1003) -> 0.85867023
E1004: 0.992 | F1004: =E1004 -> 0.992 | G1004: =_xlfn.PERCENTILE.INC($B$2:$B$1001,E1004) -> 0.85871427
E1005: 0.993 | F1005: =E1005 -> 0.993 | G1005: =_xlfn.PERCENTILE.INC($B$2:$B$1001,E1005) -> 0.86417453
E1006: 0.994 | F1006: =E1006 -> 0.994 | G1006: =_xlfn.PERCENTILE.INC($B$2:$B$1001,E1006) -> 0.86420756
E1007: 0.995 | F1007: =E1007 -> 0.995 | G1007: =_xlfn.PERCENTILE.INC($B$2:$B$1001,E1007) -> 0.86970635
E1008: 0.996 | F1008: =E1008 -> 0.996 | G1008: =_xlfn.PERCENTILE.INC($B$2:$B$1001,E1008) -> 0.87522716
E1009: 0.997 | F1009: =E1009 -> 0.997 | G1009: =_xlfn.PERCENTILE.INC($B$2:$B$1001,E1009) -> 0.88619171
E1010: 0.998 | F1010: =E1010 -> 0.998 | G1010: =_xlfn.PERCENTILE.INC($B$2:$B$1001,E1010) -> 0.88623575
E1011: 0.999 | F1011: =E1011 -> 0.999 | G1011: =_xlfn.PERCENTILE.INC($B$2:$B$1001,E1011) -> 0.9082144
E1012: 1 | F1012: =E1012 -> 1 | G1012: =_xlfn.PERCENTILE.INC($B$2:$B$1001,E1012) -> 0.9137132

Sheet efbm_H0.5Mach1_1
A1: eta | B1: PDF | C1: Archivo | D1: H | E1: Mach_real | F1: PDF_tipo | G1: pdf_sigma | H1: pdf_sigma_core | I1: pdf_skewness | J1: pdf_kurtosis | K1: Mach_inferido_PDF
A2: -1.7094962 | B2: 0.005481395 | C2: efbm_H0.5Mach1_1.fits | D2: 0.5 | E2: 1 | F2: B_intermitente | G2: 0.47238073 | H2: 0.25391196 | I2: -0.36060418 | J2: -0.15326012 | K2: 0.64514993
A3: -1.7065772 | B3: 0
A4: -1.7036583 | B4: 0
A5: -1.7007393 | B5: 0
A6: -1.6978204 | B6: 0 | E6: CUARTILES | I6: P50%
A7: -1.6949014 | B7: 0 | E7: 1 | F7: 0.25 | G7: =_xlfn.QUARTILE.INC($B$2:$B$1001,E7) -> 0.060295345 | I7: =G9-G7 -> 0.53717671
A8: -1.6919824 | B8: 0.005481395 | E8: 2 | F8: 0.5 | G8: =_xlfn.QUARTILE.INC($B$2:$B$1001,E8) -> 0.27955115
A9: -1.6890635 | B9: 0.005481395 | E9: 3 | F9: 0.75 | G9: =_xlfn.QUARTILE.INC($B$2:$B$1001,E9) -> 0.59747206
A10: -1.6861445 | B10: 0
A11: -1.6832255 | B11: 0
A12: -1.6803066 | B12: 0 | E12: PERCENTILES
A13: -1.6773876 | B13: 0 | E13: 0.001 | F13: =E13 -> 0.001 | G13: =_xlfn.PERCENTILE.INC($B$2:$B$1001,E13) -> 0 | I13: P95
A14: -1.6744686 | B14: 0 | E14: 0.002 | F14: =E14 -> 0.002 | G14: =_xlfn.PERCENTILE.INC($B$2:$B$1001,E14) -> 0 | I14: =G987-G37 -> 0.89346739
A15: -1.6715497 | B15: 0 | E15: 0.003 | F15: =E15 -> 0.003 | G15: =_xlfn.PERCENTILE.INC($B$2:$B$1001,E15) -> 0 | I15: P90
A16: -1.6686307 | B16: 0 | E16: 0.004 | F16: =E16 -> 0.004 | G16: =_xlfn.PERCENTILE.INC($B$2:$B$1001,E16) -> 0 | I16: =G962-G62 -> 0.86057902
A17: -1.6657117 | B17: 0.005481395 | E17: 0.005 | F17: =E17 -> 0.005 | G17: =_xlfn.PERCENTILE.INC($B$2:$B$1001,E17) -> 0 | I17: P85
A18: -1.6627928 | B18: 0 | E18: 0.006 | F18: =E18 -> 0.006 | G18: =_xlfn.PERCENTILE.INC($B$2:$B$1001,E18) -> 0 | I18: =G937-G87 -> 0.81672786
A19: -1.6598738 | B19: 0 | E19: 0.007 | F19: =E19 -> 0.007 | G19: =_xlfn.PERCENTILE.INC($B$2:$B$1001,E19) -> 0 | I19: P80
A20: -1.6569548 | B20: 0.005481395 | E20: 0.008 | F20: =E20 -> 0.008 | G20: =_xlfn.PERCENTILE.INC($B$2:$B$1001,E20) -> 0 | I20: =G912-G112 -> 0.7783581
A21: -1.6540359 | B21: 0.005481395 | E21: 0.009 | F21: =E21 -> 0.009 | G21: =_xlfn.PERCENTILE.INC($B$2:$B$1001,E21) -> 0 | I21: P75
A22: -1.6511169 | B22: 0 | E22: 0.01 | F22: =E22 -> 0.01 | G22: =_xlfn.PERCENTILE.INC($B$2:$B$1001,E22) -> 0 | I22: =G887-G137 -> 0.75095112
A23: -1.6481979 | B23: 0 | E23: 0.011 | F23: =E23 -> 0.011 | G23: =_xlfn.PERCENTILE.INC($B$2:$B$1001,E23) -> 0 | I23: P70
A24: -1.645279 | B24: 0.005481395 | E24: 0.012 | F24: =E24 -> 0.012 | G24: =_xlfn.PERCENTILE.INC($B$2:$B$1001,E24) -> 0 | I24: =G862-G162 -> 0.71806275
A25: -1.64236 | B25: 0 | E25: 0.013 | F25: =E25 -> 0.013 | G25: =_xlfn.PERCENTILE.INC($B$2:$B$1001,E25) -> 0 | I25: P65
A26: -1.6394411 | B26: 0 | E26: 0.014 | F26: =E26 -> 0.014 | G26: =_xlfn.PERCENTILE.INC($B$2:$B$1001,E26) -> 0 | I26: =G837-G187 -> 0.67421159
A27: -1.6365221 | B27: 0.016444185 | E27: 0.015 | F27: =E27 -> 0.015 | G27: =_xlfn.PERCENTILE.INC($B$2:$B$1001,E27) -> 0 | I27: P60
A28: -1.6336031 | B28: 0.016444185 | E28: 0.016 | F28: =E28 -> 0.016 | G28: =_xlfn.PERCENTILE.INC($B$2:$B$1001,E28) -> 0 | I28: =G812-G212 -> 0.62597531
A29: -1.6306842 | B29: 0.016444185 | E29: 0.017 | F29: =E29 -> 0.017 | G29: =_xlfn.PERCENTILE.INC($B$2:$B$1001,E29) -> 0 | I29: P55
A30: -1.6277652 | B30: 0 | E30: 0.018 | F30: =E30 -> 0.018 | G30: =_xlfn.PERCENTILE.INC($B$2:$B$1001,E30) -> 0 | I30: =G787-G237 -> 0.57253171
A31: -1.6248462 | B31: 0.01096279 | E31: 0.019 | F31: =E31 -> 0.019 | G31: =_xlfn.PERCENTILE.INC($B$2:$B$1001,E31) -> 0 | I31: P50
A32: -1.6219273 | B32: 0 | E32: 0.02 | F32: =E32 -> 0.02 | G32: =_xlfn.PERCENTILE.INC($B$2:$B$1001,E32) -> 0 | I32: =G762-G262 -> 0.53717671
A33: -1.6190083 | B33: 0.016444185 | E33: 0.021 | F33: =E33 -> 0.021 | G33: =_xlfn.PERCENTILE.INC($B$2:$B$1001,E33) -> 0
A34: -1.6160893 | B34: 0.005481395 | E34: 0.022 | F34: =E34 -> 0.022 | G34: =_xlfn.PERCENTILE.INC($B$2:$B$1001,E34) -> 0
A35: -1.6131704 | B35: 0.005481395 | E35: 0.023 | F35: =E35 -> 0.023 | G35: =_xlfn.PERCENTILE.INC($B$2:$B$1001,E35) -> 0
A36: -1.6102514 | B36: 0.016444185 | E36: 0.024 | F36: =E36 -> 0.024 | G36: =_xlfn.PERCENTILE.INC($B$2:$B$1001,E36) -> 0
A37: -1.6073324 | B37: 0.005481395 | E37: 0.025 | F37: =E37 -> 0.025 | G37: =_xlfn.PERCENTILE.INC($B$2:$B$1001,E37) -> 0
A38: -1.6044135 | B38: 0.005481395 | E38: 0.026 | F38: =E38 -> 0.026 | G38: =_xlfn.PERCENTILE.INC($B$2:$B$1001,E38) -> 0
A39: -1.6014945 | B39: 0.016444185 | E39: 0.027 | F39: =E39 -> 0.027 | G39: =_xlfn.PERCENTILE.INC($B$2:$B$1001,E39) -> 0
A40: -1.5985755 | B40: 0.01096279 | E40: 0.028 | F40: =E40 -> 0.028 | G40: =_xlfn.PERCENTILE.INC($B$2:$B$1001,E40) -> 0
A41: -1.5956566 | B41: 0.016444185 | E41: 0.029 | F41: =E41 -> 0.029 | G41: =_xlfn.PERCENTILE.INC($B$2:$B$1001,E41) -> 0
A42: -1.5927376 | B42: 0.005481395 | E42: 0.03 | F42: =E42 -> 0.03 | G42: =_xlfn.PERCENTILE.INC($B$2:$B$1001,E42) -> 0
A43: -1.5898186 | B43: 0.005481395 | E43: 0.031 | F43: =E43 -> 0.031 | G43: =_xlfn.PERCENTILE.INC($B$2:$B$1001,E43) -> 0
A44: -1.5868997 | B44: 0.01096279 | E44: 0.032 | F44: =E44 -> 0.032 | G44: =_xlfn.PERCENTILE.INC($B$2:$B$1001,E44) -> 0
... A1001: 1.2065498 | B1001: 0.005481395 | E1001: 0.989 | F1001: =E1001 -> 0.989 | G1001: =_xlfn.PERCENTILE.INC($B$2:$B$1001,E1001) -> 0.94279995
E1002: 0.99 | F1002: =E1002 -> 0.99 | G1002: =_xlfn.PERCENTILE.INC($B$2:$B$1001,E1002) -> 0.94285476
E1003: 0.991 | F1003: =E1003 -> 0.991 | G1003: =_xlfn.PERCENTILE.INC($B$2:$B$1001,E1003) -> 0.94833067
E1004: 0.992 | F1004: =E1004 -> 0.992 | G1004: =_xlfn.PERCENTILE.INC($B$2:$B$1001,E1004) -> 0.95376274
E1005: 0.993 | F1005: =E1005 -> 0.993 | G1005: =_xlfn.PERCENTILE.INC($B$2:$B$1001,E1005) -> 0.95383948
E1006: 0.994 | F1006: =E1006 -> 0.994 | G1006: =_xlfn.PERCENTILE.INC($B$2:$B$1001,E1006) -> 0.96475841
E1007: 0.995 | F1007: =E1007 -> 0.995 | G1007: =_xlfn.PERCENTILE.INC($B$2:$B$1001,E1007) -> 0.97020692
E1008: 0.996 | F1008: =E1008 -> 0.996 | G1008: =_xlfn.PERCENTILE.INC($B$2:$B$1001,E1008) -> 0.97029462
E1009: 0.997 | F1009: =E1009 -> 0.997 | G1009: =_xlfn.PERCENTILE.INC($B$2:$B$1001,E1009) -> 0.99218183
E1010: 0.998 | F1010: =E1010 -> 0.998 | G1010: =_xlfn.PERCENTILE.INC($B$2:$B$1001,E1010) -> 1.0087082
E1011: 0.999 | F1011: =E1011 -> 0.999 | G1011: =_xlfn.PERCENTILE.INC($B$2:$B$1001,E1011) -> 1.0744082
E1012: 1 | F1012: =E1012 -> 1 | G1012: =_xlfn.PERCENTILE.INC($B$2:$B$1001,E1012) -> 1.1291674

Sheet efbm_H0.5Mach1_2
A1: eta | B1: PDF | C1: Archivo | D1: H | E1: Mach_real | F1: PDF_tipo | G1: pdf_sigma | H1: pdf_sigma_core | I1: pdf_skewness | J1: pdf_kurtosis | K1: Mach_inferido_PDF
A2: -1.5687286 | B2: 0.0056578875 | C2: efbm_H0.5Mach1_2.fits | D2: 0.5 | E2: 1 | F2: A_lognormal | G2: 0.47238073 | H2: 0.2714552 | I2: -0.10198019 | J2: -0.71606429 | K2: 1.25
A3: -1.5659006 | B3: 0
A4: -1.5630727 | B4: 0
A5: -1.5602448 | B5: 0
A6: -1.5574169 | B6: 0 | E6: CUARTILES | I6: P50%
A7: -1.554589 | B7: 0 | E7: 1 | F7: 0.25 | G7: =_xlfn.QUARTILE.INC($B$2:$B$1001,E7) -> 0.0452631 | I7: =G9-G7 -> 0.5884203
A8: -1.5517611 | B8: 0 | E8: 2 | F8: 0.5 | G8: =_xlfn.QUARTILE.INC($B$2:$B$1001,E8) -> 0.3366443
A9: -1.5489332 | B9: 0 | E9: 3 | F9: 0.75 | G9: =_xlfn.QUARTILE.INC($B$2:$B$1001,E9) -> 0.6336834
A10: -1.5461053 | B10: 0
A11: -1.5432774 | B11: 0
A12: -1.5404494 | B12: 0 | E12: PERCENTILES
A13: -1.5376215 | B13: 0 | E13: 0.001 | F13: =E13 -> 0.001 | G13: =_xlfn.PERCENTILE.INC($B$2:$B$1001,E13) -> 0 | I13: P95
A14: -1.5347936 | B14: 0 | E14: 0.002 | F14: =E14 -> 0.002 | G14: =_xlfn.PERCENTILE.INC($B$2:$B$1001,E14) -> 0 | I14: =G987-G37 -> 0.76395626
A15: -1.5319657 | B15: 0 | E15: 0.003 | F15: =E15 -> 0.003 | G15: =_xlfn.PERCENTILE.INC($B$2:$B$1001,E15) -> 0 | I15: P90
A16: -1.5291378 | B16: 0 | E16: 0.004 | F16: =E16 -> 0.004 | G16: =_xlfn.PERCENTILE.INC($B$2:$B$1001,E16) -> 0 | I16: =G962-G62 -> 0.74684115
A17: -1.5263099 | B17: 0 | E17: 0.005 | F17: =E17 -> 0.005 | G17: =_xlfn.PERCENTILE.INC($B$2:$B$1001,E17) -> 0 | I17: P85
A18: -1.523482 | B18: 0 | E18: 0.006 | F18: =E18 -> 0.006 | G18: =_xlfn.PERCENTILE.INC($B$2:$B$1001,E18) -> 0 | I18: =G937-G87 -> 0.7242096
A19: -1.5206541 | B19: 0 | E19: 0.007 | F19: =E19 -> 0.007 | G19: =_xlfn.PERCENTILE.INC($B$2:$B$1001,E19) -> 0 | I19: P80
A20: -1.5178262 | B20: 0.0056578875 | E20: 0.008 | F20: =E20 -> 0.008 | G20: =_xlfn.PERCENTILE.INC($B$2:$B$1001,E20) -> 0 | I20: =G912-G112 -> 0.70723593
A21: -1.5149983 | B21: 0 | E21: 0.009 | F21: =E21 -> 0.009 | G21: =_xlfn.PERCENTILE.INC($B$2:$B$1001,E21) -> 0 | I21: P75
A22: -1.5121703 | B22: 0 | E22: 0.01 | F22: =E22 -> 0.01 | G22: =_xlfn.PERCENTILE.INC($B$2:$B$1001,E22) -> 0 | I22: =G887-G137 -> 0.69026227
A23: -1.5093424 | B23: 0 | E23: 0.011 | F23: =E23 -> 0.011 | G23: =_xlfn.PERCENTILE.INC($B$2:$B$1001,E23) -> 0 | I23: P70
A24: -1.5065145 | B24: 0 | E24: 0.012 | F24: =E24 -> 0.012 | G24: =_xlfn.PERCENTILE.INC($B$2:$B$1001,E24) -> 0 | I24: =G862-G162 -> 0.67328861
A25: -1.5036866 | B25: 0 | E25: 0.013 | F25: =E25 -> 0.013 | G25: =_xlfn.PERCENTILE.INC($B$2:$B$1001,E25) -> 0 | I25: P65
A26: -1.5008587 | B26: 0 | E26: 0.014 | F26: =E26 -> 0.014 | G26: =_xlfn.PERCENTILE.INC($B$2:$B$1001,E26) -> 0 | I26: =G837-G187 -> 0.65631495
A27: -1.4980308 | B27: 0 | E27: 0.015 | F27: =E27 -> 0.015 | G27: =_xlfn.PERCENTILE.INC($B$2:$B$1001,E27) -> 0 | I27: P60
A28: -1.4952029 | B28: 0.0056578875 | E28: 0.016 | F28: =E28 -> 0.016 | G28: =_xlfn.PERCENTILE.INC($B$2:$B$1001,E28) -> 0 | I28: =G812-G212 -> 0.63934128
A29: -1.492375 | B29: 0 | E29: 0.017 | F29: =E29 -> 0.017 | G29: =_xlfn.PERCENTILE.INC($B$2:$B$1001,E29) -> 0 | I29: P55
A30: -1.4895471 | B30: 0 | E30: 0.018 | F30: =E30 -> 0.018 | G30: =_xlfn.PERCENTILE.INC($B$2:$B$1001,E30) -> 0 | I30: =G787-G237 -> 0.61232487
A31: -1.4867191 | B31: 0.0056578875 | E31: 0.019 | F31: =E31 -> 0.019 | G31: =_xlfn.PERCENTILE.INC($B$2:$B$1001,E31) -> 0 | I31: P50
A32: -1.4838912 | B32: 0 | E32: 0.02 | F32: =E32 -> 0.02 | G32: =_xlfn.PERCENTILE.INC($B$2:$B$1001,E32) -> 0 | I32: =G762-G262 -> 0.5884203
A33: -1.4810633 | B33: 0.0056578875 | E33: 0.021 | F33: =E33 -> 0.021 | G33: =_xlfn.PERCENTILE.INC($B$2:$B$1001,E33) -> 0
A34: -1.4782354 | B34: 0 | E34: 0.022 | F34: =E34 -> 0.022 | G34: =_xlfn.PERCENTILE.INC($B$2:$B$1001,E34) -> 0
A35: -1.4754075 | B35: 0 | E35: 0.023 | F35: =E35 -> 0.023 | G35: =_xlfn.PERCENTILE.INC($B$2:$B$1001,E35) -> 0
A36: -1.4725796 | B36: 0 | E36: 0.024 | F36: =E36 -> 0.024 | G36: =_xlfn.PERCENTILE.INC($B$2:$B$1001,E36) -> 0
A37: -1.4697517 | B37: 0.0056578875 | E37: 0.025 | F37: =E37 -> 0.025 | G37: =_xlfn.PERCENTILE.INC($B$2:$B$1001,E37) -> 0
A38: -1.4669238 | B38: 0 | E38: 0.026 | F38: =E38 -> 0.026 | G38: =_xlfn.PERCENTILE.INC($B$2:$B$1001,E38) -> 0
A39: -1.4640959 | B39: 0.0056578875 | E39: 0.027 | F39: =E39 -> 0.027 | G39: =_xlfn.PERCENTILE.INC($B$2:$B$1001,E39) -> 0
A40: -1.4612679 | B40: 0 | E40: 0.028 | F40: =E40 -> 0.028 | G40: =_xlfn.PERCENTILE.INC($B$2:$B$1001,E40) -> 0
A41: -1.45844 | B41: 0.0056578875 | E41: 0.029 | F41: =E41 -> 0.029 | G41: =_xlfn.PERCENTILE.INC($B$2:$B$1001,E41) -> 0
A42: -1.4556121 | B42: 0 | E42: 0.03 | F42: =E42 -> 0.03 | G42: =_xlfn.PERCENTILE.INC($B$2:$B$1001,E42) -> 0
A43: -1.4527842 | B43: 0 | E43: 0.031 | F43: =E43 -> 0.031 | G43: =_xlfn.PERCENTILE.INC($B$2:$B$1001,E43) -> 0
A44: -1.4499563 | B44: 0.0056578875 | E44: 0.032 | F44: =E44 -> 0.032 | G44: =_xlfn.PERCENTILE.INC($B$2:$B$1001,E44) -> 0
... A1001: 1.2563541 | B1001: 0.016973662 | E1001: 0.989 | F1001: =E1001 -> 0.989 | G1001: =_xlfn.PERCENTILE.INC($B$2:$B$1001,E1001) -> 0.80907791
E1002: 0.99 | F1002: =E1002 -> 0.99 | G1002: =_xlfn.PERCENTILE.INC($B$2:$B$1001,E1002) -> 0.80919107
E1003: 0.991 | F1003: =E1003 -> 0.991 | G1003: =_xlfn.PERCENTILE.INC($B$2:$B$1001,E1003) -> 0.8204446
E1004: 0.992 | F1004: =E1004 -> 0.992 | G1004: =_xlfn.PERCENTILE.INC($B$2:$B$1001,E1004) -> 0.82605157
E1005: 0.993 | F1005: =E1005 -> 0.993 | G1005: =_xlfn.PERCENTILE.INC($B$2:$B$1001,E1005) -> 0.82613078
E1006: 0.994 | F1006: =E1006 -> 0.994 | G1006: =_xlfn.PERCENTILE.INC($B$2:$B$1001,E1006) -> 0.83743524
E1007: 0.995 | F1007: =E1007 -> 0.995 | G1007: =_xlfn.PERCENTILE.INC($B$2:$B$1001,E1007) -> 0.8487397
E1008: 0.996 | F1008: =E1008 -> 0.996 | G1008: =_xlfn.PERCENTILE.INC($B$2:$B$1001,E1008) -> 0.85999889
E1009: 0.997 | F1009: =E1009 -> 0.997 | G1009: =_xlfn.PERCENTILE.INC($B$2:$B$1001,E1009) -> 0.86001587
E1010: 0.998 | F1010: =E1010 -> 0.998 | G1010: =_xlfn.PERCENTILE.INC($B$2:$B$1001,E1010) -> 0.86567941
E1011: 0.999 | F1011: =E1011 -> 0.999 | G1011: =_xlfn.PERCENTILE.INC($B$2:$B$1001,E1011) -> 0.87699519
E1012: 1 | F1012: =E1012 -> 1 | G1012: =_xlfn.PERCENTILE.INC($B$2:$B$1001,E1012) -> 0.89960411

Sheet efbm_H0.5Mach1_3
A1: eta | B1: PDF | C1: Archivo | D1: H | E1: Mach_real | F1: PDF_tipo | G1: pdf_sigma | H1: pdf_sigma_core | I1: pdf_skewness | J1: pdf_kurtosis | K1: Mach_inferido_PDF
A2: -1.1852494 | B2: 0.0062220493 | C2: efbm_H0.5Mach1_3.fits | D2: 0.5 | E2: 1 | F2: B_intermitente | G2: 0.47238073 | H2: 0.26697282 | I2: 0.58056948 | J2: -0.46379137 | K2: 0.67950327
A3: -1.1826779 | B3: 0
A4: -1.1801064 | B4: 0
A5: -1.1775349 | B5: 0
A6: -1.1749634 | B6: 0 | E6: CUARTILES | I6: P50%
A7: -1.1723919 | B7: 0.0062220493 | E7: 1 | F7: 0.25 | G7: =_xlfn.QUARTILE.INC($B$2:$B$1001,E7) -> 0.099552789 | I7: =G9-G7 -> 0.44798755
A8: -1.1698204 | B8: 0 | E8: 2 | F8: 0.5 | G8: =_xlfn.QUARTILE.INC($B$2:$B$1001,E8) -> 0.33599066
A9: -1.1672489 | B9: 0 | E9: 3 | F9: 0.75 | G9: =_xlfn.QUARTILE.INC($B$2:$B$1001,E9) -> 0.54754034
A10: -1.1646774 | B10: 0
A11: -1.1621059 | B11: 0
A12: -1.1595344 | B12: 0 | E12: PERCENTILES
A13: -1.1569629 | B13: 0 | E13: 0.001 | F13: =E13 -> 0.001 | G13: =_xlfn.PERCENTILE.INC($B$2:$B$1001,E13) -> 0 | I13: P95
A14: -1.1543914 | B14: 0.0062220493 | E14: 0.002 | F14: =E14 -> 0.002 | G14: =_xlfn.PERCENTILE.INC($B$2:$B$1001,E14) -> 0 | I14: =G987-G37 -> 1.1573012
A15: -1.1518199 | B15: 0.012444099 | E15: 0.003 | F15: =E15 -> 0.003 | G15: =_xlfn.PERCENTILE.INC($B$2:$B$1001,E15) -> 0 | I15: P90
A16: -1.1492484 | B16: 0 | E16: 0.004 | F16: =E16 -> 0.004 | G16: =_xlfn.PERCENTILE.INC($B$2:$B$1001,E16) -> 0 | I16: =G962-G62 -> 1.0639704
A17: -1.1466769 | B17: 0 | E17: 0.005 | F17: =E17 -> 0.005 | G17: =_xlfn.PERCENTILE.INC($B$2:$B$1001,E17) -> 0 | I17: P85
A18: -1.1441054 | B18: 0.0062220493 | E18: 0.006 | F18: =E18 -> 0.006 | G18: =_xlfn.PERCENTILE.INC($B$2:$B$1001,E18) -> 0 | I18: =G937-G87 -> 0.97732839
A19: -1.1415339 | B19: 0 | E19: 0.007 | F19: =E19 -> 0.007 | G19: =_xlfn.PERCENTILE.INC($B$2:$B$1001,E19) -> 0 | I19: P80
A20: -1.1389624 | B20: 0.012444099 | E20: 0.008 | F20: =E20 -> 0.008 | G20: =_xlfn.PERCENTILE.INC($B$2:$B$1001,E20) -> 0 | I20: =G912-G112 -> 0.86548706
A21: -1.1363909 | B21: 0.0062220493 | E21: 0.009 | F21: =E21 -> 0.009 | G21: =_xlfn.PERCENTILE.INC($B$2:$B$1001,E21) -> 0 | I21: P75
A22: -1.1338194 | B22: 0.012444099 | E22: 0.01 | F22: =E22 -> 0.01 | G22: =_xlfn.PERCENTILE.INC($B$2:$B$1001,E22) -> 0 | I22: =G887-G137 -> 0.79642231
A23: -1.1312479 | B23: 0.018666148 | E23: 0.011 | F23: =E23 -> 0.011 | G23: =_xlfn.PERCENTILE.INC($B$2:$B$1001,E23) -> 0 | I23: P70
A24: -1.1286764 | B24: 0.018666148 | E24: 0.012 | F24: =E24 -> 0.012 | G24: =_xlfn.PERCENTILE.INC($B$2:$B$1001,E24) -> 0 | I24: =G862-G162 -> 0.71646898
A25: -1.1261049 | B25: 0.0062220493 | E25: 0.013 | F25: =E25 -> 0.013 | G25: =_xlfn.PERCENTILE.INC($B$2:$B$1001,E25) -> 0 | I25: P65
A26: -1.1235334 | B26: 0 | E26: 0.014 | F26: =E26 -> 0.014 | G26: =_xlfn.PERCENTILE.INC($B$2:$B$1001,E26) -> 0 | I26: =G837-G187 -> 0.65440404
A27: -1.1209619 | B27: 0.0062220493 | E27: 0.015 | F27: =E27 -> 0.015 | G27: =_xlfn.PERCENTILE.INC($B$2:$B$1001,E27) -> 0 | I27: P60
A28: -1.1183904 | B28: 0.0062220493 | E28: 0.016 | F28: =E28 -> 0.016 | G28: =_xlfn.PERCENTILE.INC($B$2:$B$1001,E28) -> 0 | I28: =G812-G212 -> 0.57367295
A29: -1.1158189 | B29: 0 | E29: 0.017 | F29: =E29 -> 0.017 | G29: =_xlfn.PERCENTILE.INC($B$2:$B$1001,E29) -> 0 | I29: P55
A30: -1.1132474 | B30: 0.012444099 | E30: 0.018 | F30: =E30 -> 0.018 | G30: =_xlfn.PERCENTILE.INC($B$2:$B$1001,E30) -> 0 | I30: =G787-G237 -> 0.50398599
A31: -1.1106759 | B31: 0.0062220493 | E31: 0.019 | F31: =E31 -> 0.019 | G31: =_xlfn.PERCENTILE.INC($B$2:$B$1001,E31) -> 0 | I31: P50
A32: -1.1081044 | B32: 0.0062220493 | E32: 0.02 | F32: =E32 -> 0.02 | G32: =_xlfn.PERCENTILE.INC($B$2:$B$1001,E32) -> 0 | I32: =G762-G262 -> 0.44798755
A33: -1.1055329 | B33: 0.0062220493 | E33: 0.021 | F33: =E33 -> 0.021 | G33: =_xlfn.PERCENTILE.INC($B$2:$B$1001,E33) -> 0
A34: -1.1029614 | B34: 0.0062220493 | E34: 0.022 | F34: =E34 -> 0.022 | G34: =_xlfn.PERCENTILE.INC($B$2:$B$1001,E34) -> 0
A35: -1.1003899 | B35: 0.018666148 | E35: 0.023 | F35: =E35 -> 0.023 | G35: =_xlfn.PERCENTILE.INC($B$2:$B$1001,E35) -> 0
A36: -1.0978184 | B36: 0.012444099 | E36: 0.024 | F36: =E36 -> 0.024 | G36: =_xlfn.PERCENTILE.INC($B$2:$B$1001,E36) -> 0
A37: -1.0952469 | B37: 0.012444099 | E37: 0.025 | F37: =E37 -> 0.025 | G37: =_xlfn.PERCENTILE.INC($B$2:$B$1001,E37) -> 0
A38: -1.0926754 | B38: 0.012444099 | E38: 0.026 | F38: =E38 -> 0.026 | G38: =_xlfn.PERCENTILE.INC($B$2:$B$1001,E38) -> 0
A39: -1.0901039 | B39: 0.018666148 | E39: 0.027 | F39: =E39 -> 0.027 | G39: =_xlfn.PERCENTILE.INC($B$2:$B$1001,E39) -> 0
A40: -1.0875324 | B40: 0.018666148 | E40: 0.028 | F40: =E40 -> 0.028 | G40: =_xlfn.PERCENTILE.INC($B$2:$B$1001,E40) -> 0
A41: -1.0849609 | B41: 0.024888197 | E41: 0.029 | F41: =E41 -> 0.029 | G41: =_xlfn.PERCENTILE.INC($B$2:$B$1001,E41) -> 0
A42: -1.0823894 | B42: 0.012444099 | E42: 0.03 | F42: =E42 -> 0.03 | G42: =_xlfn.PERCENTILE.INC($B$2:$B$1001,E42) -> 0
A43: -1.0798179 | B43: 0.024888197 | E43: 0.031 | F43: =E43 -> 0.031 | G43: =_xlfn.PERCENTILE.INC($B$2:$B$1001,E43) -> 0
A44: -1.0772464 | B44: 0.0062220493 | E44: 0.032 | F44: =E44 -> 0.032 | G44: =_xlfn.PERCENTILE.INC($B$2:$B$1001,E44) -> 0
... A1001: 1.3836791 | B1001: 0.0062220493 | E1001: 0.989 | F1001: =E1001 -> 0.989 | G1001: =_xlfn.PERCENTILE.INC($B$2:$B$1001,E1001) -> 1.2381878
E1002: 0.99 | F1002: =E1002 -> 0.99 | G1002: =_xlfn.PERCENTILE.INC($B$2:$B$1001,E1002) -> 1.2381878
E1003: 0.991 | F1003: =E1003 -> 0.991 | G1003: =_xlfn.PERCENTILE.INC($B$2:$B$1001,E1003) -> 1.2382438
E1004: 0.992 | F1004: =E1004 -> 0.992 | G1004: =_xlfn.PERCENTILE.INC($B$2:$B$1001,E1004) -> 1.2445094
E1005: 0.993 | F1005: =E1005 -> 0.993 | G1005: =_xlfn.PERCENTILE.INC($B$2:$B$1001,E1005) -> 1.2569411
E1006: 0.994 | F1006: =E1006 -> 0.994 | G1006: =_xlfn.PERCENTILE.INC($B$2:$B$1001,E1006) -> 1.2693727
E1007: 0.995 | F1007: =E1007 -> 0.995 | G1007: =_xlfn.PERCENTILE.INC($B$2:$B$1001,E1007) -> 1.2817733
E1008: 0.996 | F1008: =E1008 -> 0.996 | G1008: =_xlfn.PERCENTILE.INC($B$2:$B$1001,E1008) -> 1.2879891
E1009: 0.997 | F1009: =E1009 -> 0.997 | G1009: =_xlfn.PERCENTILE.INC($B$2:$B$1001,E1009) -> 1.2942609
E1010: 0.998 | F1010: =E1010 -> 0.998 | G1010: =_xlfn.PERCENTILE.INC($B$2:$B$1001,E1010) -> 1.3190745
E1011: 0.999 | F1011: =E1011 -> 0.999 | G1011: =_xlfn.PERCENTILE.INC($B$2:$B$1001,E1011) -> 1.3190807
E1012: 1 | F1012: =E1012 -> 1 | G1012: =_xlfn.PERCENTILE.INC($B$2:$B$1001,E1012) -> 1.3252965

Sheet efbm_H0.5Mach1_4
A1: eta | B1: PDF | C1: Archivo | D1: H | E1: Mach_real | F1: PDF_tipo | G1: pdf_sigma | H1: pdf_sigma_core | I1: pdf_skewness | J1: pdf_kurtosis | K1: Mach_inferido_PDF
A2: -1.5369223 | B2: 0.0056011828 | C2: efbm_H0.5Mach1_4.fits | D2: 0.5 | E2: 1 | F2: A_lognormal | G2: 0.47238073 | H2: 0.25153119 | I2: -0.25375646 | J2: -0.3259587 | K2: 1.25
A3: -1.5340657 | B3: 0
A4: -1.5312092 | B4: 0
A5: -1.5283527 | B5: 0.0056011828
A6: -1.5254961 | B6: 0.0056011828 | E6: CUARTILES | I6: P50%
A7: -1.5226396 | B7: 0 | E7: 1 | F7: 0.25 | G7: =_xlfn.QUARTILE.INC($B$2:$B$1001,E7) -> 0.072815377 | I7: =G9-G7 -> 0.53911385
A8: -1.519783 | B8: 0 | E8: 2 | F8: 0.5 | G8: =_xlfn.QUARTILE.INC($B$2:$B$1001,E8) -> 0.29126151
A9: -1.5169265 | B9: 0 | E9: 3 | F9: 0.75 | G9: =_xlfn.QUARTILE.INC($B$2:$B$1001,E9) -> 0.61192922
A10: -1.51407 | B10: 0
A11: -1.5112134 | B11: 0
A12: -1.5083569 | B12: 0 | E12: PERCENTILES
A13: -1.5055003 | B13: 0.0056011828 | E13: 0.001 | F13: =E13 -> 0.001 | G13: =_xlfn.PERCENTILE.INC($B$2:$B$1001,E13) -> 0 | I13: P95
A14: -1.5026438 | B14: 0.0056011828 | E14: 0.002 | F14: =E14 -> 0.002 | G14: =_xlfn.PERCENTILE.INC($B$2:$B$1001,E14) -> 0 | I14: =G987-G37 -> 0.9129928
A15: -1.4997873 | B15: 0 | E15: 0.003 | F15: =E15 -> 0.003 | G15: =_xlfn.PERCENTILE.INC($B$2:$B$1001,E15) -> 0 | I15: P90
A16: -1.4969307 | B16: 0.0056011828 | E16: 0.004 | F16: =E16 -> 0.004 | G16: =_xlfn.PERCENTILE.INC($B$2:$B$1001,E16) -> 0 | I16: =G962-G62 -> 0.87378452
A17: -1.4940742 | B17: 0 | E17: 0.005 | F17: =E17 -> 0.005 | G17: =_xlfn.PERCENTILE.INC($B$2:$B$1001,E17) -> 0 | I17: P85
A18: -1.4912176 | B18: 0 | E18: 0.006 | F18: =E18 -> 0.006 | G18: =_xlfn.PERCENTILE.INC($B$2:$B$1001,E18) -> 0 | I18: =G937-G87 -> 0.82939515
A19: -1.4883611 | B19: 0 | E19: 0.007 | F19: =E19 -> 0.007 | G19: =_xlfn.PERCENTILE.INC($B$2:$B$1001,E19) -> 0 | I19: P80
A20: -1.4855046 | B20: 0 | E20: 0.008 | F20: =E20 -> 0.008 | G20: =_xlfn.PERCENTILE.INC($B$2:$B$1001,E20) -> 0 | I20: =G912-G112 -> 0.80096915
A21: -1.482648 | B21: 0 | E21: 0.009 | F21: =E21 -> 0.009 | G21: =_xlfn.PERCENTILE.INC($B$2:$B$1001,E21) -> 0 | I21: P75
A22: -1.4797915 | B22: 0 | E22: 0.01 | F22: =E22 -> 0.01 | G22: =_xlfn.PERCENTILE.INC($B$2:$B$1001,E22) -> 0 | I22: =G887-G137 -> 0.76736205
A23: -1.4769349 | B23: 0 | E23: 0.011 | F23: =E23 -> 0.011 | G23: =_xlfn.PERCENTILE.INC($B$2:$B$1001,E23) -> 0 | I23: P70
A24: -1.4740784 | B24: 0.011202366 | E24: 0.012 | F24: =E24 -> 0.012 | G24: =_xlfn.PERCENTILE.INC($B$2:$B$1001,E24) -> 0 | I24: =G862-G162 -> 0.73459513
A25: -1.4712219 | B25: 0.0056011828 | E25: 0.013 | F25: =E25 -> 0.013 | G25: =_xlfn.PERCENTILE.INC($B$2:$B$1001,E25) -> 0 | I25: P65
A26: -1.4683653 | B26: 0 | E26: 0.014 | F26: =E26 -> 0.014 | G26: =_xlfn.PERCENTILE.INC($B$2:$B$1001,E26) -> 0 | I26: =G837-G187 -> 0.69454667
A27: -1.4655088 | B27: 0 | E27: 0.015 | F27: =E27 -> 0.015 | G27: =_xlfn.PERCENTILE.INC($B$2:$B$1001,E27) -> 0 | I27: P60
A28: -1.4626522 | B28: 0 | E28: 0.016 | F28: =E28 -> 0.016 | G28: =_xlfn.PERCENTILE.INC($B$2:$B$1001,E28) -> 0 | I28: =G812-G212 -> 0.63517413
A29: -1.4597957 | B29: 0 | E29: 0.017 | F29: =E29 -> 0.017 | G29: =_xlfn.PERCENTILE.INC($B$2:$B$1001,E29) -> 0 | I29: P55
A30: -1.4569392 | B30: 0 | E30: 0.018 | F30: =E30 -> 0.018 | G30: =_xlfn.PERCENTILE.INC($B$2:$B$1001,E30) -> 0 | I30: =G787-G237 -> 0.58938446
A31: -1.4540826 | B31: 0.011202366 | E31: 0.019 | F31: =E31 -> 0.019 | G31: =_xlfn.PERCENTILE.INC($B$2:$B$1001,E31) -> 0 | I31: P50
A32: -1.4512261 | B32: 0.0056011828 | E32: 0.02 | F32: =E32 -> 0.02 | G32: =_xlfn.PERCENTILE.INC($B$2:$B$1001,E32) -> 0 | I32: =G762-G262 -> 0.53911385
A33: -1.4483695 | B33: 0.016803549 | E33: 0.021 | F33: =E33 -> 0.021 | G33: =_xlfn.PERCENTILE.INC($B$2:$B$1001,E33) -> 0
A34: -1.445513 | B34: 0.011202366 | E34: 0.022 | F34: =E34 -> 0.022 | G34: =_xlfn.PERCENTILE.INC($B$2:$B$1001,E34) -> 0
A35: -1.4426565 | B35: 0.011202366 | E35: 0.023 | F35: =E35 -> 0.023 | G35: =_xlfn.PERCENTILE.INC($B$2:$B$1001,E35) -> 0
A36: -1.4397999 | B36: 0.011202366 | E36: 0.024 | F36: =E36 -> 0.024 | G36: =_xlfn.PERCENTILE.INC($B$2:$B$1001,E36) -> 0
A37: -1.4369434 | B37: 0.0056011828 | E37: 0.025 | F37: =E37 -> 0.025 | G37: =_xlfn.PERCENTILE.INC($B$2:$B$1001,E37) -> 0
A38: -1.4340868 | B38: 0 | E38: 0.026 | F38: =E38 -> 0.026 | G38: =_xlfn.PERCENTILE.INC($B$2:$B$1001,E38) -> 0
A39: -1.4312303 | B39: 0.011202366 | E39: 0.027 | F39: =E39 -> 0.027 | G39: =_xlfn.PERCENTILE.INC($B$2:$B$1001,E39) -> 0
A40: -1.4283738 | B40: 0 | E40: 0.028 | F40: =E40 -> 0.028 | G40: =_xlfn.PERCENTILE.INC($B$2:$B$1001,E40) -> 0
A41: -1.4255172 | B41: 0 | E41: 0.029 | F41: =E41 -> 0.029 | G41: =_xlfn.PERCENTILE.INC($B$2:$B$1001,E41) -> 0
A42: -1.4226607 | B42: 0.016803549 | E42: 0.03 | F42: =E42 -> 0.03 | G42: =_xlfn.PERCENTILE.INC($B$2:$B$1001,E42) -> 0
A43: -1.4198042 | B43: 0.0056011828 | E43: 0.031 | F43: =E43 -> 0.031 | G43: =_xlfn.PERCENTILE.INC($B$2:$B$1001,E43) -> 0
A44: -1.4169476 | B44: 0 | E44: 0.032 | F44: =E44 -> 0.032 | G44: =_xlfn.PERCENTILE.INC($B$2:$B$1001,E44) -> 0
... A1001: 1.3167607 | B1001: 0.0056011828 | E1001: 0.989 | F1001: =E1001 -> 0.989 | G1001: =_xlfn.PERCENTILE.INC($B$2:$B$1001,E1001) -> 0.9465999
E1002: 0.99 | F1002: =E1002 -> 0.99 | G1002: =_xlfn.PERCENTILE.INC($B$2:$B$1001,E1002) -> 0.94665591
E1003: 0.991 | F1003: =E1003 -> 0.991 | G1003: =_xlfn.PERCENTILE.INC($B$2:$B$1001,E1003) -> 0.95220108
E1004: 0.992 | F1004: =E1004 -> 0.992 | G1004: =_xlfn.PERCENTILE.INC($B$2:$B$1001,E1004) -> 0.95220108
E1005: 0.993 | F1005: =E1005 -> 0.993 | G1005: =_xlfn.PERCENTILE.INC($B$2:$B$1001,E1005) -> 0.95224029
E1006: 0.994 | F1006: =E1006 -> 0.994 | G1006: =_xlfn.PERCENTILE.INC($B$2:$B$1001,E1006) -> 0.95783587
E1007: 0.995 | F1007: =E1007 -> 0.995 | G1007: =_xlfn.PERCENTILE.INC($B$2:$B$1001,E1007) -> 0.96343145
E1008: 0.996 | F1008: =E1008 -> 0.996 | G1008: =_xlfn.PERCENTILE.INC($B$2:$B$1001,E1008) -> 0.96913906
E1009: 0.997 | F1009: =E1009 -> 0.997 | G1009: =_xlfn.PERCENTILE.INC($B$2:$B$1001,E1009) -> 1.0026285
E1010: 0.998 | F1010: =E1010 -> 0.998 | G1010: =_xlfn.PERCENTILE.INC($B$2:$B$1001,E1010) -> 1.0083137
E1011: 0.999 | F1011: =E1011 -> 0.999 | G1011: =_xlfn.PERCENTILE.INC($B$2:$B$1001,E1011) -> 1.0586348
E1012: 1 | F1012: =E1012 -> 1 | G1012: =_xlfn.PERCENTILE.INC($B$2:$B$1001,E1012) -> 1.0698259

Sheet efbm_H0.5Mach1_5
A1: eta | B1: PDF | C1: Archivo | D1: H | E1: Mach_real | F1: PDF_tipo | G1: pdf_sigma | H1: pdf_sigma_core | I1: pdf_skewness | J1: pdf_kurtosis | K1: Mach_inferido_PDF
A2: -1.8790228 | B2: 0.0049302839 | C2: efbm_H0.5Mach1_5.fits | D2: 0.5 | E2: 1 | F2: B_intermitente | G2: 0.47238073 | H2: 0.24076865 | I2: -0.49174519 | J2: 0.56315614 | K2: 0.61075118
A3: -1.8757775 | B3: 0
A4: -1.8725323 | B4: 0
A5: -1.869287 | B5: 0
A6: -1.8660418 | B6: 0.0049302839 | E6: CUARTILES | I6: P50%
A7: -1.8627965 | B7: 0 | E7: 1 | F7: 0.25 | G7: =_xlfn.QUARTILE.INC($B$2:$B$1001,E7) -> 0.049302839 | I7: =G9-G7 -> 0.47330725
A8: -1.8595513 | B8: 0 | E8: 2 | F8: 0.5 | G8: =_xlfn.QUARTILE.INC($B$2:$B$1001,E8) -> 0.16269937
A9: -1.8563061 | B9: 0 | E9: 3 | F9: 0.75 | G9: =_xlfn.QUARTILE.INC($B$2:$B$1001,E9) -> 0.52261009
A10: -1.8530608 | B10: 0
A11: -1.8498156 | B11: 0
A12: -1.8465703 | B12: 0 | E12: PERCENTILES
A13: -1.8433251 | B13: 0 | E13: 0.001 | F13: =E13 -> 0.001 | G13: =_xlfn.PERCENTILE.INC($B$2:$B$1001,E13) -> 0 | I13: P95
A14: -1.8400798 | B14: 0.0049302839 | E14: 0.002 | F14: =E14 -> 0.002 | G14: =_xlfn.PERCENTILE.INC($B$2:$B$1001,E14) -> 0 | I14: =G987-G37 -> 1.0057779
A15: -1.8368346 | B15: 0 | E15: 0.003 | F15: =E15 -> 0.003 | G15: =_xlfn.PERCENTILE.INC($B$2:$B$1001,E15) -> 0 | I15: P90
A16: -1.8335893 | B16: 0 | E16: 0.004 | F16: =E16 -> 0.004 | G16: =_xlfn.PERCENTILE.INC($B$2:$B$1001,E16) -> 0 | I16: =G962-G62 -> 0.9466145
A17: -1.8303441 | B17: 0.0049302839 | E17: 0.005 | F17: =E17 -> 0.005 | G17: =_xlfn.PERCENTILE.INC($B$2:$B$1001,E17) -> 0 | I17: P85
A18: -1.8270988 | B18: 0 | E18: 0.006 | F18: =E18 -> 0.006 | G18: =_xlfn.PERCENTILE.INC($B$2:$B$1001,E18) -> 0 | I18: =G937-G87 -> 0.91210251
A19: -1.8238536 | B19: 0 | E19: 0.007 | F19: =E19 -> 0.007 | G19: =_xlfn.PERCENTILE.INC($B$2:$B$1001,E19) -> 0 | I19: P80
A20: -1.8206083 | B20: 0 | E20: 0.008 | F20: =E20 -> 0.008 | G20: =_xlfn.PERCENTILE.INC($B$2:$B$1001,E20) -> 0 | I20: =G912-G112 -> 0.88301384
A21: -1.8173631 | B21: 0 | E21: 0.009 | F21: =E21 -> 0.009 | G21: =_xlfn.PERCENTILE.INC($B$2:$B$1001,E21) -> 0 | I21: P75
A22: -1.8141178 | B22: 0.0049302839 | E22: 0.01 | F22: =E22 -> 0.01 | G22: =_xlfn.PERCENTILE.INC($B$2:$B$1001,E22) -> 0 | I22: =G887-G137 -> 0.83814825
A23: -1.8108726 | B23: 0.0049302839 | E23: 0.011 | F23: =E23 -> 0.011 | G23: =_xlfn.PERCENTILE.INC($B$2:$B$1001,E23) -> 0 | I23: P70
A24: -1.8076273 | B24: 0.0049302839 | E24: 0.012 | F24: =E24 -> 0.012 | G24: =_xlfn.PERCENTILE.INC($B$2:$B$1001,E24) -> 0 | I24: =G862-G162 -> 0.764194
A25: -1.8043821 | B25: 0.0049302839 | E25: 0.013 | F25: =E25 -> 0.013 | G25: =_xlfn.PERCENTILE.INC($B$2:$B$1001,E25) -> 0 | I25: P65
A26: -1.8011368 | B26: 0 | E26: 0.014 | F26: =E26 -> 0.014 | G26: =_xlfn.PERCENTILE.INC($B$2:$B$1001,E26) -> 0 | I26: =G837-G187 -> 0.70589339
A27: -1.7978916 | B27: 0.0049302839 | E27: 0.015 | F27: =E27 -> 0.015 | G27: =_xlfn.PERCENTILE.INC($B$2:$B$1001,E27) -> 0 | I27: P60
A28: -1.7946463 | B28: 0 | E28: 0.016 | F28: =E28 -> 0.016 | G28: =_xlfn.PERCENTILE.INC($B$2:$B$1001,E28) -> 0 | I28: =G812-G212 -> 0.62713211
A29: -1.7914011 | B29: 0.0098605677 | E29: 0.017 | F29: =E29 -> 0.017 | G29: =_xlfn.PERCENTILE.INC($B$2:$B$1001,E29) -> 0 | I29: P55
A30: -1.7881558 | B30: 0 | E30: 0.018 | F30: =E30 -> 0.018 | G30: =_xlfn.PERCENTILE.INC($B$2:$B$1001,E30) -> 0 | I30: =G787-G237 -> 0.54726151
A31: -1.7849106 | B31: 0 | E31: 0.019 | F31: =E31 -> 0.019 | G31: =_xlfn.PERCENTILE.INC($B$2:$B$1001,E31) -> 0 | I31: P50
A32: -1.7816653 | B32: 0 | E32: 0.02 | F32: =E32 -> 0.02 | G32: =_xlfn.PERCENTILE.INC($B$2:$B$1001,E32) -> 0 | I32: =G762-G262 -> 0.47330725
A33: -1.7784201 | B33: 0.0098605677 | E33: 0.021 | F33: =E33 -> 0.021 | G33: =_xlfn.PERCENTILE.INC($B$2:$B$1001,E33) -> 0
A34: -1.7751748 | B34: 0.0049302839 | E34: 0.022 | F34: =E34 -> 0.022 | G34: =_xlfn.PERCENTILE.INC($B$2:$B$1001,E34) -> 0
A35: -1.7719296 | B35: 0 | E35: 0.023 | F35: =E35 -> 0.023 | G35: =_xlfn.PERCENTILE.INC($B$2:$B$1001,E35) -> 0
A36: -1.7686843 | B36: 0 | E36: 0.024 | F36: =E36 -> 0.024 | G36: =_xlfn.PERCENTILE.INC($B$2:$B$1001,E36) -> 0
A37: -1.7654391 | B37: 0 | E37: 0.025 | F37: =E37 -> 0.025 | G37: =_xlfn.PERCENTILE.INC($B$2:$B$1001,E37) -> 0
A38: -1.7621938 | B38: 0.0049302839 | E38: 0.026 | F38: =E38 -> 0.026 | G38: =_xlfn.PERCENTILE.INC($B$2:$B$1001,E38) -> 0
A39: -1.7589486 | B39: 0 | E39: 0.027 | F39: =E39 -> 0.027 | G39: =_xlfn.PERCENTILE.INC($B$2:$B$1001,E39) -> 0
A40: -1.7557033 | B40: 0 | E40: 0.028 | F40: =E40 -> 0.028 | G40: =_xlfn.PERCENTILE.INC($B$2:$B$1001,E40) -> 0
A41: -1.7524581 | B41: 0.014790852 | E41: 0.029 | F41: =E41 -> 0.029 | G41: =_xlfn.PERCENTILE.INC($B$2:$B$1001,E41) -> 0
A42: -1.7492128 | B42: 0.0049302839 | E42: 0.03 | F42: =E42 -> 0.03 | G42: =_xlfn.PERCENTILE.INC($B$2:$B$1001,E42) -> 0
A43: -1.7459676 | B43: 0.0098605677 | E43: 0.031 | F43: =E43 -> 0.031 | G43: =_xlfn.PERCENTILE.INC($B$2:$B$1001,E43) -> 0
A44: -1.7427223 | B44: 0.014790852 | E44: 0.032 | F44: =E44 -> 0.032 | G44: =_xlfn.PERCENTILE.INC($B$2:$B$1001,E44) -> 0
... A1001: 1.3629812 | B1001: 0.0049302839 | E1001: 0.989 | F1001: =E1001 -> 0.989 | G1001: =_xlfn.PERCENTILE.INC($B$2:$B$1001,E1001) -> 1.0452202
E1002: 0.99 | F1002: =E1002 -> 0.99 | G1002: =_xlfn.PERCENTILE.INC($B$2:$B$1001,E1002) -> 1.0452695
E1003: 0.991 | F1003: =E1003 -> 0.991 | G1003: =_xlfn.PERCENTILE.INC($B$2:$B$1001,E1003) -> 1.0501948
E1004: 0.992 | F1004: =E1004 -> 0.992 | G1004: =_xlfn.PERCENTILE.INC($B$2:$B$1001,E1004) -> 1.0550807
E1005: 0.993 | F1005: =E1005 -> 0.993 | G1005: =_xlfn.PERCENTILE.INC($B$2:$B$1001,E1005) -> 1.0550807
E1006: 0.994 | F1006: =E1006 -> 0.994 | G1006: =_xlfn.PERCENTILE.INC($B$2:$B$1001,E1006) -> 1.0551991
E1007: 0.995 | F1007: =E1007 -> 0.995 | G1007: =_xlfn.PERCENTILE.INC($B$2:$B$1001,E1007) -> 1.0748512
E1008: 0.996 | F1008: =E1008 -> 0.996 | G1008: =_xlfn.PERCENTILE.INC($B$2:$B$1001,E1008) -> 1.0846822
E1009: 0.997 | F1009: =E1009 -> 0.997 | G1009: =_xlfn.PERCENTILE.INC($B$2:$B$1001,E1009) -> 1.0895927
E1010: 0.998 | F1010: =E1010 -> 0.998 | G1010: =_xlfn.PERCENTILE.INC($B$2:$B$1001,E1010) -> 1.089642
E1011: 0.999 | F1011: =E1011 -> 0.999 | G1011: =_xlfn.PERCENTILE.INC($B$2:$B$1001,E1011) -> 1.1142491
E1012: 1 | F1012: =E1012 -> 1 | G1012: =_xlfn.PERCENTILE.INC($B$2:$B$1001,E1012) -> 1.1191744

Sheet efbm_H0.5Mach1_6
A1: eta | B1: PDF | C1: Archivo | D1: H | E1: Mach_real | F1: PDF_tipo | G1: pdf_sigma | H1: pdf_sigma_core | I1: pdf_skewness | J1: pdf_kurtosis | K1: Mach_inferido_PDF
A2: -1.4678658 | B2: 0.0061128625 | C2: efbm_H0.5Mach1_6.fits | D2: 0.5 | E2: 1 | F2: B_intermitente | G2: 0.47238073 | H2: 0.25538215 | I2: -0.40201208 | J2: -0.44223323 | K2: 0.64900824
A3: -1.4652483 | B3: 0.0061128625
A4: -1.4626309 | B4: 0
A5: -1.4600135 | B5: 0
A6: -1.457396 | B6: 0 | E6: CUARTILES | I6: P50%
A7: -1.4547786 | B7: 0 | E7: 1 | F7: 0.25 | G7: =_xlfn.QUARTILE.INC($B$2:$B$1001,E7) -> 0.11614439 | I7: =G9-G7 -> 0.52112153
A8: -1.4521612 | B8: 0 | E8: 2 | F8: 0.5 | G8: =_xlfn.QUARTILE.INC($B$2:$B$1001,E8) -> 0.32398171
A9: -1.4495437 | B9: 0 | E9: 3 | F9: 0.75 | G9: =_xlfn.QUARTILE.INC($B$2:$B$1001,E9) -> 0.63726592
A10: -1.4469263 | B10: 0.0061128625
A11: -1.4443089 | B11: 0
A12: -1.4416914 | B12: 0 | E12: PERCENTILES
A13: -1.439074 | B13: 0 | E13: 0.001 | F13: =E13 -> 0.001 | G13: =_xlfn.PERCENTILE.INC($B$2:$B$1001,E13) -> 0 | I13: P95
A14: -1.4364566 | B14: 0 | E14: 0.002 | F14: =E14 -> 0.002 | G14: =_xlfn.PERCENTILE.INC($B$2:$B$1001,E14) -> 0 | I14: =G987-G37 -> 0.89874361
A15: -1.4338391 | B15: 0.0061128625 | E15: 0.003 | F15: =E15 -> 0.003 | G15: =_xlfn.PERCENTILE.INC($B$2:$B$1001,E15) -> 0 | I15: P90
A16: -1.4312217 | B16: 0.0061128625 | E16: 0.004 | F16: =E16 -> 0.004 | G16: =_xlfn.PERCENTILE.INC($B$2:$B$1001,E16) -> 0 | I16: =G962-G62 -> 0.86191362
A17: -1.4286043 | B17: 0.0061128625 | E17: 0.005 | F17: =E17 -> 0.005 | G17: =_xlfn.PERCENTILE.INC($B$2:$B$1001,E17) -> 0 | I17: P85
A18: -1.4259869 | B18: 0.0061128625 | E18: 0.006 | F18: =E18 -> 0.006 | G18: =_xlfn.PERCENTILE.INC($B$2:$B$1001,E18) -> 0 | I18: =G937-G87 -> 0.8313493
A19: -1.4233694 | B19: 0 | E19: 0.007 | F19: =E19 -> 0.007 | G19: =_xlfn.PERCENTILE.INC($B$2:$B$1001,E19) -> 0 | I19: P80
A20: -1.420752 | B20: 0 | E20: 0.008 | F20: =E20 -> 0.008 | G20: =_xlfn.PERCENTILE.INC($B$2:$B$1001,E20) -> 0 | I20: =G912-G112 -> 0.80078499
A21: -1.4181346 | B21: 0 | E21: 0.009 | F21: =E21 -> 0.009 | G21: =_xlfn.PERCENTILE.INC($B$2:$B$1001,E21) -> 0 | I21: P75
A22: -1.4155171 | B22: 0.012225725 | E22: 0.01 | F22: =E22 -> 0.01 | G22: =_xlfn.PERCENTILE.INC($B$2:$B$1001,E22) -> 0 | I22: =G887-G137 -> 0.76410782
A23: -1.4128997 | B23: 0 | E23: 0.011 | F23: =E23 -> 0.011 | G23: =_xlfn.PERCENTILE.INC($B$2:$B$1001,E23) -> 0 | I23: P70
A24: -1.4102823 | B24: 0.0061128625 | E24: 0.012 | F24: =E24 -> 0.012 | G24: =_xlfn.PERCENTILE.INC($B$2:$B$1001,E24) -> 0 | I24: =G862-G162 -> 0.7335435
A25: -1.4076648 | B25: 0 | E25: 0.013 | F25: =E25 -> 0.013 | G25: =_xlfn.PERCENTILE.INC($B$2:$B$1001,E25) -> 0 | I25: P65
A26: -1.4050474 | B26: 0 | E26: 0.014 | F26: =E26 -> 0.014 | G26: =_xlfn.PERCENTILE.INC($B$2:$B$1001,E26) -> 0 | I26: =G837-G187 -> 0.69075347
A27: -1.40243 | B27: 0 | E27: 0.015 | F27: =E27 -> 0.015 | G27: =_xlfn.PERCENTILE.INC($B$2:$B$1001,E27) -> 0 | I27: P60
A28: -1.3998125 | B28: 0.012225725 | E28: 0.016 | F28: =E28 -> 0.016 | G28: =_xlfn.PERCENTILE.INC($B$2:$B$1001,E28) -> 0 | I28: =G812-G212 -> 0.64796343
A29: -1.3971951 | B29: 0 | E29: 0.017 | F29: =E29 -> 0.017 | G29: =_xlfn.PERCENTILE.INC($B$2:$B$1001,E29) -> 0 | I29: P55
A30: -1.3945777 | B30: 0 | E30: 0.018 | F30: =E30 -> 0.018 | G30: =_xlfn.PERCENTILE.INC($B$2:$B$1001,E30) -> 0 | I30: =G787-G237 -> 0.5882102
A31: -1.3919602 | B31: 0.018338588 | E31: 0.019 | F31: =E31 -> 0.019 | G31: =_xlfn.PERCENTILE.INC($B$2:$B$1001,E31) -> 0 | I31: P50
A32: -1.3893428 | B32: 0.0061128625 | E32: 0.02 | F32: =E32 -> 0.02 | G32: =_xlfn.PERCENTILE.INC($B$2:$B$1001,E32) -> 0 | I32: =G762-G262 -> 0.52112153
A33: -1.3867254 | B33: 0.012225725 | E33: 0.021 | F33: =E33 -> 0.021 | G33: =_xlfn.PERCENTILE.INC($B$2:$B$1001,E33) -> 0
A34: -1.3841079 | B34: 0.012225725 | E34: 0.022 | F34: =E34 -> 0.022 | G34: =_xlfn.PERCENTILE.INC($B$2:$B$1001,E34) -> 0
A35: -1.3814905 | B35: 0.02445145 | E35: 0.023 | F35: =E35 -> 0.023 | G35: =_xlfn.PERCENTILE.INC($B$2:$B$1001,E35) -> 0
A36: -1.3788731 | B36: 0.018338588 | E36: 0.024 | F36: =E36 -> 0.024 | G36: =_xlfn.PERCENTILE.INC($B$2:$B$1001,E36) -> 0
A37: -1.3762556 | B37: 0.02445145 | E37: 0.025 | F37: =E37 -> 0.025 | G37: =_xlfn.PERCENTILE.INC($B$2:$B$1001,E37) -> 0
A38: -1.3736382 | B38: 0 | E38: 0.026 | F38: =E38 -> 0.026 | G38: =_xlfn.PERCENTILE.INC($B$2:$B$1001,E38) -> 0
A39: -1.3710208 | B39: 0.012225725 | E39: 0.027 | F39: =E39 -> 0.027 | G39: =_xlfn.PERCENTILE.INC($B$2:$B$1001,E39) -> 0
A40: -1.3684034 | B40: 0.036677175 | E40: 0.028 | F40: =E40 -> 0.028 | G40: =_xlfn.PERCENTILE.INC($B$2:$B$1001,E40) -> 0
A41: -1.3657859 | B41: 0.02445145 | E41: 0.029 | F41: =E41 -> 0.029 | G41: =_xlfn.PERCENTILE.INC($B$2:$B$1001,E41) -> 0
A42: -1.3631685 | B42: 0.0061128625 | E42: 0.03 | F42: =E42 -> 0.03 | G42: =_xlfn.PERCENTILE.INC($B$2:$B$1001,E42) -> 0
A43: -1.3605511 | B43: 0.030564313 | E43: 0.031 | F43: =E43 -> 0.031 | G43: =_xlfn.PERCENTILE.INC($B$2:$B$1001,E43) -> 0
A44: -1.3579336 | B44: 0.012225725 | E44: 0.032 | F44: =E44 -> 0.032 | G44: =_xlfn.PERCENTILE.INC($B$2:$B$1001,E44) -> 0
... A1001: 1.1469485 | B1001: 0.0061128625 | E1001: 0.989 | F1001: =E1001 -> 0.989 | G1001: =_xlfn.PERCENTILE.INC($B$2:$B$1001,E1001) -> 0.93526797
E1002: 0.99 | F1002: =E1002 -> 0.99 | G1002: =_xlfn.PERCENTILE.INC($B$2:$B$1001,E1002) -> 0.93539023
E1003: 0.991 | F1003: =E1003 -> 0.991 | G1003: =_xlfn.PERCENTILE.INC($B$2:$B$1001,E1003) -> 0.94754871
E1004: 0.992 | F1004: =E1004 -> 0.992 | G1004: =_xlfn.PERCENTILE.INC($B$2:$B$1001,E1004) -> 0.95365546
E1005: 0.993 | F1005: =E1005 -> 0.993 | G1005: =_xlfn.PERCENTILE.INC($B$2:$B$1001,E1005) -> 0.959805
E1006: 0.994 | F1006: =E1006 -> 0.994 | G1006: =_xlfn.PERCENTILE.INC($B$2:$B$1001,E1006) -> 0.97198182
E1007: 0.995 | F1007: =E1007 -> 0.995 | G1007: =_xlfn.PERCENTILE.INC($B$2:$B$1001,E1007) -> 0.97805801
E1008: 0.996 | F1008: =E1008 -> 0.996 | G1008: =_xlfn.PERCENTILE.INC($B$2:$B$1001,E1008) -> 0.97810691
E1009: 0.997 | F1009: =E1009 -> 0.997 | G1009: =_xlfn.PERCENTILE.INC($B$2:$B$1001,E1009) -> 0.99028373
E1010: 0.998 | F1010: =E1010 -> 0.998 | G1010: =_xlfn.PERCENTILE.INC($B$2:$B$1001,E1010) -> 0.99032041
E1011: 0.999 | F1011: =E1011 -> 0.999 | G1011: =_xlfn.PERCENTILE.INC($B$2:$B$1001,E1011) -> 1.008659
E1012: 1 | F1012: =E1012 -> 1 | G1012: =_xlfn.PERCENTILE.INC($B$2:$B$1001,E1012) -> 1.0452995

Sheet efbm_H0.5Mach1_7
A1: eta | B1: PDF | C1: Archivo | D1: H | E1: Mach_real | F1: PDF_tipo | G1: pdf_sigma | H1: pdf_sigma_core | I1: pdf_skewness | J1: pdf_kurtosis | K1: Mach_inferido_PDF
A2: -1.6352634 | B2: 0.0055509856 | C2: efbm_H0.5Mach1_7.fits | D2: 0.5 | E2: 1 | F2: A_lognormal | G2: 0.47238073 | H2: 0.26051523 | I2: -0.2659248 | J2: -0.44122871 | K2: 1.25
A3: -1.632381 | B3: 0
A4: -1.6294987 | B4: 0
A5: -1.6266163 | B5: 0
A6: -1.6237339 | B6: 0 | E6: CUARTILES | I6: P50%
A7: -1.6208516 | B7: 0 | E7: 1 | F7: 0.25 | G7: =_xlfn.QUARTILE.INC($B$2:$B$1001,E7) -> 0.04995887 | I7: =G9-G7 -> 0.58979222
A8: -1.6179692 | B8: 0 | E8: 2 | F8: 0.5 | G8: =_xlfn.QUARTILE.INC($B$2:$B$1001,E8) -> 0.26644731
A9: -1.6150868 | B9: 0 | E9: 3 | F9: 0.75 | G9: =_xlfn.QUARTILE.INC($B$2:$B$1001,E9) -> 0.63975109
A10: -1.6122045 | B10: 0
A11: -1.6093221 | B11: 0
A12: -1.6064397 | B12: 0 | E12: PERCENTILES
A13: -1.6035573 | B13: 0 | E13: 0.001 | F13: =E13 -> 0.001 | G13: =_xlfn.PERCENTILE.INC($B$2:$B$1001,E13) -> 0 | I13: P95
A14: -1.600675 | B14: 0 | E14: 0.002 | F14: =E14 -> 0.002 | G14: =_xlfn.PERCENTILE.INC($B$2:$B$1001,E14) -> 0 | I14: =G987-G37 -> 0.84943957
A15: -1.5977926 | B15: 0 | E15: 0.003 | F15: =E15 -> 0.003 | G15: =_xlfn.PERCENTILE.INC($B$2:$B$1001,E15) -> 0 | I15: P90
A16: -1.5949102 | B16: 0 | E16: 0.004 | F16: =E16 -> 0.004 | G16: =_xlfn.PERCENTILE.INC($B$2:$B$1001,E16) -> 0 | I16: =G962-G62 -> 0.81599488
A17: -1.5920279 | B17: 0 | E17: 0.005 | F17: =E17 -> 0.005 | G17: =_xlfn.PERCENTILE.INC($B$2:$B$1001,E17) -> 0 | I17: P85
A18: -1.5891455 | B18: 0 | E18: 0.006 | F18: =E18 -> 0.006 | G18: =_xlfn.PERCENTILE.INC($B$2:$B$1001,E18) -> 0 | I18: =G937-G87 -> 0.79379094
A19: -1.5862631 | B19: 0 | E19: 0.007 | F19: =E19 -> 0.007 | G19: =_xlfn.PERCENTILE.INC($B$2:$B$1001,E19) -> 0 | I19: P80
A20: -1.5833807 | B20: 0 | E20: 0.008 | F20: =E20 -> 0.008 | G20: =_xlfn.PERCENTILE.INC($B$2:$B$1001,E20) -> 0 | I20: =G912-G112 -> 0.76659111
A21: -1.5804984 | B21: 0 | E21: 0.009 | F21: =E21 -> 0.009 | G21: =_xlfn.PERCENTILE.INC($B$2:$B$1001,E21) -> 0 | I21: P75
A22: -1.577616 | B22: 0 | E22: 0.01 | F22: =E22 -> 0.01 | G22: =_xlfn.PERCENTILE.INC($B$2:$B$1001,E22) -> 0 | I22: =G887-G137 -> 0.74938305
A23: -1.5747336 | B23: 0 | E23: 0.011 | F23: =E23 -> 0.011 | G23: =_xlfn.PERCENTILE.INC($B$2:$B$1001,E23) -> 0 | I23: P70
A24: -1.5718513 | B24: 0 | E24: 0.012 | F24: =E24 -> 0.012 | G24: =_xlfn.PERCENTILE.INC($B$2:$B$1001,E24) -> 0 | I24: =G862-G162 -> 0.72162813
A25: -1.5689689 | B25: 0.0055509856 | E25: 0.013 | F25: =E25 -> 0.013 | G25: =_xlfn.PERCENTILE.INC($B$2:$B$1001,E25) -> 0 | I25: P65
A26: -1.5660865 | B26: 0 | E26: 0.014 | F26: =E26 -> 0.014 | G26: =_xlfn.PERCENTILE.INC($B$2:$B$1001,E26) -> 0 | I26: =G837-G187 -> 0.69942418
A27: -1.5632041 | B27: 0 | E27: 0.015 | F27: =E27 -> 0.015 | G27: =_xlfn.PERCENTILE.INC($B$2:$B$1001,E27) -> 0 | I27: P60
A28: -1.5603218 | B28: 0 | E28: 0.016 | F28: =E28 -> 0.016 | G28: =_xlfn.PERCENTILE.INC($B$2:$B$1001,E28) -> 0 | I28: =G812-G212 -> 0.67166926
A29: -1.5574394 | B29: 0 | E29: 0.017 | F29: =E29 -> 0.017 | G29: =_xlfn.PERCENTILE.INC($B$2:$B$1001,E29) -> 0 | I29: P55
A30: -1.554557 | B30: 0 | E30: 0.018 | F30: =E30 -> 0.018 | G30: =_xlfn.PERCENTILE.INC($B$2:$B$1001,E30) -> 0 | I30: =G787-G237 -> 0.63961231
A31: -1.5516747 | B31: 0 | E31: 0.019 | F31: =E31 -> 0.019 | G31: =_xlfn.PERCENTILE.INC($B$2:$B$1001,E31) -> 0 | I31: P50
A32: -1.5487923 | B32: 0.0055509856 | E32: 0.02 | F32: =E32 -> 0.02 | G32: =_xlfn.PERCENTILE.INC($B$2:$B$1001,E32) -> 0 | I32: =G762-G262 -> 0.58979222
A33: -1.5459099 | B33: 0.011101971 | E33: 0.021 | F33: =E33 -> 0.021 | G33: =_xlfn.PERCENTILE.INC($B$2:$B$1001,E33) -> 0
A34: -1.5430275 | B34: 0 | E34: 0.022 | F34: =E34 -> 0.022 | G34: =_xlfn.PERCENTILE.INC($B$2:$B$1001,E34) -> 0
A35: -1.5401452 | B35: 0 | E35: 0.023 | F35: =E35 -> 0.023 | G35: =_xlfn.PERCENTILE.INC($B$2:$B$1001,E35) -> 0
A36: -1.5372628 | B36: 0 | E36: 0.024 | F36: =E36 -> 0.024 | G36: =_xlfn.PERCENTILE.INC($B$2:$B$1001,E36) -> 0
A37: -1.5343804 | B37: 0 | E37: 0.025 | F37: =E37 -> 0.025 | G37: =_xlfn.PERCENTILE.INC($B$2:$B$1001,E37) -> 0
A38: -1.5314981 | B38: 0 | E38: 0.026 | F38: =E38 -> 0.026 | G38: =_xlfn.PERCENTILE.INC($B$2:$B$1001,E38) -> 0
A39: -1.5286157 | B39: 0.0055509856 | E39: 0.027 | F39: =E39 -> 0.027 | G39: =_xlfn.PERCENTILE.INC($B$2:$B$1001,E39) -> 0
A40: -1.5257333 | B40: 0 | E40: 0.028 | F40: =E40 -> 0.028 | G40: =_xlfn.PERCENTILE.INC($B$2:$B$1001,E40) -> 0
A41: -1.5228509 | B41: 0 | E41: 0.029 | F41: =E41 -> 0.029 | G41: =_xlfn.PERCENTILE.INC($B$2:$B$1001,E41) -> 0
A42: -1.5199686 | B42: 0.0055509856 | E42: 0.03 | F42: =E42 -> 0.03 | G42: =_xlfn.PERCENTILE.INC($B$2:$B$1001,E42) -> 0
A43: -1.5170862 | B43: 0 | E43: 0.031 | F43: =E43 -> 0.031 | G43: =_xlfn.PERCENTILE.INC($B$2:$B$1001,E43) -> 0
A44: -1.5142038 | B44: 0 | E44: 0.032 | F44: =E44 -> 0.032 | G44: =_xlfn.PERCENTILE.INC($B$2:$B$1001,E44) -> 0
... A1001: 1.2442252 | B1001: 0.0055509856 | E1001: 0.989 | F1001: =E1001 -> 0.989 | G1001: =_xlfn.PERCENTILE.INC($B$2:$B$1001,E1001) -> 0.87705572
E1002: 0.99 | F1002: =E1002 -> 0.99 | G1002: =_xlfn.PERCENTILE.INC($B$2:$B$1001,E1002) -> 0.87705572
E1003: 0.991 | F1003: =E1003 -> 0.991 | G1003: =_xlfn.PERCENTILE.INC($B$2:$B$1001,E1003) -> 0.87705572
E1004: 0.992 | F1004: =E1004 -> 0.992 | G1004: =_xlfn.PERCENTILE.INC($B$2:$B$1001,E1004) -> 0.87710013
E1005: 0.993 | F1005: =E1005 -> 0.993 | G1005: =_xlfn.PERCENTILE.INC($B$2:$B$1001,E1005) -> 0.88260671
E1006: 0.994 | F1006: =E1006 -> 0.994 | G1006: =_xlfn.PERCENTILE.INC($B$2:$B$1001,E1006) -> 0.88264001
E1007: 0.995 | F1007: =E1007 -> 0.995 | G1007: =_xlfn.PERCENTILE.INC($B$2:$B$1001,E1007) -> 0.88818545
E1008: 0.996 | F1008: =E1008 -> 0.996 | G1008: =_xlfn.PERCENTILE.INC($B$2:$B$1001,E1008) -> 0.89373088
E1009: 0.997 | F1009: =E1009 -> 0.997 | G1009: =_xlfn.PERCENTILE.INC($B$2:$B$1001,E1009) -> 0.89934293
E1010: 0.998 | F1010: =E1010 -> 0.998 | G1010: =_xlfn.PERCENTILE.INC($B$2:$B$1001,E1010) -> 0.9270257
E1011: 0.999 | F1011: =E1011 -> 0.999 | G1011: =_xlfn.PERCENTILE.INC($B$2:$B$1001,E1011) -> 0.93257113
E1012: 1 | F1012: =E1012 -> 1 | G1012: =_xlfn.PERCENTILE.INC($B$2:$B$1001,E1012) -> 0.93811656

Sheet efbm_H0.5Mach1_8
A1: eta | B1: PDF | C1: Archivo | D1: H | E1: Mach_real | F1: PDF_tipo | G1: pdf_sigma | H1: pdf_sigma_core | I1: pdf_skewness | J1: pdf_kurtosis | K1: Mach_inferido_PDF
A2: -1.5262986 | B2: 0.0053312561 | C2: efbm_H0.5Mach1_8.fits | D2: 0.5 | E2: 1 | F2: A_lognormal | G2: 0.47238073 | H2: 0.24235331 | I2: 0.12094689 | J2: -0.0057501124 | K2: 1.25
A3: -1.5232974 | B3: 0
A4: -1.5202962 | B4: 0
A5: -1.5172951 | B5: 0
A6: -1.5142939 | B6: 0.0053312561 | E6: CUARTILES | I6: P50%
A7: -1.5112927 | B7: 0 | E7: 1 | F7: 0.25 | G7: =_xlfn.QUARTILE.INC($B$2:$B$1001,E7) -> 0.063975073 | I7: =G9-G7 -> 0.48114586
A8: -1.5082915 | B8: 0.0053312561 | E8: 2 | F8: 0.5 | G8: =_xlfn.QUARTILE.INC($B$2:$B$1001,E8) -> 0.25056904
A9: -1.5052904 | B9: 0 | E9: 3 | F9: 0.75 | G9: =_xlfn.QUARTILE.INC($B$2:$B$1001,E9) -> 0.54512094
A10: -1.5022892 | B10: 0
A11: -1.499288 | B11: 0
A12: -1.4962869 | B12: 0 | E12: PERCENTILES
A13: -1.4932857 | B13: 0 | E13: 0.001 | F13: =E13 -> 0.001 | G13: =_xlfn.PERCENTILE.INC($B$2:$B$1001,E13) -> 0 | I13: P95
A14: -1.4902845 | B14: 0 | E14: 0.002 | F14: =E14 -> 0.002 | G14: =_xlfn.PERCENTILE.INC($B$2:$B$1001,E14) -> 0 | I14: =G987-G37 -> 1.0395949
A15: -1.4872834 | B15: 0 | E15: 0.003 | F15: =E15 -> 0.003 | G15: =_xlfn.PERCENTILE.INC($B$2:$B$1001,E15) -> 0 | I15: P90
A16: -1.4842822 | B16: 0.0053312561 | E16: 0.004 | F16: =E16 -> 0.004 | G16: =_xlfn.PERCENTILE.INC($B$2:$B$1001,E16) -> 0 | I16: =G962-G62 -> 0.94923015
A17: -1.481281 | B17: 0 | E17: 0.005 | F17: =E17 -> 0.005 | G17: =_xlfn.PERCENTILE.INC($B$2:$B$1001,E17) -> 0 | I17: P85
A18: -1.4782799 | B18: 0.0053312561 | E18: 0.006 | F18: =E18 -> 0.006 | G18: =_xlfn.PERCENTILE.INC($B$2:$B$1001,E18) -> 0 | I18: =G937-G87 -> 0.89565102
A19: -1.4752787 | B19: 0 | E19: 0.007 | F19: =E19 -> 0.007 | G19: =_xlfn.PERCENTILE.INC($B$2:$B$1001,E19) -> 0 | I19: P80
A20: -1.4722775 | B20: 0.010662512 | E20: 0.008 | F20: =E20 -> 0.008 | G20: =_xlfn.PERCENTILE.INC($B$2:$B$1001,E20) -> 0 | I20: =G912-G112 -> 0.8055528
A21: -1.4692763 | B21: 0 | E21: 0.009 | F21: =E21 -> 0.009 | G21: =_xlfn.PERCENTILE.INC($B$2:$B$1001,E21) -> 0 | I21: P75
A22: -1.4662752 | B22: 0.0053312561 | E22: 0.01 | F22: =E22 -> 0.01 | G22: =_xlfn.PERCENTILE.INC($B$2:$B$1001,E22) -> 0 | I22: =G887-G137 -> 0.75237352
A23: -1.463274 | B23: 0 | E23: 0.011 | F23: =E23 -> 0.011 | G23: =_xlfn.PERCENTILE.INC($B$2:$B$1001,E23) -> 0 | I23: P70
A24: -1.4602728 | B24: 0.0053312561 | E24: 0.012 | F24: =E24 -> 0.012 | G24: =_xlfn.PERCENTILE.INC($B$2:$B$1001,E24) -> 0 | I24: =G862-G162 -> 0.68853172
A25: -1.4572717 | B25: 0.010662512 | E25: 0.013 | F25: =E25 -> 0.013 | G25: =_xlfn.PERCENTILE.INC($B$2:$B$1001,E25) -> 0 | I25: P65
A26: -1.4542705 | B26: 0.010662512 | E26: 0.014 | F26: =E26 -> 0.014 | G26: =_xlfn.PERCENTILE.INC($B$2:$B$1001,E26) -> 0 | I26: =G837-G187 -> 0.63975073
A27: -1.4512693 | B27: 0 | E27: 0.015 | F27: =E27 -> 0.015 | G27: =_xlfn.PERCENTILE.INC($B$2:$B$1001,E27) -> 0 | I27: P60
A28: -1.4482682 | B28: 0 | E28: 0.016 | F28: =E28 -> 0.016 | G28: =_xlfn.PERCENTILE.INC($B$2:$B$1001,E28) -> 0 | I28: =G812-G212 -> 0.58643817
A29: -1.445267 | B29: 0 | E29: 0.017 | F29: =E29 -> 0.017 | G29: =_xlfn.PERCENTILE.INC($B$2:$B$1001,E29) -> 0 | I29: P55
A30: -1.4422658 | B30: 0.0053312561 | E30: 0.018 | F30: =E30 -> 0.018 | G30: =_xlfn.PERCENTILE.INC($B$2:$B$1001,E30) -> 0 | I30: =G787-G237 -> 0.52779435
A31: -1.4392647 | B31: 0.010662512 | E31: 0.019 | F31: =E31 -> 0.019 | G31: =_xlfn.PERCENTILE.INC($B$2:$B$1001,E31) -> 0 | I31: P50
A32: -1.4362635 | B32: 0.021325024 | E32: 0.02 | F32: =E32 -> 0.02 | G32: =_xlfn.PERCENTILE.INC($B$2:$B$1001,E32) -> 0 | I32: =G762-G262 -> 0.48114586
A33: -1.4332623 | B33: 0.015993768 | E33: 0.021 | F33: =E33 -> 0.021 | G33: =_xlfn.PERCENTILE.INC($B$2:$B$1001,E33) -> 0
A34: -1.4302612 | B34: 0.02665628 | E34: 0.022 | F34: =E34 -> 0.022 | G34: =_xlfn.PERCENTILE.INC($B$2:$B$1001,E34) -> 0
A35: -1.42726 | B35: 0.010662512 | E35: 0.023 | F35: =E35 -> 0.023 | G35: =_xlfn.PERCENTILE.INC($B$2:$B$1001,E35) -> 0
A36: -1.4242588 | B36: 0.010662512 | E36: 0.024 | F36: =E36 -> 0.024 | G36: =_xlfn.PERCENTILE.INC($B$2:$B$1001,E36) -> 0
A37: -1.4212576 | B37: 0.015993768 | E37: 0.025 | F37: =E37 -> 0.025 | G37: =_xlfn.PERCENTILE.INC($B$2:$B$1001,E37) -> 0
A38: -1.4182565 | B38: 0.015993768 | E38: 0.026 | F38: =E38 -> 0.026 | G38: =_xlfn.PERCENTILE.INC($B$2:$B$1001,E38) -> 0
A39: -1.4152553 | B39: 0.010662512 | E39: 0.027 | F39: =E39 -> 0.027 | G39: =_xlfn.PERCENTILE.INC($B$2:$B$1001,E39) -> 0
A40: -1.4122541 | B40: 0.010662512 | E40: 0.028 | F40: =E40 -> 0.028 | G40: =_xlfn.PERCENTILE.INC($B$2:$B$1001,E40) -> 0
A41: -1.409253 | B41: 0.0053312561 | E41: 0.029 | F41: =E41 -> 0.029 | G41: =_xlfn.PERCENTILE.INC($B$2:$B$1001,E41) -> 0
A42: -1.4062518 | B42: 0.0053312561 | E42: 0.03 | F42: =E42 -> 0.03 | G42: =_xlfn.PERCENTILE.INC($B$2:$B$1001,E42) -> 0
A43: -1.4032506 | B43: 0.02665628 | E43: 0.031 | F43: =E43 -> 0.031 | G43: =_xlfn.PERCENTILE.INC($B$2:$B$1001,E43) -> 0
A44: -1.4002495 | B44: 0.021325024 | E44: 0.032 | F44: =E44 -> 0.032 | G44: =_xlfn.PERCENTILE.INC($B$2:$B$1001,E44) -> 0
... A1001: 1.4718692 | B1001: 0.0053312561 | E1001: 0.989 | F1001: =E1001 -> 0.989 | G1001: =_xlfn.PERCENTILE.INC($B$2:$B$1001,E1001) -> 1.0876349
E1002: 0.99 | F1002: =E1002 -> 0.99 | G1002: =_xlfn.PERCENTILE.INC($B$2:$B$1001,E1002) -> 1.0929075
E1003: 0.991 | F1003: =E1003 -> 0.991 | G1003: =_xlfn.PERCENTILE.INC($B$2:$B$1001,E1003) -> 1.0929555
E1004: 0.992 | F1004: =E1004 -> 0.992 | G1004: =_xlfn.PERCENTILE.INC($B$2:$B$1001,E1004) -> 1.0983241
E1005: 0.993 | F1005: =E1005 -> 0.993 | G1005: =_xlfn.PERCENTILE.INC($B$2:$B$1001,E1005) -> 1.1090505
E1006: 0.994 | F1006: =E1006 -> 0.994 | G1006: =_xlfn.PERCENTILE.INC($B$2:$B$1001,E1006) -> 1.1302583
E1007: 0.995 | F1007: =E1007 -> 0.995 | G1007: =_xlfn.PERCENTILE.INC($B$2:$B$1001,E1007) -> 1.1355575
E1008: 0.996 | F1008: =E1008 -> 0.996 | G1008: =_xlfn.PERCENTILE.INC($B$2:$B$1001,E1008) -> 1.1355575
E1009: 0.997 | F1009: =E1009 -> 0.997 | G1009: =_xlfn.PERCENTILE.INC($B$2:$B$1001,E1009) -> 1.1355895
E1010: 0.998 | F1010: =E1010 -> 0.998 | G1010: =_xlfn.PERCENTILE.INC($B$2:$B$1001,E1010) -> 1.1462627
E1011: 0.999 | F1011: =E1011 -> 0.999 | G1011: =_xlfn.PERCENTILE.INC($B$2:$B$1001,E1011) -> 1.1675557
E1012: 1 | F1012: =E1012 -> 1 | G1012: =_xlfn.PERCENTILE.INC($B$2:$B$1001,E1012) -> 1.1782076

Sheet efbm_H0.5Mach1_9
A1: eta | B1: PDF | C1: Archivo | D1: H | E1: Mach_real | F1: PDF_tipo | G1: pdf_sigma | H1: pdf_sigma_core | I1: pdf_skewness | J1: pdf_kurtosis | K1: Mach_inferido_PDF
A2: -1.3240628 | B2: 0.0066420997 | C2: efbm_H0.5Mach1_9.fits | D2: 0.5 | E2: 1 | F2: A_lognormal | G2: 0.47238073 | H2: 0.26455217 | I2: -0.15613434 | J2: -0.74998719 | K2: 1.25
A3: -1.3216539 | B3: 0.0066420997
A4: -1.319245 | B4: 0.0066420997
A5: -1.3168361 | B5: 0
A6: -1.3144273 | B6: 0 | E6: CUARTILES | I6: P50%
A7: -1.3120184 | B7: 0.0066420997 | E7: 1 | F7: 0.25 | G7: =_xlfn.QUARTILE.INC($B$2:$B$1001,E7) -> 0.16439197 | I7: =G9-G7 -> 0.4466812
A8: -1.3096095 | B8: 0.013284199 | E8: 2 | F8: 0.5 | G8: =_xlfn.QUARTILE.INC($B$2:$B$1001,E8) -> 0.43837858
A9: -1.3072006 | B9: 0 | E9: 3 | F9: 0.75 | G9: =_xlfn.QUARTILE.INC($B$2:$B$1001,E9) -> 0.61107317
A10: -1.3047918 | B10: 0.0066420997
A11: -1.3023829 | B11: 0.0066420997
A12: -1.299974 | B12: 0 | E12: PERCENTILES
A13: -1.2975651 | B13: 0.0066420997 | E13: 0.001 | F13: =E13 -> 0.001 | G13: =_xlfn.PERCENTILE.INC($B$2:$B$1001,E13) -> 0 | I13: P95
A14: -1.2951563 | B14: 0 | E14: 0.002 | F14: =E14 -> 0.002 | G14: =_xlfn.PERCENTILE.INC($B$2:$B$1001,E14) -> 0 | I14: =G987-G37 -> 0.94317816
A15: -1.2927474 | B15: 0 | E15: 0.003 | F15: =E15 -> 0.003 | G15: =_xlfn.PERCENTILE.INC($B$2:$B$1001,E15) -> 0 | I15: P90
A16: -1.2903385 | B16: 0 | E16: 0.004 | F16: =E16 -> 0.004 | G16: =_xlfn.PERCENTILE.INC($B$2:$B$1001,E16) -> 0 | I16: =G962-G62 -> 0.88373136
A17: -1.2879296 | B17: 0.0066420997 | E17: 0.005 | F17: =E17 -> 0.005 | G17: =_xlfn.PERCENTILE.INC($B$2:$B$1001,E17) -> 0 | I17: P85
A18: -1.2855207 | B18: 0.013284199 | E18: 0.006 | F18: =E18 -> 0.006 | G18: =_xlfn.PERCENTILE.INC($B$2:$B$1001,E18) -> 0 | I18: =G937-G87 -> 0.82362036
A19: -1.2831119 | B19: 0.0066420997 | E19: 0.007 | F19: =E19 -> 0.007 | G19: =_xlfn.PERCENTILE.INC($B$2:$B$1001,E19) -> 0 | I19: P80
A20: -1.280703 | B20: 0.0066420997 | E20: 0.008 | F20: =E20 -> 0.008 | G20: =_xlfn.PERCENTILE.INC($B$2:$B$1001,E20) -> 0 | I20: =G912-G112 -> 0.77048356
A21: -1.2782941 | B21: 0 | E21: 0.009 | F21: =E21 -> 0.009 | G21: =_xlfn.PERCENTILE.INC($B$2:$B$1001,E21) -> 0 | I21: P75
A22: -1.2758852 | B22: 0.0066420997 | E22: 0.01 | F22: =E22 -> 0.01 | G22: =_xlfn.PERCENTILE.INC($B$2:$B$1001,E22) -> 0 | I22: =G887-G137 -> 0.70489283
A23: -1.2734764 | B23: 0.0066420997 | E23: 0.011 | F23: =E23 -> 0.011 | G23: =_xlfn.PERCENTILE.INC($B$2:$B$1001,E23) -> 0 | I23: P70
A24: -1.2710675 | B24: 0.019926299 | E24: 0.012 | F24: =E24 -> 0.012 | G24: =_xlfn.PERCENTILE.INC($B$2:$B$1001,E24) -> 0 | I24: =G862-G162 -> 0.65092577
A25: -1.2686586 | B25: 0.013284199 | E25: 0.013 | F25: =E25 -> 0.013 | G25: =_xlfn.PERCENTILE.INC($B$2:$B$1001,E25) -> 0 | I25: P65
A26: -1.2662497 | B26: 0.013284199 | E26: 0.014 | F26: =E26 -> 0.014 | G26: =_xlfn.PERCENTILE.INC($B$2:$B$1001,E26) -> 0 | I26: =G837-G187 -> 0.59230924
A27: -1.2638409 | B27: 0 | E27: 0.015 | F27: =E27 -> 0.015 | G27: =_xlfn.PERCENTILE.INC($B$2:$B$1001,E27) -> 0 | I27: P60
A28: -1.261432 | B28: 0.019926299 | E28: 0.016 | F28: =E28 -> 0.016 | G28: =_xlfn.PERCENTILE.INC($B$2:$B$1001,E28) -> 0 | I28: =G812-G212 -> 0.54465217
A29: -1.2590231 | B29: 0.013284199 | E29: 0.017 | F29: =E29 -> 0.017 | G29: =_xlfn.PERCENTILE.INC($B$2:$B$1001,E29) -> 0 | I29: P55
A30: -1.2566142 | B30: 0.013284199 | E30: 0.018 | F30: =E30 -> 0.018 | G30: =_xlfn.PERCENTILE.INC($B$2:$B$1001,E30) -> 0.0065225419 | I30: =G787-G237 -> 0.49151538
A31: -1.2542053 | B31: 0.026568399 | E31: 0.019 | F31: =E31 -> 0.019 | G31: =_xlfn.PERCENTILE.INC($B$2:$B$1001,E31) -> 0.0066420997 | I31: P50
A32: -1.2517965 | B32: 0.013284199 | E32: 0.02 | F32: =E32 -> 0.02 | G32: =_xlfn.PERCENTILE.INC($B$2:$B$1001,E32) -> 0.0066420997 | I32: =G762-G262 -> 0.4466812
A33: -1.2493876 | B33: 0.0066420997 | E33: 0.021 | F33: =E33 -> 0.021 | G33: =_xlfn.PERCENTILE.INC($B$2:$B$1001,E33) -> 0.0066420997
A34: -1.2469787 | B34: 0.019926299 | E34: 0.022 | F34: =E34 -> 0.022 | G34: =_xlfn.PERCENTILE.INC($B$2:$B$1001,E34) -> 0.0066420997
A35: -1.2445698 | B35: 0.019926299 | E35: 0.023 | F35: =E35 -> 0.023 | G35: =_xlfn.PERCENTILE.INC($B$2:$B$1001,E35) -> 0.0066420997
A36: -1.242161 | B36: 0.0066420997 | E36: 0.024 | F36: =E36 -> 0.024 | G36: =_xlfn.PERCENTILE.INC($B$2:$B$1001,E36) -> 0.0066420997
A37: -1.2397521 | B37: 0.0066420997 | E37: 0.025 | F37: =E37 -> 0.025 | G37: =_xlfn.PERCENTILE.INC($B$2:$B$1001,E37) -> 0.0066420997
A38: -1.2373432 | B38: 0 | E38: 0.026 | F38: =E38 -> 0.026 | G38: =_xlfn.PERCENTILE.INC($B$2:$B$1001,E38) -> 0.0066420997
A39: -1.2349343 | B39: 0.019926299 | E39: 0.027 | F39: =E39 -> 0.027 | G39: =_xlfn.PERCENTILE.INC($B$2:$B$1001,E39) -> 0.0066420997
A40: -1.2325255 | B40: 0.013284199 | E40: 0.028 | F40: =E40 -> 0.028 | G40: =_xlfn.PERCENTILE.INC($B$2:$B$1001,E40) -> 0.0066420997
A41: -1.2301166 | B41: 0.019926299 | E41: 0.029 | F41: =E41 -> 0.029 | G41: =_xlfn.PERCENTILE.INC($B$2:$B$1001,E41) -> 0.0066420997
A42: -1.2277077 | B42: 0.039852598 | E42: 0.03 | F42: =E42 -> 0.03 | G42: =_xlfn.PERCENTILE.INC($B$2:$B$1001,E42) -> 0.0066420997
A43: -1.2252988 | B43: 0.013284199 | E43: 0.031 | F43: =E43 -> 0.031 | G43: =_xlfn.PERCENTILE.INC($B$2:$B$1001,E43) -> 0.0066420997
A44: -1.22289 | B44: 0.0066420997 | E44: 0.032 | F44: =E44 -> 0.032 | G44: =_xlfn.PERCENTILE.INC($B$2:$B$1001,E44) -> 0.0066420997
... A1001: 1.0824052 | B1001: 0.0066420997 | E1001: 0.989 | F1001: =E1001 -> 0.989 | G1001: =_xlfn.PERCENTILE.INC($B$2:$B$1001,E1001) -> 1.0096722
E1002: 0.99 | F1002: =E1002 -> 0.99 | G1002: =_xlfn.PERCENTILE.INC($B$2:$B$1001,E1002) -> 1.0162413
E1003: 0.991 | F1003: =E1003 -> 0.991 | G1003: =_xlfn.PERCENTILE.INC($B$2:$B$1001,E1003) -> 1.0162413
E1004: 0.992 | F1004: =E1004 -> 0.992 | G1004: =_xlfn.PERCENTILE.INC($B$2:$B$1001,E1004) -> 1.0162413
E1005: 0.993 | F1005: =E1005 -> 0.993 | G1005: =_xlfn.PERCENTILE.INC($B$2:$B$1001,E1005) -> 1.0163342
E1006: 0.994 | F1006: =E1006 -> 0.994 | G1006: =_xlfn.PERCENTILE.INC($B$2:$B$1001,E1006) -> 1.0295255
E1007: 0.995 | F1007: =E1007 -> 0.995 | G1007: =_xlfn.PERCENTILE.INC($B$2:$B$1001,E1007) -> 1.0296251
E1008: 0.996 | F1008: =E1008 -> 0.996 | G1008: =_xlfn.PERCENTILE.INC($B$2:$B$1001,E1008) -> 1.0494783
E1009: 0.997 | F1009: =E1009 -> 0.997 | G1009: =_xlfn.PERCENTILE.INC($B$2:$B$1001,E1009) -> 1.0560938
E1010: 0.998 | F1010: =E1010 -> 0.998 | G1010: =_xlfn.PERCENTILE.INC($B$2:$B$1001,E1010) -> 1.0561204
E1011: 0.999 | F1011: =E1011 -> 0.999 | G1011: =_xlfn.PERCENTILE.INC($B$2:$B$1001,E1011) -> 1.0694644
E1012: 1 | F1012: =E1012 -> 1 | G1012: =_xlfn.PERCENTILE.INC($B$2:$B$1001,E1012) -> 1.1557253

Sheet efbm_H0.5Mach2.5_0
A1: eta | B1: PDF | C1: Archivo | D1: H | E1: Mach_real | F1: PDF_tipo | G1: pdf_sigma | H1: pdf_sigma_core | I1: pdf_skewness | J1: pdf_kurtosis | K1: Mach_inferido_PDF
A2: -3.377291 | B2: 0.002680421 | C2: efbm_H0.5Mach2.5_0.fits | D2: 0.5 | E2: 2.5 | F2: A_lognormal | G2: 0.97004296 | H2: 0.53431945 | I2: 0.072205595 | J2: -0.54554104 | K2: 3.125
A3: -3.3713217 | B3: 0
A4: -3.3653525 | B4: 0
A5: -3.3593833 | B5: 0
A6: -3.3534141 | B6: 0 | E6: CUARTILES | I6: P50%
A7: -3.3474449 | B7: 0 | E7: 1 | F7: 0.25 | G7: =_xlfn.QUARTILE.INC($B$2:$B$1001,E7) -> 0.024123789 | I7: =G9-G7 -> 0.27340294
A8: -3.3414757 | B8: 0.002680421 | E8: 2 | F8: 0.5 | G8: =_xlfn.QUARTILE.INC($B$2:$B$1001,E8) -> 0.14742315
A9: -3.3355065 | B9: 0 | E9: 3 | F9: 0.75 | G9: =_xlfn.QUARTILE.INC($B$2:$B$1001,E9) -> 0.29752673
A10: -3.3295373 | B10: 0.005360842
A11: -3.3235681 | B11: 0
A12: -3.3175988 | B12: 0.002680421 | E12: PERCENTILES
A13: -3.3116296 | B13: 0 | E13: 0.001 | F13: =E13 -> 0.001 | G13: =_xlfn.PERCENTILE.INC($B$2:$B$1001,E13) -> 0 | I13: P95
A14: -3.3056604 | B14: 0 | E14: 0.002 | F14: =E14 -> 0.002 | G14: =_xlfn.PERCENTILE.INC($B$2:$B$1001,E14) -> 0 | I14: =G987-G37 -> 0.40474357
A15: -3.2996912 | B15: 0 | E15: 0.003 | F15: =E15 -> 0.003 | G15: =_xlfn.PERCENTILE.INC($B$2:$B$1001,E15) -> 0 | I15: P90
A16: -3.293722 | B16: 0 | E16: 0.004 | F16: =E16 -> 0.004 | G16: =_xlfn.PERCENTILE.INC($B$2:$B$1001,E16) -> 0 | I16: =G962-G62 -> 0.38598062
A17: -3.2877528 | B17: 0.002680421 | E17: 0.005 | F17: =E17 -> 0.005 | G17: =_xlfn.PERCENTILE.INC($B$2:$B$1001,E17) -> 0 | I17: P85
A18: -3.2817836 | B18: 0 | E18: 0.006 | F18: =E18 -> 0.006 | G18: =_xlfn.PERCENTILE.INC($B$2:$B$1001,E18) -> 0 | I18: =G937-G87 -> 0.37525894
A19: -3.2758144 | B19: 0.002680421 | E19: 0.007 | F19: =E19 -> 0.007 | G19: =_xlfn.PERCENTILE.INC($B$2:$B$1001,E19) -> 0 | I19: P80
A20: -3.2698452 | B20: 0 | E20: 0.008 | F20: =E20 -> 0.008 | G20: =_xlfn.PERCENTILE.INC($B$2:$B$1001,E20) -> 0 | I20: =G912-G112 -> 0.36212488
A21: -3.2638759 | B21: 0.002680421 | E21: 0.009 | F21: =E21 -> 0.009 | G21: =_xlfn.PERCENTILE.INC($B$2:$B$1001,E21) -> 0 | I21: P75
A22: -3.2579067 | B22: 0.002680421 | E22: 0.01 | F22: =E22 -> 0.01 | G22: =_xlfn.PERCENTILE.INC($B$2:$B$1001,E22) -> 0 | I22: =G887-G137 -> 0.35381557
A23: -3.2519375 | B23: 0 | E23: 0.011 | F23: =E23 -> 0.011 | G23: =_xlfn.PERCENTILE.INC($B$2:$B$1001,E23) -> 0 | I23: P70
A24: -3.2459683 | B24: 0 | E24: 0.012 | F24: =E24 -> 0.012 | G24: =_xlfn.PERCENTILE.INC($B$2:$B$1001,E24) -> 0 | I24: =G862-G162 -> 0.34309389
A25: -3.2399991 | B25: 0.002680421 | E25: 0.013 | F25: =E25 -> 0.013 | G25: =_xlfn.PERCENTILE.INC($B$2:$B$1001,E25) -> 0 | I25: P65
A26: -3.2340299 | B26: 0.005360842 | E26: 0.014 | F26: =E26 -> 0.014 | G26: =_xlfn.PERCENTILE.INC($B$2:$B$1001,E26) -> 0 | I26: =G837-G187 -> 0.33505262
A27: -3.2280607 | B27: 0 | E27: 0.015 | F27: =E27 -> 0.015 | G27: =_xlfn.PERCENTILE.INC($B$2:$B$1001,E27) -> 0 | I27: P60
A28: -3.2220915 | B28: 0 | E28: 0.016 | F28: =E28 -> 0.016 | G28: =_xlfn.PERCENTILE.INC($B$2:$B$1001,E28) -> 0 | I28: =G812-G212 -> 0.31628968
A29: -3.2161222 | B29: 0 | E29: 0.017 | F29: =E29 -> 0.017 | G29: =_xlfn.PERCENTILE.INC($B$2:$B$1001,E29) -> 0 | I29: P55
A30: -3.210153 | B30: 0 | E30: 0.018 | F30: =E30 -> 0.018 | G30: =_xlfn.PERCENTILE.INC($B$2:$B$1001,E30) -> 0 | I30: =G787-G237 -> 0.30020715
A31: -3.2041838 | B31: 0.002680421 | E31: 0.019 | F31: =E31 -> 0.019 | G31: =_xlfn.PERCENTILE.INC($B$2:$B$1001,E31) -> 0 | I31: P50
A32: -3.1982146 | B32: 0 | E32: 0.02 | F32: =E32 -> 0.02 | G32: =_xlfn.PERCENTILE.INC($B$2:$B$1001,E32) -> 0 | I32: =G762-G262 -> 0.27340294
A33: -3.1922454 | B33: 0 | E33: 0.021 | F33: =E33 -> 0.021 | G33: =_xlfn.PERCENTILE.INC($B$2:$B$1001,E33) -> 0
A34: -3.1862762 | B34: 0.002680421 | E34: 0.022 | F34: =E34 -> 0.022 | G34: =_xlfn.PERCENTILE.INC($B$2:$B$1001,E34) -> 0
A35: -3.180307 | B35: 0 | E35: 0.023 | F35: =E35 -> 0.023 | G35: =_xlfn.PERCENTILE.INC($B$2:$B$1001,E35) -> 0
A36: -3.1743378 | B36: 0 | E36: 0.024 | F36: =E36 -> 0.024 | G36: =_xlfn.PERCENTILE.INC($B$2:$B$1001,E36) -> 0
A37: -3.1683686 | B37: 0 | E37: 0.025 | F37: =E37 -> 0.025 | G37: =_xlfn.PERCENTILE.INC($B$2:$B$1001,E37) -> 0
A38: -3.1623993 | B38: 0 | E38: 0.026 | F38: =E38 -> 0.026 | G38: =_xlfn.PERCENTILE.INC($B$2:$B$1001,E38) -> 0
A39: -3.1564301 | B39: 0 | E39: 0.027 | F39: =E39 -> 0.027 | G39: =_xlfn.PERCENTILE.INC($B$2:$B$1001,E39) -> 0
A40: -3.1504609 | B40: 0 | E40: 0.028 | F40: =E40 -> 0.028 | G40: =_xlfn.PERCENTILE.INC($B$2:$B$1001,E40) -> 0
A41: -3.1444917 | B41: 0.005360842 | E41: 0.029 | F41: =E41 -> 0.029 | G41: =_xlfn.PERCENTILE.INC($B$2:$B$1001,E41) -> 0
A42: -3.1385225 | B42: 0.002680421 | E42: 0.03 | F42: =E42 -> 0.03 | G42: =_xlfn.PERCENTILE.INC($B$2:$B$1001,E42) -> 0
A43: -3.1325533 | B43: 0 | E43: 0.031 | F43: =E43 -> 0.031 | G43: =_xlfn.PERCENTILE.INC($B$2:$B$1001,E43) -> 0
A44: -3.1265841 | B44: 0.002680421 | E44: 0.032 | F44: =E44 -> 0.032 | G44: =_xlfn.PERCENTILE.INC($B$2:$B$1001,E44) -> 0
... A1001: 2.5859514 | B1001: 0.005360842 | E1001: 0.989 | F1001: =E1001 -> 0.989 | G1001: =_xlfn.PERCENTILE.INC($B$2:$B$1001,E1001) -> 0.41549474
E1002: 0.99 | F1002: =E1002 -> 0.99 | G1002: =_xlfn.PERCENTILE.INC($B$2:$B$1001,E1002) -> 0.41814568
E1003: 0.991 | F1003: =E1003 -> 0.991 | G1003: =_xlfn.PERCENTILE.INC($B$2:$B$1001,E1003) -> 0.41814568
E1004: 0.992 | F1004: =E1004 -> 0.992 | G1004: =_xlfn.PERCENTILE.INC($B$2:$B$1001,E1004) -> 0.41816712
E1005: 0.993 | F1005: =E1005 -> 0.993 | G1005: =_xlfn.PERCENTILE.INC($B$2:$B$1001,E1005) -> 0.4208261
E1006: 0.994 | F1006: =E1006 -> 0.994 | G1006: =_xlfn.PERCENTILE.INC($B$2:$B$1001,E1006) -> 0.42084218
E1007: 0.995 | F1007: =E1007 -> 0.995 | G1007: =_xlfn.PERCENTILE.INC($B$2:$B$1001,E1007) -> 0.42351992
E1008: 0.996 | F1008: =E1008 -> 0.996 | G1008: =_xlfn.PERCENTILE.INC($B$2:$B$1001,E1008) -> 0.42620838
E1009: 0.997 | F1009: =E1009 -> 0.997 | G1009: =_xlfn.PERCENTILE.INC($B$2:$B$1001,E1009) -> 0.43154778
E1010: 0.998 | F1010: =E1010 -> 0.998 | G1010: =_xlfn.PERCENTILE.INC($B$2:$B$1001,E1010) -> 0.43156922
E1011: 0.999 | F1011: =E1011 -> 0.999 | G1011: =_xlfn.PERCENTILE.INC($B$2:$B$1001,E1011) -> 0.44227215
E1012: 1 | F1012: =E1012 -> 1 | G1012: =_xlfn.PERCENTILE.INC($B$2:$B$1001,E1012) -> 0.44494989

Sheet efbm_H0.5Mach2.5_1
A1: eta | B1: PDF | C1: Archivo | D1: H | E1: Mach_real | F1: PDF_tipo | G1: pdf_sigma | H1: pdf_sigma_core | I1: pdf_skewness | J1: pdf_kurtosis | K1: Mach_inferido_PDF
A2: -3.708781 | B2: 0.0026692688 | C2: efbm_H0.5Mach2.5_1.fits | D2: 0.5 | E2: 2.5 | F2: B_intermitente | G2: 0.97004296 | H2: 0.52141312 | I2: -0.36060418 | J2: -0.15326012 | K2: 1.3973603
A3: -3.7027869 | B3: 0
A4: -3.6967927 | B4: 0
A5: -3.6907986 | B5: 0
A6: -3.6848044 | B6: 0 | E6: CUARTILES | I6: P50%
A7: -3.6788103 | B7: 0 | E7: 1 | F7: 0.25 | G7: =_xlfn.QUARTILE.INC($B$2:$B$1001,E7) -> 0.029361956 | I7: =G9-G7 -> 0.26158834
A8: -3.6728161 | B8: 0.0026692688 | E8: 2 | F8: 0.5 | G8: =_xlfn.QUARTILE.INC($B$2:$B$1001,E8) -> 0.13613271
A9: -3.666822 | B9: 0.0026692688 | E9: 3 | F9: 0.75 | G9: =_xlfn.QUARTILE.INC($B$2:$B$1001,E9) -> 0.2909503
A10: -3.6608278 | B10: 0
A11: -3.6548337 | B11: 0
A12: -3.6488395 | B12: 0 | E12: PERCENTILES
A13: -3.6428454 | B13: 0 | E13: 0.001 | F13: =E13 -> 0.001 | G13: =_xlfn.PERCENTILE.INC($B$2:$B$1001,E13) -> 0 | I13: P95
A14: -3.6368512 | B14: 0 | E14: 0.002 | F14: =E14 -> 0.002 | G14: =_xlfn.PERCENTILE.INC($B$2:$B$1001,E14) -> 0 | I14: =G987-G37 -> 0.43509081
A15: -3.6308571 | B15: 0 | E15: 0.003 | F15: =E15 -> 0.003 | G15: =_xlfn.PERCENTILE.INC($B$2:$B$1001,E15) -> 0 | I15: P90
A16: -3.6248629 | B16: 0 | E16: 0.004 | F16: =E16 -> 0.004 | G16: =_xlfn.PERCENTILE.INC($B$2:$B$1001,E16) -> 0 | I16: =G962-G62 -> 0.4190752
A17: -3.6188688 | B17: 0.0026692688 | E17: 0.005 | F17: =E17 -> 0.005 | G17: =_xlfn.PERCENTILE.INC($B$2:$B$1001,E17) -> 0 | I17: P85
A18: -3.6128746 | B18: 0 | E18: 0.006 | F18: =E18 -> 0.006 | G18: =_xlfn.PERCENTILE.INC($B$2:$B$1001,E18) -> 0 | I18: =G937-G87 -> 0.39772105
A19: -3.6068805 | B19: 0 | E19: 0.007 | F19: =E19 -> 0.007 | G19: =_xlfn.PERCENTILE.INC($B$2:$B$1001,E19) -> 0 | I19: P80
A20: -3.6008863 | B20: 0.0026692688 | E20: 0.008 | F20: =E20 -> 0.008 | G20: =_xlfn.PERCENTILE.INC($B$2:$B$1001,E20) -> 0 | I20: =G912-G112 -> 0.37903616
A21: -3.5948922 | B21: 0.0026692688 | E21: 0.009 | F21: =E21 -> 0.009 | G21: =_xlfn.PERCENTILE.INC($B$2:$B$1001,E21) -> 0 | I21: P75
A22: -3.588898 | B22: 0 | E22: 0.01 | F22: =E22 -> 0.01 | G22: =_xlfn.PERCENTILE.INC($B$2:$B$1001,E22) -> 0 | I22: =G887-G137 -> 0.36568982
A23: -3.5829039 | B23: 0 | E23: 0.011 | F23: =E23 -> 0.011 | G23: =_xlfn.PERCENTILE.INC($B$2:$B$1001,E23) -> 0 | I23: P70
A24: -3.5769097 | B24: 0.0026692688 | E24: 0.012 | F24: =E24 -> 0.012 | G24: =_xlfn.PERCENTILE.INC($B$2:$B$1001,E24) -> 0 | I24: =G862-G162 -> 0.34967421
A25: -3.5709156 | B25: 0 | E25: 0.013 | F25: =E25 -> 0.013 | G25: =_xlfn.PERCENTILE.INC($B$2:$B$1001,E25) -> 0 | I25: P65
A26: -3.5649214 | B26: 0 | E26: 0.014 | F26: =E26 -> 0.014 | G26: =_xlfn.PERCENTILE.INC($B$2:$B$1001,E26) -> 0 | I26: =G837-G187 -> 0.32832006
A27: -3.5589273 | B27: 0.0080078063 | E27: 0.015 | F27: =E27 -> 0.015 | G27: =_xlfn.PERCENTILE.INC($B$2:$B$1001,E27) -> 0 | I27: P60
A28: -3.5529331 | B28: 0.0080078063 | E28: 0.016 | F28: =E28 -> 0.016 | G28: =_xlfn.PERCENTILE.INC($B$2:$B$1001,E28) -> 0 | I28: =G812-G212 -> 0.30483049
A29: -3.546939 | B29: 0.0080078063 | E29: 0.017 | F29: =E29 -> 0.017 | G29: =_xlfn.PERCENTILE.INC($B$2:$B$1001,E29) -> 0 | I29: P55
A30: -3.5409448 | B30: 0 | E30: 0.018 | F30: =E30 -> 0.018 | G30: =_xlfn.PERCENTILE.INC($B$2:$B$1001,E30) -> 0 | I30: =G787-G237 -> 0.27880512
A31: -3.5349507 | B31: 0.0053385375 | E31: 0.019 | F31: =E31 -> 0.019 | G31: =_xlfn.PERCENTILE.INC($B$2:$B$1001,E31) -> 0 | I31: P50
A32: -3.5289565 | B32: 0 | E32: 0.02 | F32: =E32 -> 0.02 | G32: =_xlfn.PERCENTILE.INC($B$2:$B$1001,E32) -> 0 | I32: =G762-G262 -> 0.26158834
A33: -3.5229624 | B33: 0.0080078063 | E33: 0.021 | F33: =E33 -> 0.021 | G33: =_xlfn.PERCENTILE.INC($B$2:$B$1001,E33) -> 0
A34: -3.5169682 | B34: 0.0026692688 | E34: 0.022 | F34: =E34 -> 0.022 | G34: =_xlfn.PERCENTILE.INC($B$2:$B$1001,E34) -> 0
A35: -3.5109741 | B35: 0.0026692688 | E35: 0.023 | F35: =E35 -> 0.023 | G35: =_xlfn.PERCENTILE.INC($B$2:$B$1001,E35) -> 0
A36: -3.5049799 | B36: 0.0080078063 | E36: 0.024 | F36: =E36 -> 0.024 | G36: =_xlfn.PERCENTILE.INC($B$2:$B$1001,E36) -> 0
A37: -3.4989858 | B37: 0.0026692688 | E37: 0.025 | F37: =E37 -> 0.025 | G37: =_xlfn.PERCENTILE.INC($B$2:$B$1001,E37) -> 0
A38: -3.4929916 | B38: 0.0026692688 | E38: 0.026 | F38: =E38 -> 0.026 | G38: =_xlfn.PERCENTILE.INC($B$2:$B$1001,E38) -> 0
A39: -3.4869975 | B39: 0.0080078063 | E39: 0.027 | F39: =E39 -> 0.027 | G39: =_xlfn.PERCENTILE.INC($B$2:$B$1001,E39) -> 0
A40: -3.4810033 | B40: 0.0053385375 | E40: 0.028 | F40: =E40 -> 0.028 | G40: =_xlfn.PERCENTILE.INC($B$2:$B$1001,E40) -> 0
A41: -3.4750092 | B41: 0.0080078063 | E41: 0.029 | F41: =E41 -> 0.029 | G41: =_xlfn.PERCENTILE.INC($B$2:$B$1001,E41) -> 0
A42: -3.469015 | B42: 0.0026692688 | E42: 0.03 | F42: =E42 -> 0.03 | G42: =_xlfn.PERCENTILE.INC($B$2:$B$1001,E42) -> 0
A43: -3.4630209 | B43: 0.0026692688 | E43: 0.031 | F43: =E43 -> 0.031 | G43: =_xlfn.PERCENTILE.INC($B$2:$B$1001,E43) -> 0
A44: -3.4570267 | B44: 0.0053385375 | E44: 0.032 | F44: =E44 -> 0.032 | G44: =_xlfn.PERCENTILE.INC($B$2:$B$1001,E44) -> 0
... A1001: 2.2793758 | B1001: 0.0026692688 | E1001: 0.989 | F1001: =E1001 -> 0.989 | G1001: =_xlfn.PERCENTILE.INC($B$2:$B$1001,E1001) -> 0.45911423
E1002: 0.99 | F1002: =E1002 -> 0.99 | G1002: =_xlfn.PERCENTILE.INC($B$2:$B$1001,E1002) -> 0.45914092
E1003: 0.991 | F1003: =E1003 -> 0.991 | G1003: =_xlfn.PERCENTILE.INC($B$2:$B$1001,E1003) -> 0.46180752
E1004: 0.992 | F1004: =E1004 -> 0.992 | G1004: =_xlfn.PERCENTILE.INC($B$2:$B$1001,E1004) -> 0.46445276
E1005: 0.993 | F1005: =E1005 -> 0.993 | G1005: =_xlfn.PERCENTILE.INC($B$2:$B$1001,E1005) -> 0.46449013
E1006: 0.994 | F1006: =E1006 -> 0.994 | G1006: =_xlfn.PERCENTILE.INC($B$2:$B$1001,E1006) -> 0.46980732
E1007: 0.995 | F1007: =E1007 -> 0.995 | G1007: =_xlfn.PERCENTILE.INC($B$2:$B$1001,E1007) -> 0.47246057
E1008: 0.996 | F1008: =E1008 -> 0.996 | G1008: =_xlfn.PERCENTILE.INC($B$2:$B$1001,E1008) -> 0.47250328
E1009: 0.997 | F1009: =E1009 -> 0.997 | G1009: =_xlfn.PERCENTILE.INC($B$2:$B$1001,E1009) -> 0.48316167
E1010: 0.998 | F1010: =E1010 -> 0.998 | G1010: =_xlfn.PERCENTILE.INC($B$2:$B$1001,E1010) -> 0.49120952
E1011: 0.999 | F1011: =E1011 -> 0.999 | G1011: =_xlfn.PERCENTILE.INC($B$2:$B$1001,E1011) -> 0.52320337
E1012: 1 | F1012: =E1012 -> 1 | G1012: =_xlfn.PERCENTILE.INC($B$2:$B$1001,E1012) -> 0.54986937

Sheet efbm_H0.5Mach2.5_2
A1: eta | B1: PDF | C1: Archivo | D1: H | E1: Mach_real | F1: PDF_tipo | G1: pdf_sigma | H1: pdf_sigma_core | I1: pdf_skewness | J1: pdf_kurtosis | K1: Mach_inferido_PDF
A2: -3.4330214 | B2: 0.0027552151 | C2: efbm_H0.5Mach2.5_2.fits | D2: 0.5 | E2: 2.5 | F2: A_lognormal | G2: 0.97004296 | H2: 0.5574385 | I2: -0.10198019 | J2: -0.71606429 | K2: 3.125
A3: -3.4272143 | B3: 0
A4: -3.4214071 | B4: 0
A5: -3.4155999 | B5: 0
A6: -3.4097928 | B6: 0 | E6: CUARTILES | I6: P50%
A7: -3.4039856 | B7: 0 | E7: 1 | F7: 0.25 | G7: =_xlfn.QUARTILE.INC($B$2:$B$1001,E7) -> 0.022041721 | I7: =G9-G7 -> 0.28654237
A8: -3.3981784 | B8: 0 | E8: 2 | F8: 0.5 | G8: =_xlfn.QUARTILE.INC($B$2:$B$1001,E8) -> 0.1639353
A9: -3.3923713 | B9: 0 | E9: 3 | F9: 0.75 | G9: =_xlfn.QUARTILE.INC($B$2:$B$1001,E9) -> 0.30858409
A10: -3.3865641 | B10: 0
A11: -3.3807569 | B11: 0
A12: -3.3749498 | B12: 0 | E12: PERCENTILES
A13: -3.3691426 | B13: 0 | E13: 0.001 | F13: =E13 -> 0.001 | G13: =_xlfn.PERCENTILE.INC($B$2:$B$1001,E13) -> 0 | I13: P95
A14: -3.3633354 | B14: 0 | E14: 0.002 | F14: =E14 -> 0.002 | G14: =_xlfn.PERCENTILE.INC($B$2:$B$1001,E14) -> 0 | I14: =G987-G37 -> 0.37202292
A15: -3.3575282 | B15: 0 | E15: 0.003 | F15: =E15 -> 0.003 | G15: =_xlfn.PERCENTILE.INC($B$2:$B$1001,E15) -> 0 | I15: P90
A16: -3.3517211 | B16: 0 | E16: 0.004 | F16: =E16 -> 0.004 | G16: =_xlfn.PERCENTILE.INC($B$2:$B$1001,E16) -> 0 | I16: =G962-G62 -> 0.36368839
A17: -3.3459139 | B17: 0 | E17: 0.005 | F17: =E17 -> 0.005 | G17: =_xlfn.PERCENTILE.INC($B$2:$B$1001,E17) -> 0 | I17: P85
A18: -3.3401067 | B18: 0 | E18: 0.006 | F18: =E18 -> 0.006 | G18: =_xlfn.PERCENTILE.INC($B$2:$B$1001,E18) -> 0 | I18: =G937-G87 -> 0.35266753
A19: -3.3342996 | B19: 0 | E19: 0.007 | F19: =E19 -> 0.007 | G19: =_xlfn.PERCENTILE.INC($B$2:$B$1001,E19) -> 0 | I19: P80
A20: -3.3284924 | B20: 0.0027552151 | E20: 0.008 | F20: =E20 -> 0.008 | G20: =_xlfn.PERCENTILE.INC($B$2:$B$1001,E20) -> 0 | I20: =G912-G112 -> 0.34440189
A21: -3.3226852 | B21: 0 | E21: 0.009 | F21: =E21 -> 0.009 | G21: =_xlfn.PERCENTILE.INC($B$2:$B$1001,E21) -> 0 | I21: P75
A22: -3.3168781 | B22: 0 | E22: 0.01 | F22: =E22 -> 0.01 | G22: =_xlfn.PERCENTILE.INC($B$2:$B$1001,E22) -> 0 | I22: =G887-G137 -> 0.33613624
A23: -3.3110709 | B23: 0 | E23: 0.011 | F23: =E23 -> 0.011 | G23: =_xlfn.PERCENTILE.INC($B$2:$B$1001,E23) -> 0 | I23: P70
A24: -3.3052637 | B24: 0 | E24: 0.012 | F24: =E24 -> 0.012 | G24: =_xlfn.PERCENTILE.INC($B$2:$B$1001,E24) -> 0 | I24: =G862-G162 -> 0.32787059
A25: -3.2994566 | B25: 0 | E25: 0.013 | F25: =E25 -> 0.013 | G25: =_xlfn.PERCENTILE.INC($B$2:$B$1001,E25) -> 0 | I25: P65
A26: -3.2936494 | B26: 0 | E26: 0.014 | F26: =E26 -> 0.014 | G26: =_xlfn.PERCENTILE.INC($B$2:$B$1001,E26) -> 0 | I26: =G837-G187 -> 0.31960495
A27: -3.2878422 | B27: 0 | E27: 0.015 | F27: =E27 -> 0.015 | G27: =_xlfn.PERCENTILE.INC($B$2:$B$1001,E27) -> 0 | I27: P60
A28: -3.282035 | B28: 0.0027552151 | E28: 0.016 | F28: =E28 -> 0.016 | G28: =_xlfn.PERCENTILE.INC($B$2:$B$1001,E28) -> 0 | I28: =G812-G212 -> 0.3113393
A29: -3.2762279 | B29: 0 | E29: 0.017 | F29: =E29 -> 0.017 | G29: =_xlfn.PERCENTILE.INC($B$2:$B$1001,E29) -> 0 | I29: P55
A30: -3.2704207 | B30: 0 | E30: 0.018 | F30: =E30 -> 0.018 | G30: =_xlfn.PERCENTILE.INC($B$2:$B$1001,E30) -> 0 | I30: =G787-G237 -> 0.29818315
A31: -3.2646135 | B31: 0.0027552151 | E31: 0.019 | F31: =E31 -> 0.019 | G31: =_xlfn.PERCENTILE.INC($B$2:$B$1001,E31) -> 0 | I31: P50
A32: -3.2588064 | B32: 0 | E32: 0.02 | F32: =E32 -> 0.02 | G32: =_xlfn.PERCENTILE.INC($B$2:$B$1001,E32) -> 0 | I32: =G762-G262 -> 0.28654237
A33: -3.2529992 | B33: 0.0027552151 | E33: 0.021 | F33: =E33 -> 0.021 | G33: =_xlfn.PERCENTILE.INC($B$2:$B$1001,E33) -> 0
A34: -3.247192 | B34: 0 | E34: 0.022 | F34: =E34 -> 0.022 | G34: =_xlfn.PERCENTILE.INC($B$2:$B$1001,E34) -> 0
A35: -3.2413849 | B35: 0 | E35: 0.023 | F35: =E35 -> 0.023 | G35: =_xlfn.PERCENTILE.INC($B$2:$B$1001,E35) -> 0
A36: -3.2355777 | B36: 0 | E36: 0.024 | F36: =E36 -> 0.024 | G36: =_xlfn.PERCENTILE.INC($B$2:$B$1001,E36) -> 0
A37: -3.2297705 | B37: 0.0027552151 | E37: 0.025 | F37: =E37 -> 0.025 | G37: =_xlfn.PERCENTILE.INC($B$2:$B$1001,E37) -> 0
A38: -3.2239634 | B38: 0 | E38: 0.026 | F38: =E38 -> 0.026 | G38: =_xlfn.PERCENTILE.INC($B$2:$B$1001,E38) -> 0
A39: -3.2181562 | B39: 0.0027552151 | E39: 0.027 | F39: =E39 -> 0.027 | G39: =_xlfn.PERCENTILE.INC($B$2:$B$1001,E39) -> 0
A40: -3.212349 | B40: 0 | E40: 0.028 | F40: =E40 -> 0.028 | G40: =_xlfn.PERCENTILE.INC($B$2:$B$1001,E40) -> 0
A41: -3.2065418 | B41: 0.0027552151 | E41: 0.029 | F41: =E41 -> 0.029 | G41: =_xlfn.PERCENTILE.INC($B$2:$B$1001,E41) -> 0
A42: -3.2007347 | B42: 0 | E42: 0.03 | F42: =E42 -> 0.03 | G42: =_xlfn.PERCENTILE.INC($B$2:$B$1001,E42) -> 0
A43: -3.1949275 | B43: 0 | E43: 0.031 | F43: =E43 -> 0.031 | G43: =_xlfn.PERCENTILE.INC($B$2:$B$1001,E43) -> 0
A44: -3.1891203 | B44: 0.0027552151 | E44: 0.032 | F44: =E44 -> 0.032 | G44: =_xlfn.PERCENTILE.INC($B$2:$B$1001,E44) -> 0
... A1001: 2.3683405 | B1001: 0.0082656452 | E1001: 0.989 | F1001: =E1001 -> 0.989 | G1001: =_xlfn.PERCENTILE.INC($B$2:$B$1001,E1001) -> 0.39399576
E1002: 0.99 | F1002: =E1002 -> 0.99 | G1002: =_xlfn.PERCENTILE.INC($B$2:$B$1001,E1002) -> 0.39405086
E1003: 0.991 | F1003: =E1003 -> 0.991 | G1003: =_xlfn.PERCENTILE.INC($B$2:$B$1001,E1003) -> 0.39953098
E1004: 0.992 | F1004: =E1004 -> 0.992 | G1004: =_xlfn.PERCENTILE.INC($B$2:$B$1001,E1004) -> 0.4022614
E1005: 0.993 | F1005: =E1005 -> 0.993 | G1005: =_xlfn.PERCENTILE.INC($B$2:$B$1001,E1005) -> 0.40229998
E1006: 0.994 | F1006: =E1006 -> 0.994 | G1006: =_xlfn.PERCENTILE.INC($B$2:$B$1001,E1006) -> 0.40780489
E1007: 0.995 | F1007: =E1007 -> 0.995 | G1007: =_xlfn.PERCENTILE.INC($B$2:$B$1001,E1007) -> 0.41330981
E1008: 0.996 | F1008: =E1008 -> 0.996 | G1008: =_xlfn.PERCENTILE.INC($B$2:$B$1001,E1008) -> 0.41879269
E1009: 0.997 | F1009: =E1009 -> 0.997 | G1009: =_xlfn.PERCENTILE.INC($B$2:$B$1001,E1009) -> 0.41880096
E1010: 0.998 | F1010: =E1010 -> 0.998 | G1010: =_xlfn.PERCENTILE.INC($B$2:$B$1001,E1010) -> 0.42155893
E1011: 0.999 | F1011: =E1011 -> 0.999 | G1011: =_xlfn.PERCENTILE.INC($B$2:$B$1001,E1011) -> 0.42706936
E1012: 1 | F1012: =E1012 -> 1 | G1012: =_xlfn.PERCENTILE.INC($B$2:$B$1001,E1012) -> 0.4380792

Sheet efbm_H0.5Mach2.5_3
A1: eta | B1: PDF | C1: Archivo | D1: H | E1: Mach_real | F1: PDF_tipo | G1: pdf_sigma | H1: pdf_sigma_core | I1: pdf_skewness | J1: pdf_kurtosis | K1: Mach_inferido_PDF
A2: -2.7124772 | B2: 0.0030299443 | C2: efbm_H0.5Mach2.5_3.fits | D2: 0.5 | E2: 2.5 | F2: B_intermitente | G2: 0.97004296 | H2: 0.54823385 | I2: 0.58056948 | J2: -0.46379137 | K2: 1.4803197
A3: -2.7071966 | B3: 0
A4: -2.701916 | B4: 0
A5: -2.6966354 | B5: 0
A6: -2.6913547 | B6: 0 | E6: CUARTILES | I6: P50%
A7: -2.6860741 | B7: 0.0030299443 | E7: 1 | F7: 0.25 | G7: =_xlfn.QUARTILE.INC($B$2:$B$1001,E7) -> 0.048479109 | I7: =G9-G7 -> 0.21815599
A8: -2.6807935 | B8: 0 | E8: 2 | F8: 0.5 | G8: =_xlfn.QUARTILE.INC($B$2:$B$1001,E8) -> 0.16361699
A9: -2.6755129 | B9: 0 | E9: 3 | F9: 0.75 | G9: =_xlfn.QUARTILE.INC($B$2:$B$1001,E9) -> 0.2666351
A10: -2.6702322 | B10: 0
A11: -2.6649516 | B11: 0
A12: -2.659671 | B12: 0 | E12: PERCENTILES
A13: -2.6543904 | B13: 0 | E13: 0.001 | F13: =E13 -> 0.001 | G13: =_xlfn.PERCENTILE.INC($B$2:$B$1001,E13) -> 0 | I13: P95
A14: -2.6491097 | B14: 0.0030299443 | E14: 0.002 | F14: =E14 -> 0.002 | G14: =_xlfn.PERCENTILE.INC($B$2:$B$1001,E14) -> 0 | I14: =G987-G37 -> 0.56356965
A15: -2.6438291 | B15: 0.0060598887 | E15: 0.003 | F15: =E15 -> 0.003 | G15: =_xlfn.PERCENTILE.INC($B$2:$B$1001,E15) -> 0 | I15: P90
A16: -2.6385485 | B16: 0 | E16: 0.004 | F16: =E16 -> 0.004 | G16: =_xlfn.PERCENTILE.INC($B$2:$B$1001,E16) -> 0 | I16: =G962-G62 -> 0.51812048
A17: -2.6332679 | B17: 0 | E17: 0.005 | F17: =E17 -> 0.005 | G17: =_xlfn.PERCENTILE.INC($B$2:$B$1001,E17) -> 0 | I17: P85
A18: -2.6279872 | B18: 0.0030299443 | E18: 0.006 | F18: =E18 -> 0.006 | G18: =_xlfn.PERCENTILE.INC($B$2:$B$1001,E18) -> 0 | I18: =G937-G87 -> 0.47592851
A19: -2.6227066 | B19: 0 | E19: 0.007 | F19: =E19 -> 0.007 | G19: =_xlfn.PERCENTILE.INC($B$2:$B$1001,E19) -> 0 | I19: P80
A20: -2.617426 | B20: 0.0060598887 | E20: 0.008 | F20: =E20 -> 0.008 | G20: =_xlfn.PERCENTILE.INC($B$2:$B$1001,E20) -> 0 | I20: =G912-G112 -> 0.42146526
A21: -2.6121454 | B21: 0.0030299443 | E21: 0.009 | F21: =E21 -> 0.009 | G21: =_xlfn.PERCENTILE.INC($B$2:$B$1001,E21) -> 0 | I21: P75
A22: -2.6068647 | B22: 0.0060598887 | E22: 0.01 | F22: =E22 -> 0.01 | G22: =_xlfn.PERCENTILE.INC($B$2:$B$1001,E22) -> 0 | I22: =G887-G137 -> 0.38783287
A23: -2.6015841 | B23: 0.009089833 | E23: 0.011 | F23: =E23 -> 0.011 | G23: =_xlfn.PERCENTILE.INC($B$2:$B$1001,E23) -> 0 | I23: P70
A24: -2.5963035 | B24: 0.009089833 | E24: 0.012 | F24: =E24 -> 0.012 | G24: =_xlfn.PERCENTILE.INC($B$2:$B$1001,E24) -> 0 | I24: =G862-G162 -> 0.34889809
A25: -2.5910229 | B25: 0.0030299443 | E25: 0.013 | F25: =E25 -> 0.013 | G25: =_xlfn.PERCENTILE.INC($B$2:$B$1001,E25) -> 0 | I25: P65
A26: -2.5857422 | B26: 0 | E26: 0.014 | F26: =E26 -> 0.014 | G26: =_xlfn.PERCENTILE.INC($B$2:$B$1001,E26) -> 0 | I26: =G837-G187 -> 0.3186744
A27: -2.5804616 | B27: 0.0030299443 | E27: 0.015 | F27: =E27 -> 0.015 | G27: =_xlfn.PERCENTILE.INC($B$2:$B$1001,E27) -> 0 | I27: P60
A28: -2.575181 | B28: 0.0030299443 | E28: 0.016 | F28: =E28 -> 0.016 | G28: =_xlfn.PERCENTILE.INC($B$2:$B$1001,E28) -> 0 | I28: =G812-G212 -> 0.27936087
A29: -2.5699004 | B29: 0 | E29: 0.017 | F29: =E29 -> 0.017 | G29: =_xlfn.PERCENTILE.INC($B$2:$B$1001,E29) -> 0 | I29: P55
A30: -2.5646197 | B30: 0.0060598887 | E30: 0.018 | F30: =E30 -> 0.018 | G30: =_xlfn.PERCENTILE.INC($B$2:$B$1001,E30) -> 0 | I30: =G787-G237 -> 0.24542549
A31: -2.5593391 | B31: 0.0030299443 | E31: 0.019 | F31: =E31 -> 0.019 | G31: =_xlfn.PERCENTILE.INC($B$2:$B$1001,E31) -> 0 | I31: P50
A32: -2.5540585 | B32: 0.0030299443 | E32: 0.02 | F32: =E32 -> 0.02 | G32: =_xlfn.PERCENTILE.INC($B$2:$B$1001,E32) -> 0 | I32: =G762-G262 -> 0.21815599
A33: -2.5487779 | B33: 0.0030299443 | E33: 0.021 | F33: =E33 -> 0.021 | G33: =_xlfn.PERCENTILE.INC($B$2:$B$1001,E33) -> 0
A34: -2.5434972 | B34: 0.0030299443 | E34: 0.022 | F34: =E34 -> 0.022 | G34: =_xlfn.PERCENTILE.INC($B$2:$B$1001,E34) -> 0
A35: -2.5382166 | B35: 0.009089833 | E35: 0.023 | F35: =E35 -> 0.023 | G35: =_xlfn.PERCENTILE.INC($B$2:$B$1001,E35) -> 0
A36: -2.532936 | B36: 0.0060598887 | E36: 0.024 | F36: =E36 -> 0.024 | G36: =_xlfn.PERCENTILE.INC($B$2:$B$1001,E36) -> 0
A37: -2.5276554 | B37: 0.0060598887 | E37: 0.025 | F37: =E37 -> 0.025 | G37: =_xlfn.PERCENTILE.INC($B$2:$B$1001,E37) -> 0
A38: -2.5223747 | B38: 0.0060598887 | E38: 0.026 | F38: =E38 -> 0.026 | G38: =_xlfn.PERCENTILE.INC($B$2:$B$1001,E38) -> 0
A39: -2.5170941 | B39: 0.009089833 | E39: 0.027 | F39: =E39 -> 0.027 | G39: =_xlfn.PERCENTILE.INC($B$2:$B$1001,E39) -> 0
A40: -2.5118135 | B40: 0.009089833 | E40: 0.028 | F40: =E40 -> 0.028 | G40: =_xlfn.PERCENTILE.INC($B$2:$B$1001,E40) -> 0
A41: -2.5065329 | B41: 0.012119777 | E41: 0.029 | F41: =E41 -> 0.029 | G41: =_xlfn.PERCENTILE.INC($B$2:$B$1001,E41) -> 0
A42: -2.5012522 | B42: 0.0060598887 | E42: 0.03 | F42: =E42 -> 0.03 | G42: =_xlfn.PERCENTILE.INC($B$2:$B$1001,E42) -> 0
A43: -2.4959716 | B43: 0.012119777 | E43: 0.031 | F43: =E43 -> 0.031 | G43: =_xlfn.PERCENTILE.INC($B$2:$B$1001,E43) -> 0
A44: -2.490691 | B44: 0.0030299443 | E44: 0.032 | F44: =E44 -> 0.032 | G44: =_xlfn.PERCENTILE.INC($B$2:$B$1001,E44) -> 0
... A1001: 2.5628672 | B1001: 0.0030299443 | E1001: 0.989 | F1001: =E1001 -> 0.989 | G1001: =_xlfn.PERCENTILE.INC($B$2:$B$1001,E1001) -> 0.60295892
E1002: 0.99 | F1002: =E1002 -> 0.99 | G1002: =_xlfn.PERCENTILE.INC($B$2:$B$1001,E1002) -> 0.60295892
E1003: 0.991 | F1003: =E1003 -> 0.991 | G1003: =_xlfn.PERCENTILE.INC($B$2:$B$1001,E1003) -> 0.60298619
E1004: 0.992 | F1004: =E1004 -> 0.992 | G1004: =_xlfn.PERCENTILE.INC($B$2:$B$1001,E1004) -> 0.60603735
E1005: 0.993 | F1005: =E1005 -> 0.993 | G1005: =_xlfn.PERCENTILE.INC($B$2:$B$1001,E1005) -> 0.61209118
E1006: 0.994 | F1006: =E1006 -> 0.994 | G1006: =_xlfn.PERCENTILE.INC($B$2:$B$1001,E1006) -> 0.618145
E1007: 0.995 | F1007: =E1007 -> 0.995 | G1007: =_xlfn.PERCENTILE.INC($B$2:$B$1001,E1007) -> 0.62418368
E1008: 0.996 | F1008: =E1008 -> 0.996 | G1008: =_xlfn.PERCENTILE.INC($B$2:$B$1001,E1008) -> 0.6272106
E1009: 0.997 | F1009: =E1009 -> 0.997 | G1009: =_xlfn.PERCENTILE.INC($B$2:$B$1001,E1009) -> 0.63026478
E1010: 0.998 | F1010: =E1010 -> 0.998 | G1010: =_xlfn.PERCENTILE.INC($B$2:$B$1001,E1010) -> 0.6423482
E1011: 0.999 | F1011: =E1011 -> 0.999 | G1011: =_xlfn.PERCENTILE.INC($B$2:$B$1001,E1011) -> 0.64235123
E1012: 1 | F1012: =E1012 -> 1 | G1012: =_xlfn.PERCENTILE.INC($B$2:$B$1001,E1012) -> 0.64537814

Sheet efbm_H0.5Mach2.5_4
A1: eta | B1: PDF | C1: Archivo | D1: H | E1: Mach_real | F1: PDF_tipo | G1: pdf_sigma | H1: pdf_sigma_core | I1: pdf_skewness | J1: pdf_kurtosis | K1: Mach_inferido_PDF
A2: -3.363694 | B2: 0.0027276017 | C2: efbm_H0.5Mach2.5_4.fits | D2: 0.5 | E2: 2.5 | F2: A_lognormal | G2: 0.97004296 | H2: 0.51652417 | I2: -0.25375646 | J2: -0.3259587 | K2: 3.125
A3: -3.357828 | B3: 0
A4: -3.3519621 | B4: 0
A5: -3.3460961 | B5: 0.0027276017
A6: -3.3402301 | B6: 0.0027276017 | E6: CUARTILES | I6: P50%
A7: -3.3343642 | B7: 0 | E7: 1 | F7: 0.25 | G7: =_xlfn.QUARTILE.INC($B$2:$B$1001,E7) -> 0.035458822 | I7: =G9-G7 -> 0.26253166
A8: -3.3284982 | B8: 0 | E8: 2 | F8: 0.5 | G8: =_xlfn.QUARTILE.INC($B$2:$B$1001,E8) -> 0.14183529
A9: -3.3226323 | B9: 0 | E9: 3 | F9: 0.75 | G9: =_xlfn.QUARTILE.INC($B$2:$B$1001,E9) -> 0.29799048
A10: -3.3167663 | B10: 0
A11: -3.3109003 | B11: 0
A12: -3.3050344 | B12: 0 | E12: PERCENTILES
A13: -3.2991684 | B13: 0.0027276017 | E13: 0.001 | F13: =E13 -> 0.001 | G13: =_xlfn.PERCENTILE.INC($B$2:$B$1001,E13) -> 0 | I13: P95
A14: -3.2933025 | B14: 0.0027276017 | E14: 0.002 | F14: =E14 -> 0.002 | G14: =_xlfn.PERCENTILE.INC($B$2:$B$1001,E14) -> 0 | I14: =G987-G37 -> 0.44459908
A15: -3.2874365 | B15: 0 | E15: 0.003 | F15: =E15 -> 0.003 | G15: =_xlfn.PERCENTILE.INC($B$2:$B$1001,E15) -> 0 | I15: P90
A16: -3.2815706 | B16: 0.0027276017 | E16: 0.004 | F16: =E16 -> 0.004 | G16: =_xlfn.PERCENTILE.INC($B$2:$B$1001,E16) -> 0 | I16: =G962-G62 -> 0.42550586
A17: -3.2757046 | B17: 0 | E17: 0.005 | F17: =E17 -> 0.005 | G17: =_xlfn.PERCENTILE.INC($B$2:$B$1001,E17) -> 0 | I17: P85
A18: -3.2698386 | B18: 0 | E18: 0.006 | F18: =E18 -> 0.006 | G18: =_xlfn.PERCENTILE.INC($B$2:$B$1001,E18) -> 0 | I18: =G937-G87 -> 0.40388962
A19: -3.2639727 | B19: 0 | E19: 0.007 | F19: =E19 -> 0.007 | G19: =_xlfn.PERCENTILE.INC($B$2:$B$1001,E19) -> 0 | I19: P80
A20: -3.2581067 | B20: 0 | E20: 0.008 | F20: =E20 -> 0.008 | G20: =_xlfn.PERCENTILE.INC($B$2:$B$1001,E20) -> 0 | I20: =G912-G112 -> 0.39004704
A21: -3.2522408 | B21: 0 | E21: 0.009 | F21: =E21 -> 0.009 | G21: =_xlfn.PERCENTILE.INC($B$2:$B$1001,E21) -> 0 | I21: P75
A22: -3.2463748 | B22: 0 | E22: 0.01 | F22: =E22 -> 0.01 | G22: =_xlfn.PERCENTILE.INC($B$2:$B$1001,E22) -> 0 | I22: =G887-G137 -> 0.37368143
A23: -3.2405088 | B23: 0 | E23: 0.011 | F23: =E23 -> 0.011 | G23: =_xlfn.PERCENTILE.INC($B$2:$B$1001,E23) -> 0 | I23: P70
A24: -3.2346429 | B24: 0.0054552034 | E24: 0.012 | F24: =E24 -> 0.012 | G24: =_xlfn.PERCENTILE.INC($B$2:$B$1001,E24) -> 0 | I24: =G862-G162 -> 0.35772496
A25: -3.2287769 | B25: 0.0027276017 | E25: 0.013 | F25: =E25 -> 0.013 | G25: =_xlfn.PERCENTILE.INC($B$2:$B$1001,E25) -> 0 | I25: P65
A26: -3.222911 | B26: 0 | E26: 0.014 | F26: =E26 -> 0.014 | G26: =_xlfn.PERCENTILE.INC($B$2:$B$1001,E26) -> 0 | I26: =G837-G187 -> 0.33822261
A27: -3.217045 | B27: 0 | E27: 0.015 | F27: =E27 -> 0.015 | G27: =_xlfn.PERCENTILE.INC($B$2:$B$1001,E27) -> 0 | I27: P60
A28: -3.211179 | B28: 0 | E28: 0.016 | F28: =E28 -> 0.016 | G28: =_xlfn.PERCENTILE.INC($B$2:$B$1001,E28) -> 0 | I28: =G812-G212 -> 0.30931003
A29: -3.2053131 | B29: 0 | E29: 0.017 | F29: =E29 -> 0.017 | G29: =_xlfn.PERCENTILE.INC($B$2:$B$1001,E29) -> 0 | I29: P55
A30: -3.1994471 | B30: 0 | E30: 0.018 | F30: =E30 -> 0.018 | G30: =_xlfn.PERCENTILE.INC($B$2:$B$1001,E30) -> 0 | I30: =G787-G237 -> 0.28701189
A31: -3.1935812 | B31: 0.0054552034 | E31: 0.019 | F31: =E31 -> 0.019 | G31: =_xlfn.PERCENTILE.INC($B$2:$B$1001,E31) -> 0 | I31: P50
A32: -3.1877152 | B32: 0.0027276017 | E32: 0.02 | F32: =E32 -> 0.02 | G32: =_xlfn.PERCENTILE.INC($B$2:$B$1001,E32) -> 0 | I32: =G762-G262 -> 0.26253166
A33: -3.1818492 | B33: 0.0081828051 | E33: 0.021 | F33: =E33 -> 0.021 | G33: =_xlfn.PERCENTILE.INC($B$2:$B$1001,E33) -> 0
A34: -3.1759833 | B34: 0.0054552034 | E34: 0.022 | F34: =E34 -> 0.022 | G34: =_xlfn.PERCENTILE.INC($B$2:$B$1001,E34) -> 0
A35: -3.1701173 | B35: 0.0054552034 | E35: 0.023 | F35: =E35 -> 0.023 | G35: =_xlfn.PERCENTILE.INC($B$2:$B$1001,E35) -> 0
A36: -3.1642514 | B36: 0.0054552034 | E36: 0.024 | F36: =E36 -> 0.024 | G36: =_xlfn.PERCENTILE.INC($B$2:$B$1001,E36) -> 0
A37: -3.1583854 | B37: 0.0027276017 | E37: 0.025 | F37: =E37 -> 0.025 | G37: =_xlfn.PERCENTILE.INC($B$2:$B$1001,E37) -> 0
A38: -3.1525194 | B38: 0 | E38: 0.026 | F38: =E38 -> 0.026 | G38: =_xlfn.PERCENTILE.INC($B$2:$B$1001,E38) -> 0
A39: -3.1466535 | B39: 0.0054552034 | E39: 0.027 | F39: =E39 -> 0.027 | G39: =_xlfn.PERCENTILE.INC($B$2:$B$1001,E39) -> 0
A40: -3.1407875 | B40: 0 | E40: 0.028 | F40: =E40 -> 0.028 | G40: =_xlfn.PERCENTILE.INC($B$2:$B$1001,E40) -> 0
A41: -3.1349216 | B41: 0 | E41: 0.029 | F41: =E41 -> 0.029 | G41: =_xlfn.PERCENTILE.INC($B$2:$B$1001,E41) -> 0
A42: -3.1290556 | B42: 0.0081828051 | E42: 0.03 | F42: =E42 -> 0.03 | G42: =_xlfn.PERCENTILE.INC($B$2:$B$1001,E42) -> 0
A43: -3.1231897 | B43: 0.0027276017 | E43: 0.031 | F43: =E43 -> 0.031 | G43: =_xlfn.PERCENTILE.INC($B$2:$B$1001,E43) -> 0
A44: -3.1173237 | B44: 0 | E44: 0.032 | F44: =E44 -> 0.032 | G44: =_xlfn.PERCENTILE.INC($B$2:$B$1001,E44) -> 0
... A1001: 2.4963992 | B1001: 0.0027276017 | E1001: 0.989 | F1001: =E1001 -> 0.989 | G1001: =_xlfn.PERCENTILE.INC($B$2:$B$1001,E1001) -> 0.46096469
E1002: 0.99 | F1002: =E1002 -> 0.99 | G1002: =_xlfn.PERCENTILE.INC($B$2:$B$1001,E1002) -> 0.46099196
E1003: 0.991 | F1003: =E1003 -> 0.991 | G1003: =_xlfn.PERCENTILE.INC($B$2:$B$1001,E1003) -> 0.46369229
E1004: 0.992 | F1004: =E1004 -> 0.992 | G1004: =_xlfn.PERCENTILE.INC($B$2:$B$1001,E1004) -> 0.46369229
E1005: 0.993 | F1005: =E1005 -> 0.993 | G1005: =_xlfn.PERCENTILE.INC($B$2:$B$1001,E1005) -> 0.46371138
E1006: 0.994 | F1006: =E1006 -> 0.994 | G1006: =_xlfn.PERCENTILE.INC($B$2:$B$1001,E1006) -> 0.46643626
E1007: 0.995 | F1007: =E1007 -> 0.995 | G1007: =_xlfn.PERCENTILE.INC($B$2:$B$1001,E1007) -> 0.46916113
E1008: 0.996 | F1008: =E1008 -> 0.996 | G1008: =_xlfn.PERCENTILE.INC($B$2:$B$1001,E1008) -> 0.47194056
E1009: 0.997 | F1009: =E1009 -> 0.997 | G1009: =_xlfn.PERCENTILE.INC($B$2:$B$1001,E1009) -> 0.48824889
E1010: 0.998 | F1010: =E1010 -> 0.998 | G1010: =_xlfn.PERCENTILE.INC($B$2:$B$1001,E1010) -> 0.4910174
E1011: 0.999 | F1011: =E1011 -> 0.999 | G1011: =_xlfn.PERCENTILE.INC($B$2:$B$1001,E1011) -> 0.51552218
E1012: 1 | F1012: =E1012 -> 1 | G1012: =_xlfn.PERCENTILE.INC($B$2:$B$1001,E1012) -> 0.52097192

Sheet efbm_H0.5Mach2.5_5
A1: eta | B1: PDF | C1: Archivo | D1: H | E1: Mach_real | F1: PDF_tipo | G1: pdf_sigma | H1: pdf_sigma_core | I1: pdf_skewness | J1: pdf_kurtosis | K1: Mach_inferido_PDF
A2: -4.0606547 | B2: 0.0024008948 | C2: efbm_H0.5Mach2.5_5.fits | D2: 0.5 | E2: 2.5 | F2: B_intermitente | G2: 0.97004296 | H2: 0.49442308 | I2: -0.49174519 | J2: 0.56315614 | K2: 1.3155896
A3: -4.0539905 | B3: 0
A4: -4.0473263 | B4: 0
A5: -4.0406622 | B5: 0
A6: -4.033998 | B6: 0.0024008948 | E6: CUARTILES | I6: P50%
A7: -4.0273338 | B7: 0 | E7: 1 | F7: 0.25 | G7: =_xlfn.QUARTILE.INC($B$2:$B$1001,E7) -> 0.024008948 | I7: =G9-G7 -> 0.2304859
A8: -4.0206696 | B8: 0 | E8: 2 | F8: 0.5 | G8: =_xlfn.QUARTILE.INC($B$2:$B$1001,E8) -> 0.079229527
A9: -4.0140054 | B9: 0 | E9: 3 | F9: 0.75 | G9: =_xlfn.QUARTILE.INC($B$2:$B$1001,E9) -> 0.25449485
A10: -4.0073412 | B10: 0
A11: -4.0006771 | B11: 0
A12: -3.9940129 | B12: 0 | E12: PERCENTILES
A13: -3.9873487 | B13: 0 | E13: 0.001 | F13: =E13 -> 0.001 | G13: =_xlfn.PERCENTILE.INC($B$2:$B$1001,E13) -> 0 | I13: P95
A14: -3.9806845 | B14: 0.0024008948 | E14: 0.002 | F14: =E14 -> 0.002 | G14: =_xlfn.PERCENTILE.INC($B$2:$B$1001,E14) -> 0 | I14: =G987-G37 -> 0.48978253
A15: -3.9740203 | B15: 0 | E15: 0.003 | F15: =E15 -> 0.003 | G15: =_xlfn.PERCENTILE.INC($B$2:$B$1001,E15) -> 0 | I15: P90
A16: -3.9673562 | B16: 0 | E16: 0.004 | F16: =E16 -> 0.004 | G16: =_xlfn.PERCENTILE.INC($B$2:$B$1001,E16) -> 0 | I16: =G962-G62 -> 0.4609718
A17: -3.960692 | B17: 0.0024008948 | E17: 0.005 | F17: =E17 -> 0.005 | G17: =_xlfn.PERCENTILE.INC($B$2:$B$1001,E17) -> 0 | I17: P85
A18: -3.9540278 | B18: 0 | E18: 0.006 | F18: =E18 -> 0.006 | G18: =_xlfn.PERCENTILE.INC($B$2:$B$1001,E18) -> 0 | I18: =G937-G87 -> 0.44416553
A19: -3.9473636 | B19: 0 | E19: 0.007 | F19: =E19 -> 0.007 | G19: =_xlfn.PERCENTILE.INC($B$2:$B$1001,E19) -> 0 | I19: P80
A20: -3.9406994 | B20: 0 | E20: 0.008 | F20: =E20 -> 0.008 | G20: =_xlfn.PERCENTILE.INC($B$2:$B$1001,E20) -> 0 | I20: =G912-G112 -> 0.43000025
A21: -3.9340352 | B21: 0 | E21: 0.009 | F21: =E21 -> 0.009 | G21: =_xlfn.PERCENTILE.INC($B$2:$B$1001,E21) -> 0 | I21: P75
A22: -3.9273711 | B22: 0.0024008948 | E22: 0.01 | F22: =E22 -> 0.01 | G22: =_xlfn.PERCENTILE.INC($B$2:$B$1001,E22) -> 0 | I22: =G887-G137 -> 0.40815211
A23: -3.9207069 | B23: 0.0024008948 | E23: 0.011 | F23: =E23 -> 0.011 | G23: =_xlfn.PERCENTILE.INC($B$2:$B$1001,E23) -> 0 | I23: P70
A24: -3.9140427 | B24: 0.0024008948 | E24: 0.012 | F24: =E24 -> 0.012 | G24: =_xlfn.PERCENTILE.INC($B$2:$B$1001,E24) -> 0 | I24: =G862-G162 -> 0.37213869
A25: -3.9073785 | B25: 0.0024008948 | E25: 0.013 | F25: =E25 -> 0.013 | G25: =_xlfn.PERCENTILE.INC($B$2:$B$1001,E25) -> 0 | I25: P65
A26: -3.9007143 | B26: 0 | E26: 0.014 | F26: =E26 -> 0.014 | G26: =_xlfn.PERCENTILE.INC($B$2:$B$1001,E26) -> 0 | I26: =G837-G187 -> 0.34374811
A27: -3.8940501 | B27: 0.0024008948 | E27: 0.015 | F27: =E27 -> 0.015 | G27: =_xlfn.PERCENTILE.INC($B$2:$B$1001,E27) -> 0 | I27: P60
A28: -3.887386 | B28: 0 | E28: 0.016 | F28: =E28 -> 0.016 | G28: =_xlfn.PERCENTILE.INC($B$2:$B$1001,E28) -> 0 | I28: =G812-G212 -> 0.30539381
A29: -3.8807218 | B29: 0.0048017895 | E29: 0.017 | F29: =E29 -> 0.017 | G29: =_xlfn.PERCENTILE.INC($B$2:$B$1001,E29) -> 0 | I29: P55
A30: -3.8740576 | B30: 0 | E30: 0.018 | F30: =E30 -> 0.018 | G30: =_xlfn.PERCENTILE.INC($B$2:$B$1001,E30) -> 0 | I30: =G787-G237 -> 0.26649932
A31: -3.8673934 | B31: 0 | E31: 0.019 | F31: =E31 -> 0.019 | G31: =_xlfn.PERCENTILE.INC($B$2:$B$1001,E31) -> 0 | I31: P50
A32: -3.8607292 | B32: 0 | E32: 0.02 | F32: =E32 -> 0.02 | G32: =_xlfn.PERCENTILE.INC($B$2:$B$1001,E32) -> 0 | I32: =G762-G262 -> 0.2304859
A33: -3.8540651 | B33: 0.0048017895 | E33: 0.021 | F33: =E33 -> 0.021 | G33: =_xlfn.PERCENTILE.INC($B$2:$B$1001,E33) -> 0
A34: -3.8474009 | B34: 0.0024008948 | E34: 0.022 | F34: =E34 -> 0.022 | G34: =_xlfn.PERCENTILE.INC($B$2:$B$1001,E34) -> 0
A35: -3.8407367 | B35: 0 | E35: 0.023 | F35: =E35 -> 0.023 | G35: =_xlfn.PERCENTILE.INC($B$2:$B$1001,E35) -> 0
A36: -3.8340725 | B36: 0 | E36: 0.024 | F36: =E36 -> 0.024 | G36: =_xlfn.PERCENTILE.INC($B$2:$B$1001,E36) -> 0
A37: -3.8274083 | B37: 0 | E37: 0.025 | F37: =E37 -> 0.025 | G37: =_xlfn.PERCENTILE.INC($B$2:$B$1001,E37) -> 0
A38: -3.8207441 | B38: 0.0024008948 | E38: 0.026 | F38: =E38 -> 0.026 | G38: =_xlfn.PERCENTILE.INC($B$2:$B$1001,E38) -> 0
A39: -3.81408 | B39: 0 | E39: 0.027 | F39: =E39 -> 0.027 | G39: =_xlfn.PERCENTILE.INC($B$2:$B$1001,E39) -> 0
A40: -3.8074158 | B40: 0 | E40: 0.028 | F40: =E40 -> 0.028 | G40: =_xlfn.PERCENTILE.INC($B$2:$B$1001,E40) -> 0
A41: -3.8007516 | B41: 0.0072026843 | E41: 0.029 | F41: =E41 -> 0.029 | G41: =_xlfn.PERCENTILE.INC($B$2:$B$1001,E41) -> 0
A42: -3.7940874 | B42: 0.0024008948 | E42: 0.03 | F42: =E42 -> 0.03 | G42: =_xlfn.PERCENTILE.INC($B$2:$B$1001,E42) -> 0
A43: -3.7874232 | B43: 0.0048017895 | E43: 0.031 | F43: =E43 -> 0.031 | G43: =_xlfn.PERCENTILE.INC($B$2:$B$1001,E43) -> 0
A44: -3.7807591 | B44: 0.0072026843 | E44: 0.032 | F44: =E44 -> 0.032 | G44: =_xlfn.PERCENTILE.INC($B$2:$B$1001,E44) -> 0
... A1001: 2.5968632 | B1001: 0.0024008948 | E1001: 0.989 | F1001: =E1001 -> 0.989 | G1001: =_xlfn.PERCENTILE.INC($B$2:$B$1001,E1001) -> 0.50898969
E1002: 0.99 | F1002: =E1002 -> 0.99 | G1002: =_xlfn.PERCENTILE.INC($B$2:$B$1001,E1002) -> 0.5090137
E1003: 0.991 | F1003: =E1003 -> 0.991 | G1003: =_xlfn.PERCENTILE.INC($B$2:$B$1001,E1003) -> 0.51141219
E1004: 0.992 | F1004: =E1004 -> 0.992 | G1004: =_xlfn.PERCENTILE.INC($B$2:$B$1001,E1004) -> 0.51379148
E1005: 0.993 | F1005: =E1005 -> 0.993 | G1005: =_xlfn.PERCENTILE.INC($B$2:$B$1001,E1005) -> 0.51379148
E1006: 0.994 | F1006: =E1006 -> 0.994 | G1006: =_xlfn.PERCENTILE.INC($B$2:$B$1001,E1006) -> 0.5138491
E1007: 0.995 | F1007: =E1007 -> 0.995 | G1007: =_xlfn.PERCENTILE.INC($B$2:$B$1001,E1007) -> 0.52341907
E1008: 0.996 | F1008: =E1008 -> 0.996 | G1008: =_xlfn.PERCENTILE.INC($B$2:$B$1001,E1008) -> 0.52820645
E1009: 0.997 | F1009: =E1009 -> 0.997 | G1009: =_xlfn.PERCENTILE.INC($B$2:$B$1001,E1009) -> 0.53059774
E1010: 0.998 | F1010: =E1010 -> 0.998 | G1010: =_xlfn.PERCENTILE.INC($B$2:$B$1001,E1010) -> 0.53062175
E1011: 0.999 | F1011: =E1011 -> 0.999 | G1011: =_xlfn.PERCENTILE.INC($B$2:$B$1001,E1011) -> 0.54260462
E1012: 1 | F1012: =E1012 -> 1 | G1012: =_xlfn.PERCENTILE.INC($B$2:$B$1001,E1012) -> 0.54500311

Sheet efbm_H0.5Mach2.5_6
A1: eta | B1: PDF | C1: Archivo | D1: H | E1: Mach_real | F1: PDF_tipo | G1: pdf_sigma | H1: pdf_sigma_core | I1: pdf_skewness | J1: pdf_kurtosis | K1: Mach_inferido_PDF
A2: -3.2041098 | B2: 0.0029767738 | C2: efbm_H0.5Mach2.5_6.fits | D2: 0.5 | E2: 2.5 | F2: B_intermitente | G2: 0.97004296 | H2: 0.52443218 | I2: -0.40201208 | J2: -0.44223323 | K2: 1.4066116
A3: -3.1987348 | B3: 0.0029767738
A4: -3.1933599 | B4: 0
A5: -3.1879849 | B5: 0
A6: -3.18261 | B6: 0 | E6: CUARTILES | I6: P50%
A7: -3.177235 | B7: 0 | E7: 1 | F7: 0.25 | G7: =_xlfn.QUARTILE.INC($B$2:$B$1001,E7) -> 0.056558702 | I7: =G9-G7 -> 0.25376996
A8: -3.1718601 | B8: 0 | E8: 2 | F8: 0.5 | G8: =_xlfn.QUARTILE.INC($B$2:$B$1001,E8) -> 0.15776901
A9: -3.1664851 | B9: 0 | E9: 3 | F9: 0.75 | G9: =_xlfn.QUARTILE.INC($B$2:$B$1001,E9) -> 0.31032867
A10: -3.1611102 | B10: 0.0029767738
A11: -3.1557352 | B11: 0
A12: -3.1503603 | B12: 0 | E12: PERCENTILES
A13: -3.1449853 | B13: 0 | E13: 0.001 | F13: =E13 -> 0.001 | G13: =_xlfn.PERCENTILE.INC($B$2:$B$1001,E13) -> 0 | I13: P95
A14: -3.1396104 | B14: 0 | E14: 0.002 | F14: =E14 -> 0.002 | G14: =_xlfn.PERCENTILE.INC($B$2:$B$1001,E14) -> 0 | I14: =G987-G37 -> 0.43766016
A15: -3.1342355 | B15: 0.0029767738 | E15: 0.003 | F15: =E15 -> 0.003 | G15: =_xlfn.PERCENTILE.INC($B$2:$B$1001,E15) -> 0 | I15: P90
A16: -3.1288605 | B16: 0.0029767738 | E16: 0.004 | F16: =E16 -> 0.004 | G16: =_xlfn.PERCENTILE.INC($B$2:$B$1001,E16) -> 0 | I16: =G962-G62 -> 0.4197251
A17: -3.1234856 | B17: 0.0029767738 | E17: 0.005 | F17: =E17 -> 0.005 | G17: =_xlfn.PERCENTILE.INC($B$2:$B$1001,E17) -> 0 | I17: P85
A18: -3.1181106 | B18: 0.0029767738 | E18: 0.006 | F18: =E18 -> 0.006 | G18: =_xlfn.PERCENTILE.INC($B$2:$B$1001,E18) -> 0 | I18: =G937-G87 -> 0.40484123
A19: -3.1127357 | B19: 0 | E19: 0.007 | F19: =E19 -> 0.007 | G19: =_xlfn.PERCENTILE.INC($B$2:$B$1001,E19) -> 0 | I19: P80
A20: -3.1073607 | B20: 0 | E20: 0.008 | F20: =E20 -> 0.008 | G20: =_xlfn.PERCENTILE.INC($B$2:$B$1001,E20) -> 0 | I20: =G912-G112 -> 0.38995737
A21: -3.1019858 | B21: 0 | E21: 0.009 | F21: =E21 -> 0.009 | G21: =_xlfn.PERCENTILE.INC($B$2:$B$1001,E21) -> 0 | I21: P75
A22: -3.0966108 | B22: 0.0059535476 | E22: 0.01 | F22: =E22 -> 0.01 | G22: =_xlfn.PERCENTILE.INC($B$2:$B$1001,E22) -> 0 | I22: =G887-G137 -> 0.37209672
A23: -3.0912359 | B23: 0 | E23: 0.011 | F23: =E23 -> 0.011 | G23: =_xlfn.PERCENTILE.INC($B$2:$B$1001,E23) -> 0 | I23: P70
A24: -3.0858609 | B24: 0.0029767738 | E24: 0.012 | F24: =E24 -> 0.012 | G24: =_xlfn.PERCENTILE.INC($B$2:$B$1001,E24) -> 0 | I24: =G862-G162 -> 0.35721285
A25: -3.080486 | B25: 0 | E25: 0.013 | F25: =E25 -> 0.013 | G25: =_xlfn.PERCENTILE.INC($B$2:$B$1001,E25) -> 0 | I25: P65
A26: -3.075111 | B26: 0 | E26: 0.014 | F26: =E26 -> 0.014 | G26: =_xlfn.PERCENTILE.INC($B$2:$B$1001,E26) -> 0 | I26: =G837-G187 -> 0.33637544
A27: -3.0697361 | B27: 0 | E27: 0.015 | F27: =E27 -> 0.015 | G27: =_xlfn.PERCENTILE.INC($B$2:$B$1001,E27) -> 0 | I27: P60
A28: -3.0643611 | B28: 0.0059535476 | E28: 0.016 | F28: =E28 -> 0.016 | G28: =_xlfn.PERCENTILE.INC($B$2:$B$1001,E28) -> 0 | I28: =G812-G212 -> 0.31553802
A29: -3.0589862 | B29: 0 | E29: 0.017 | F29: =E29 -> 0.017 | G29: =_xlfn.PERCENTILE.INC($B$2:$B$1001,E29) -> 0 | I29: P55
A30: -3.0536113 | B30: 0 | E30: 0.018 | F30: =E30 -> 0.018 | G30: =_xlfn.PERCENTILE.INC($B$2:$B$1001,E30) -> 0 | I30: =G787-G237 -> 0.28644006
A31: -3.0482363 | B31: 0.0089303213 | E31: 0.019 | F31: =E31 -> 0.019 | G31: =_xlfn.PERCENTILE.INC($B$2:$B$1001,E31) -> 0 | I31: P50
A32: -3.0428614 | B32: 0.0029767738 | E32: 0.02 | F32: =E32 -> 0.02 | G32: =_xlfn.PERCENTILE.INC($B$2:$B$1001,E32) -> 0 | I32: =G762-G262 -> 0.25376996
A33: -3.0374864 | B33: 0.0059535476 | E33: 0.021 | F33: =E33 -> 0.021 | G33: =_xlfn.PERCENTILE.INC($B$2:$B$1001,E33) -> 0
A34: -3.0321115 | B34: 0.0059535476 | E34: 0.022 | F34: =E34 -> 0.022 | G34: =_xlfn.PERCENTILE.INC($B$2:$B$1001,E34) -> 0
A35: -3.0267365 | B35: 0.011907095 | E35: 0.023 | F35: =E35 -> 0.023 | G35: =_xlfn.PERCENTILE.INC($B$2:$B$1001,E35) -> 0
A36: -3.0213616 | B36: 0.0089303213 | E36: 0.024 | F36: =E36 -> 0.024 | G36: =_xlfn.PERCENTILE.INC($B$2:$B$1001,E36) -> 0
A37: -3.0159866 | B37: 0.011907095 | E37: 0.025 | F37: =E37 -> 0.025 | G37: =_xlfn.PERCENTILE.INC($B$2:$B$1001,E37) -> 0
A38: -3.0106117 | B38: 0 | E38: 0.026 | F38: =E38 -> 0.026 | G38: =_xlfn.PERCENTILE.INC($B$2:$B$1001,E38) -> 0
A39: -3.0052367 | B39: 0.0059535476 | E39: 0.027 | F39: =E39 -> 0.027 | G39: =_xlfn.PERCENTILE.INC($B$2:$B$1001,E39) -> 0
A40: -2.9998618 | B40: 0.017860643 | E40: 0.028 | F40: =E40 -> 0.028 | G40: =_xlfn.PERCENTILE.INC($B$2:$B$1001,E40) -> 0
A41: -2.9944868 | B41: 0.011907095 | E41: 0.029 | F41: =E41 -> 0.029 | G41: =_xlfn.PERCENTILE.INC($B$2:$B$1001,E41) -> 0
A42: -2.9891119 | B42: 0.0029767738 | E42: 0.03 | F42: =E42 -> 0.03 | G42: =_xlfn.PERCENTILE.INC($B$2:$B$1001,E42) -> 0
A43: -2.9837369 | B43: 0.014883869 | E43: 0.031 | F43: =E43 -> 0.031 | G43: =_xlfn.PERCENTILE.INC($B$2:$B$1001,E43) -> 0
A44: -2.978362 | B44: 0.0059535476 | E44: 0.032 | F44: =E44 -> 0.032 | G44: =_xlfn.PERCENTILE.INC($B$2:$B$1001,E44) -> 0
... A1001: 2.1654619 | B1001: 0.0029767738 | E1001: 0.989 | F1001: =E1001 -> 0.989 | G1001: =_xlfn.PERCENTILE.INC($B$2:$B$1001,E1001) -> 0.45544639
E1002: 0.99 | F1002: =E1002 -> 0.99 | G1002: =_xlfn.PERCENTILE.INC($B$2:$B$1001,E1002) -> 0.45550592
E1003: 0.991 | F1003: =E1003 -> 0.991 | G1003: =_xlfn.PERCENTILE.INC($B$2:$B$1001,E1003) -> 0.46142673
E1004: 0.992 | F1004: =E1004 -> 0.992 | G1004: =_xlfn.PERCENTILE.INC($B$2:$B$1001,E1004) -> 0.46440052
E1005: 0.993 | F1005: =E1005 -> 0.993 | G1005: =_xlfn.PERCENTILE.INC($B$2:$B$1001,E1005) -> 0.46739516
E1006: 0.994 | F1006: =E1006 -> 0.994 | G1006: =_xlfn.PERCENTILE.INC($B$2:$B$1001,E1006) -> 0.47332489
E1007: 0.995 | F1007: =E1007 -> 0.995 | G1007: =_xlfn.PERCENTILE.INC($B$2:$B$1001,E1007) -> 0.4762838
E1008: 0.996 | F1008: =E1008 -> 0.996 | G1008: =_xlfn.PERCENTILE.INC($B$2:$B$1001,E1008) -> 0.47630762
E1009: 0.997 | F1009: =E1009 -> 0.997 | G1009: =_xlfn.PERCENTILE.INC($B$2:$B$1001,E1009) -> 0.48223735
E1010: 0.998 | F1010: =E1010 -> 0.998 | G1010: =_xlfn.PERCENTILE.INC($B$2:$B$1001,E1010) -> 0.48225521
E1011: 0.999 | F1011: =E1011 -> 0.999 | G1011: =_xlfn.PERCENTILE.INC($B$2:$B$1001,E1011) -> 0.49118553
E1012: 1 | F1012: =E1012 -> 1 | G1012: =_xlfn.PERCENTILE.INC($B$2:$B$1001,E1012) -> 0.50902832

Sheet efbm_H0.5Mach2.5_7
A1: eta | B1: PDF | C1: Archivo | D1: H | E1: Mach_real | F1: PDF_tipo | G1: pdf_sigma | H1: pdf_sigma_core | I1: pdf_skewness | J1: pdf_kurtosis | K1: Mach_inferido_PDF
A2: -3.5615736 | B2: 0.0027031572 | C2: efbm_H0.5Mach2.5_7.fits | D2: 0.5 | E2: 2.5 | F2: A_lognormal | G2: 0.97004296 | H2: 0.53497307 | I2: -0.2659248 | J2: -0.44122871 | K2: 3.125
A3: -3.5556546 | B3: 0
A4: -3.5497356 | B4: 0
A5: -3.5438166 | B5: 0
A6: -3.5378976 | B6: 0 | E6: CUARTILES | I6: P50%
A7: -3.5319786 | B7: 0 | E7: 1 | F7: 0.25 | G7: =_xlfn.QUARTILE.INC($B$2:$B$1001,E7) -> 0.024328415 | I7: =G9-G7 -> 0.28721045
A8: -3.5260596 | B8: 0 | E8: 2 | F8: 0.5 | G8: =_xlfn.QUARTILE.INC($B$2:$B$1001,E8) -> 0.12975155
A9: -3.5201406 | B9: 0 | E9: 3 | F9: 0.75 | G9: =_xlfn.QUARTILE.INC($B$2:$B$1001,E9) -> 0.31153887
A10: -3.5142216 | B10: 0
A11: -3.5083026 | B11: 0
A12: -3.5023836 | B12: 0 | E12: PERCENTILES
A13: -3.4964646 | B13: 0 | E13: 0.001 | F13: =E13 -> 0.001 | G13: =_xlfn.PERCENTILE.INC($B$2:$B$1001,E13) -> 0 | I13: P95
A14: -3.4905455 | B14: 0 | E14: 0.002 | F14: =E14 -> 0.002 | G14: =_xlfn.PERCENTILE.INC($B$2:$B$1001,E14) -> 0 | I14: =G987-G37 -> 0.41365063
A15: -3.4846265 | B15: 0 | E15: 0.003 | F15: =E15 -> 0.003 | G15: =_xlfn.PERCENTILE.INC($B$2:$B$1001,E15) -> 0 | I15: P90
A16: -3.4787075 | B16: 0 | E16: 0.004 | F16: =E16 -> 0.004 | G16: =_xlfn.PERCENTILE.INC($B$2:$B$1001,E16) -> 0 | I16: =G962-G62 -> 0.39736411
A17: -3.4727885 | B17: 0 | E17: 0.005 | F17: =E17 -> 0.005 | G17: =_xlfn.PERCENTILE.INC($B$2:$B$1001,E17) -> 0 | I17: P85
A18: -3.4668695 | B18: 0 | E18: 0.006 | F18: =E18 -> 0.006 | G18: =_xlfn.PERCENTILE.INC($B$2:$B$1001,E18) -> 0 | I18: =G937-G87 -> 0.38655148
A19: -3.4609505 | B19: 0 | E19: 0.007 | F19: =E19 -> 0.007 | G19: =_xlfn.PERCENTILE.INC($B$2:$B$1001,E19) -> 0 | I19: P80
A20: -3.4550315 | B20: 0 | E20: 0.008 | F20: =E20 -> 0.008 | G20: =_xlfn.PERCENTILE.INC($B$2:$B$1001,E20) -> 0 | I20: =G912-G112 -> 0.37330601
A21: -3.4491125 | B21: 0 | E21: 0.009 | F21: =E21 -> 0.009 | G21: =_xlfn.PERCENTILE.INC($B$2:$B$1001,E21) -> 0 | I21: P75
A22: -3.4431935 | B22: 0 | E22: 0.01 | F22: =E22 -> 0.01 | G22: =_xlfn.PERCENTILE.INC($B$2:$B$1001,E22) -> 0 | I22: =G887-G137 -> 0.36492622
A23: -3.4372745 | B23: 0 | E23: 0.011 | F23: =E23 -> 0.011 | G23: =_xlfn.PERCENTILE.INC($B$2:$B$1001,E23) -> 0 | I23: P70
A24: -3.4313555 | B24: 0 | E24: 0.012 | F24: =E24 -> 0.012 | G24: =_xlfn.PERCENTILE.INC($B$2:$B$1001,E24) -> 0 | I24: =G862-G162 -> 0.35141044
A25: -3.4254365 | B25: 0.0027031572 | E25: 0.013 | F25: =E25 -> 0.013 | G25: =_xlfn.PERCENTILE.INC($B$2:$B$1001,E25) -> 0 | I25: P65
A26: -3.4195175 | B26: 0 | E26: 0.014 | F26: =E26 -> 0.014 | G26: =_xlfn.PERCENTILE.INC($B$2:$B$1001,E26) -> 0 | I26: =G837-G187 -> 0.34059781
A27: -3.4135985 | B27: 0 | E27: 0.015 | F27: =E27 -> 0.015 | G27: =_xlfn.PERCENTILE.INC($B$2:$B$1001,E27) -> 0 | I27: P60
A28: -3.4076795 | B28: 0 | E28: 0.016 | F28: =E28 -> 0.016 | G28: =_xlfn.PERCENTILE.INC($B$2:$B$1001,E28) -> 0 | I28: =G812-G212 -> 0.32708202
A29: -3.4017605 | B29: 0 | E29: 0.017 | F29: =E29 -> 0.017 | G29: =_xlfn.PERCENTILE.INC($B$2:$B$1001,E29) -> 0 | I29: P55
A30: -3.3958415 | B30: 0 | E30: 0.018 | F30: =E30 -> 0.018 | G30: =_xlfn.PERCENTILE.INC($B$2:$B$1001,E30) -> 0 | I30: =G787-G237 -> 0.31147129
A31: -3.3899225 | B31: 0 | E31: 0.019 | F31: =E31 -> 0.019 | G31: =_xlfn.PERCENTILE.INC($B$2:$B$1001,E31) -> 0 | I31: P50
A32: -3.3840035 | B32: 0.0027031572 | E32: 0.02 | F32: =E32 -> 0.02 | G32: =_xlfn.PERCENTILE.INC($B$2:$B$1001,E32) -> 0 | I32: =G762-G262 -> 0.28721045
A33: -3.3780845 | B33: 0.0054063144 | E33: 0.021 | F33: =E33 -> 0.021 | G33: =_xlfn.PERCENTILE.INC($B$2:$B$1001,E33) -> 0
A34: -3.3721655 | B34: 0 | E34: 0.022 | F34: =E34 -> 0.022 | G34: =_xlfn.PERCENTILE.INC($B$2:$B$1001,E34) -> 0
A35: -3.3662464 | B35: 0 | E35: 0.023 | F35: =E35 -> 0.023 | G35: =_xlfn.PERCENTILE.INC($B$2:$B$1001,E35) -> 0
A36: -3.3603274 | B36: 0 | E36: 0.024 | F36: =E36 -> 0.024 | G36: =_xlfn.PERCENTILE.INC($B$2:$B$1001,E36) -> 0
A37: -3.3544084 | B37: 0 | E37: 0.025 | F37: =E37 -> 0.025 | G37: =_xlfn.PERCENTILE.INC($B$2:$B$1001,E37) -> 0
A38: -3.3484894 | B38: 0 | E38: 0.026 | F38: =E38 -> 0.026 | G38: =_xlfn.PERCENTILE.INC($B$2:$B$1001,E38) -> 0
A39: -3.3425704 | B39: 0.0027031572 | E39: 0.027 | F39: =E39 -> 0.027 | G39: =_xlfn.PERCENTILE.INC($B$2:$B$1001,E39) -> 0
A40: -3.3366514 | B40: 0 | E40: 0.028 | F40: =E40 -> 0.028 | G40: =_xlfn.PERCENTILE.INC($B$2:$B$1001,E40) -> 0
A41: -3.3307324 | B41: 0 | E41: 0.029 | F41: =E41 -> 0.029 | G41: =_xlfn.PERCENTILE.INC($B$2:$B$1001,E41) -> 0
A42: -3.3248134 | B42: 0.0027031572 | E42: 0.03 | F42: =E42 -> 0.03 | G42: =_xlfn.PERCENTILE.INC($B$2:$B$1001,E42) -> 0
A43: -3.3188944 | B43: 0 | E43: 0.031 | F43: =E43 -> 0.031 | G43: =_xlfn.PERCENTILE.INC($B$2:$B$1001,E43) -> 0
A44: -3.3129754 | B44: 0 | E44: 0.032 | F44: =E44 -> 0.032 | G44: =_xlfn.PERCENTILE.INC($B$2:$B$1001,E44) -> 0
... A1001: 2.351512 | B1001: 0.0027031572 | E1001: 0.989 | F1001: =E1001 -> 0.989 | G1001: =_xlfn.PERCENTILE.INC($B$2:$B$1001,E1001) -> 0.42709884
E1002: 0.99 | F1002: =E1002 -> 0.99 | G1002: =_xlfn.PERCENTILE.INC($B$2:$B$1001,E1002) -> 0.42709884
E1003: 0.991 | F1003: =E1003 -> 0.991 | G1003: =_xlfn.PERCENTILE.INC($B$2:$B$1001,E1003) -> 0.42709884
E1004: 0.992 | F1004: =E1004 -> 0.992 | G1004: =_xlfn.PERCENTILE.INC($B$2:$B$1001,E1004) -> 0.42712046
E1005: 0.993 | F1005: =E1005 -> 0.993 | G1005: =_xlfn.PERCENTILE.INC($B$2:$B$1001,E1005) -> 0.42980199
E1006: 0.994 | F1006: =E1006 -> 0.994 | G1006: =_xlfn.PERCENTILE.INC($B$2:$B$1001,E1006) -> 0.42981821
E1007: 0.995 | F1007: =E1007 -> 0.995 | G1007: =_xlfn.PERCENTILE.INC($B$2:$B$1001,E1007) -> 0.43251867
E1008: 0.996 | F1008: =E1008 -> 0.996 | G1008: =_xlfn.PERCENTILE.INC($B$2:$B$1001,E1008) -> 0.43521912
E1009: 0.997 | F1009: =E1009 -> 0.997 | G1009: =_xlfn.PERCENTILE.INC($B$2:$B$1001,E1009) -> 0.43795201
E1010: 0.998 | F1010: =E1010 -> 0.998 | G1010: =_xlfn.PERCENTILE.INC($B$2:$B$1001,E1010) -> 0.45143266
E1011: 0.999 | F1011: =E1011 -> 0.999 | G1011: =_xlfn.PERCENTILE.INC($B$2:$B$1001,E1011) -> 0.45413311
E1012: 1 | F1012: =E1012 -> 1 | G1012: =_xlfn.PERCENTILE.INC($B$2:$B$1001,E1012) -> 0.45683357

Sheet efbm_H0.5Mach2.5_8
A1: eta | B1: PDF | C1: Archivo | D1: H | E1: Mach_real | F1: PDF_tipo | G1: pdf_sigma | H1: pdf_sigma_core | I1: pdf_skewness | J1: pdf_kurtosis | K1: Mach_inferido_PDF
A2: -3.3869559 | B2: 0.0025961558 | C2: efbm_H0.5Mach2.5_8.fits | D2: 0.5 | E2: 2.5 | F2: A_lognormal | G2: 0.97004296 | H2: 0.49767721 | I2: 0.12094689 | J2: -0.0057501124 | K2: 3.125
A3: -3.3807929 | B3: 0
A4: -3.37463 | B4: 0
A5: -3.368467 | B5: 0
A6: -3.362304 | B6: 0.0025961558 | E6: CUARTILES | I6: P50%
A7: -3.3561411 | B7: 0 | E7: 1 | F7: 0.25 | G7: =_xlfn.QUARTILE.INC($B$2:$B$1001,E7) -> 0.031153869 | I7: =G9-G7 -> 0.23430306
A8: -3.3499781 | B8: 0.0025961558 | E8: 2 | F8: 0.5 | G8: =_xlfn.QUARTILE.INC($B$2:$B$1001,E8) -> 0.12201932
A9: -3.3438152 | B9: 0 | E9: 3 | F9: 0.75 | G9: =_xlfn.QUARTILE.INC($B$2:$B$1001,E9) -> 0.26545693
A10: -3.3376522 | B10: 0
A11: -3.3314892 | B11: 0
A12: -3.3253263 | B12: 0 | E12: PERCENTILES
A13: -3.3191633 | B13: 0 | E13: 0.001 | F13: =E13 -> 0.001 | G13: =_xlfn.PERCENTILE.INC($B$2:$B$1001,E13) -> 0 | I13: P95
A14: -3.3130004 | B14: 0 | E14: 0.002 | F14: =E14 -> 0.002 | G14: =_xlfn.PERCENTILE.INC($B$2:$B$1001,E14) -> 0 | I14: =G987-G37 -> 0.50625038
A15: -3.3068374 | B15: 0 | E15: 0.003 | F15: =E15 -> 0.003 | G15: =_xlfn.PERCENTILE.INC($B$2:$B$1001,E15) -> 0 | I15: P90
A16: -3.3006745 | B16: 0.0025961558 | E16: 0.004 | F16: =E16 -> 0.004 | G16: =_xlfn.PERCENTILE.INC($B$2:$B$1001,E16) -> 0 | I16: =G962-G62 -> 0.46224553
A17: -3.2945115 | B17: 0 | E17: 0.005 | F17: =E17 -> 0.005 | G17: =_xlfn.PERCENTILE.INC($B$2:$B$1001,E17) -> 0 | I17: P85
A18: -3.2883485 | B18: 0.0025961558 | E18: 0.006 | F18: =E18 -> 0.006 | G18: =_xlfn.PERCENTILE.INC($B$2:$B$1001,E18) -> 0 | I18: =G937-G87 -> 0.43615417
A19: -3.2821856 | B19: 0 | E19: 0.007 | F19: =E19 -> 0.007 | G19: =_xlfn.PERCENTILE.INC($B$2:$B$1001,E19) -> 0 | I19: P80
A20: -3.2760226 | B20: 0.0051923115 | E20: 0.008 | F20: =E20 -> 0.008 | G20: =_xlfn.PERCENTILE.INC($B$2:$B$1001,E20) -> 0 | I20: =G912-G112 -> 0.39227914
A21: -3.2698597 | B21: 0 | E21: 0.009 | F21: =E21 -> 0.009 | G21: =_xlfn.PERCENTILE.INC($B$2:$B$1001,E21) -> 0 | I21: P75
A22: -3.2636967 | B22: 0.0025961558 | E22: 0.01 | F22: =E22 -> 0.01 | G22: =_xlfn.PERCENTILE.INC($B$2:$B$1001,E22) -> 0 | I22: =G887-G137 -> 0.36638248
A23: -3.2575337 | B23: 0 | E23: 0.011 | F23: =E23 -> 0.011 | G23: =_xlfn.PERCENTILE.INC($B$2:$B$1001,E23) -> 0 | I23: P70
A24: -3.2513708 | B24: 0.0025961558 | E24: 0.012 | F24: =E24 -> 0.012 | G24: =_xlfn.PERCENTILE.INC($B$2:$B$1001,E24) -> 0 | I24: =G862-G162 -> 0.33529352
A25: -3.2452078 | B25: 0.0051923115 | E25: 0.013 | F25: =E25 -> 0.013 | G25: =_xlfn.PERCENTILE.INC($B$2:$B$1001,E25) -> 0 | I25: P65
A26: -3.2390449 | B26: 0.0051923115 | E26: 0.014 | F26: =E26 -> 0.014 | G26: =_xlfn.PERCENTILE.INC($B$2:$B$1001,E26) -> 0 | I26: =G837-G187 -> 0.31153869
A27: -3.2328819 | B27: 0 | E27: 0.015 | F27: =E27 -> 0.015 | G27: =_xlfn.PERCENTILE.INC($B$2:$B$1001,E27) -> 0 | I27: P60
A28: -3.226719 | B28: 0 | E28: 0.016 | F28: =E28 -> 0.016 | G28: =_xlfn.PERCENTILE.INC($B$2:$B$1001,E28) -> 0 | I28: =G812-G212 -> 0.28557713
A29: -3.220556 | B29: 0 | E29: 0.017 | F29: =E29 -> 0.017 | G29: =_xlfn.PERCENTILE.INC($B$2:$B$1001,E29) -> 0 | I29: P55
A30: -3.214393 | B30: 0.0025961558 | E30: 0.018 | F30: =E30 -> 0.018 | G30: =_xlfn.PERCENTILE.INC($B$2:$B$1001,E30) -> 0 | I30: =G787-G237 -> 0.25701942
A31: -3.2082301 | B31: 0.0051923115 | E31: 0.019 | F31: =E31 -> 0.019 | G31: =_xlfn.PERCENTILE.INC($B$2:$B$1001,E31) -> 0 | I31: P50
A32: -3.2020671 | B32: 0.010384623 | E32: 0.02 | F32: =E32 -> 0.02 | G32: =_xlfn.PERCENTILE.INC($B$2:$B$1001,E32) -> 0 | I32: =G762-G262 -> 0.23430306
A33: -3.1959042 | B33: 0.0077884673 | E33: 0.021 | F33: =E33 -> 0.021 | G33: =_xlfn.PERCENTILE.INC($B$2:$B$1001,E33) -> 0
A34: -3.1897412 | B34: 0.012980779 | E34: 0.022 | F34: =E34 -> 0.022 | G34: =_xlfn.PERCENTILE.INC($B$2:$B$1001,E34) -> 0
A35: -3.1835782 | B35: 0.0051923115 | E35: 0.023 | F35: =E35 -> 0.023 | G35: =_xlfn.PERCENTILE.INC($B$2:$B$1001,E35) -> 0
A36: -3.1774153 | B36: 0.0051923115 | E36: 0.024 | F36: =E36 -> 0.024 | G36: =_xlfn.PERCENTILE.INC($B$2:$B$1001,E36) -> 0
A37: -3.1712523 | B37: 0.0077884673 | E37: 0.025 | F37: =E37 -> 0.025 | G37: =_xlfn.PERCENTILE.INC($B$2:$B$1001,E37) -> 0
A38: -3.1650894 | B38: 0.0077884673 | E38: 0.026 | F38: =E38 -> 0.026 | G38: =_xlfn.PERCENTILE.INC($B$2:$B$1001,E38) -> 0
A39: -3.1589264 | B39: 0.0051923115 | E39: 0.027 | F39: =E39 -> 0.027 | G39: =_xlfn.PERCENTILE.INC($B$2:$B$1001,E39) -> 0
A40: -3.1527635 | B40: 0.0051923115 | E40: 0.028 | F40: =E40 -> 0.028 | G40: =_xlfn.PERCENTILE.INC($B$2:$B$1001,E40) -> 0
A41: -3.1466005 | B41: 0.0025961558 | E41: 0.029 | F41: =E41 -> 0.029 | G41: =_xlfn.PERCENTILE.INC($B$2:$B$1001,E41) -> 0
A42: -3.1404375 | B42: 0.0025961558 | E42: 0.03 | F42: =E42 -> 0.03 | G42: =_xlfn.PERCENTILE.INC($B$2:$B$1001,E42) -> 0
A43: -3.1342746 | B43: 0.012980779 | E43: 0.031 | F43: =E43 -> 0.031 | G43: =_xlfn.PERCENTILE.INC($B$2:$B$1001,E43) -> 0
A44: -3.1281116 | B44: 0.010384623 | E44: 0.032 | F44: =E44 -> 0.032 | G44: =_xlfn.PERCENTILE.INC($B$2:$B$1001,E44) -> 0
... A1001: 2.7698396 | B1001: 0.0025961558 | E1001: 0.989 | F1001: =E1001 -> 0.989 | G1001: =_xlfn.PERCENTILE.INC($B$2:$B$1001,E1001) -> 0.52964433
E1002: 0.99 | F1002: =E1002 -> 0.99 | G1002: =_xlfn.PERCENTILE.INC($B$2:$B$1001,E1002) -> 0.53221193
E1003: 0.991 | F1003: =E1003 -> 0.991 | G1003: =_xlfn.PERCENTILE.INC($B$2:$B$1001,E1003) -> 0.5322353
E1004: 0.992 | F1004: =E1004 -> 0.992 | G1004: =_xlfn.PERCENTILE.INC($B$2:$B$1001,E1004) -> 0.53484963
E1005: 0.993 | F1005: =E1005 -> 0.993 | G1005: =_xlfn.PERCENTILE.INC($B$2:$B$1001,E1005) -> 0.54007309
E1006: 0.994 | F1006: =E1006 -> 0.994 | G1006: =_xlfn.PERCENTILE.INC($B$2:$B$1001,E1006) -> 0.5504006
E1007: 0.995 | F1007: =E1007 -> 0.995 | G1007: =_xlfn.PERCENTILE.INC($B$2:$B$1001,E1007) -> 0.55298118
E1008: 0.996 | F1008: =E1008 -> 0.996 | G1008: =_xlfn.PERCENTILE.INC($B$2:$B$1001,E1008) -> 0.55298118
E1009: 0.997 | F1009: =E1009 -> 0.997 | G1009: =_xlfn.PERCENTILE.INC($B$2:$B$1001,E1009) -> 0.55299676
E1010: 0.998 | F1010: =E1010 -> 0.998 | G1010: =_xlfn.PERCENTILE.INC($B$2:$B$1001,E1010) -> 0.55819426
E1011: 0.999 | F1011: =E1011 -> 0.999 | G1011: =_xlfn.PERCENTILE.INC($B$2:$B$1001,E1011) -> 0.56856331
E1012: 1 | F1012: =E1012 -> 1 | G1012: =_xlfn.PERCENTILE.INC($B$2:$B$1001,E1012) -> 0.57375043

Sheet efbm_H0.5Mach2.5_9
A1: eta | B1: PDF | C1: Archivo | D1: H | E1: Mach_real | F1: PDF_tipo | G1: pdf_sigma | H1: pdf_sigma_core | I1: pdf_skewness | J1: pdf_kurtosis | K1: Mach_inferido_PDF
A2: -2.9259477 | B2: 0.0032344958 | C2: efbm_H0.5Mach2.5_9.fits | D2: 0.5 | E2: 2.5 | F2: A_lognormal | G2: 0.97004296 | H2: 0.543263 | I2: -0.15613434 | J2: -0.74998719 | K2: 3.125
A3: -2.9210011 | B3: 0.0032344958
A4: -2.9160544 | B4: 0.0032344958
A5: -2.9111077 | B5: 0
A6: -2.906161 | B6: 0 | E6: CUARTILES | I6: P50%
A7: -2.9012144 | B7: 0.0032344958 | E7: 1 | F7: 0.25 | G7: =_xlfn.QUARTILE.INC($B$2:$B$1001,E7) -> 0.080053771 | I7: =G9-G7 -> 0.21751984
A8: -2.8962677 | B8: 0.0064689916 | E8: 2 | F8: 0.5 | G8: =_xlfn.QUARTILE.INC($B$2:$B$1001,E8) -> 0.21347672
A9: -2.891321 | B9: 0 | E9: 3 | F9: 0.75 | G9: =_xlfn.QUARTILE.INC($B$2:$B$1001,E9) -> 0.29757361
A10: -2.8863743 | B10: 0.0032344958
A11: -2.8814277 | B11: 0.0032344958
A12: -2.876481 | B12: 0 | E12: PERCENTILES
A13: -2.8715343 | B13: 0.0032344958 | E13: 0.001 | F13: =E13 -> 0.001 | G13: =_xlfn.PERCENTILE.INC($B$2:$B$1001,E13) -> 0 | I13: P95
A14: -2.8665876 | B14: 0 | E14: 0.002 | F14: =E14 -> 0.002 | G14: =_xlfn.PERCENTILE.INC($B$2:$B$1001,E14) -> 0 | I14: =G987-G37 -> 0.4592984
A15: -2.861641 | B15: 0 | E15: 0.003 | F15: =E15 -> 0.003 | G15: =_xlfn.PERCENTILE.INC($B$2:$B$1001,E15) -> 0 | I15: P90
A16: -2.8566943 | B16: 0 | E16: 0.004 | F16: =E16 -> 0.004 | G16: =_xlfn.PERCENTILE.INC($B$2:$B$1001,E16) -> 0 | I16: =G962-G62 -> 0.43034967
A17: -2.8517476 | B17: 0.0032344958 | E17: 0.005 | F17: =E17 -> 0.005 | G17: =_xlfn.PERCENTILE.INC($B$2:$B$1001,E17) -> 0 | I17: P85
A18: -2.8468009 | B18: 0.0064689916 | E18: 0.006 | F18: =E18 -> 0.006 | G18: =_xlfn.PERCENTILE.INC($B$2:$B$1001,E18) -> 0 | I18: =G937-G87 -> 0.40107748
A19: -2.8418542 | B19: 0.0032344958 | E19: 0.007 | F19: =E19 -> 0.007 | G19: =_xlfn.PERCENTILE.INC($B$2:$B$1001,E19) -> 0 | I19: P80
A20: -2.8369076 | B20: 0.0032344958 | E20: 0.008 | F20: =E20 -> 0.008 | G20: =_xlfn.PERCENTILE.INC($B$2:$B$1001,E20) -> 0 | I20: =G912-G112 -> 0.37520151
A21: -2.8319609 | B21: 0 | E21: 0.009 | F21: =E21 -> 0.009 | G21: =_xlfn.PERCENTILE.INC($B$2:$B$1001,E21) -> 0 | I21: P75
A22: -2.8270142 | B22: 0.0032344958 | E22: 0.01 | F22: =E22 -> 0.01 | G22: =_xlfn.PERCENTILE.INC($B$2:$B$1001,E22) -> 0 | I22: =G887-G137 -> 0.34326087
A23: -2.8220675 | B23: 0.0032344958 | E23: 0.011 | F23: =E23 -> 0.011 | G23: =_xlfn.PERCENTILE.INC($B$2:$B$1001,E23) -> 0 | I23: P70
A24: -2.8171209 | B24: 0.0097034874 | E24: 0.012 | F24: =E24 -> 0.012 | G24: =_xlfn.PERCENTILE.INC($B$2:$B$1001,E24) -> 0 | I24: =G862-G162 -> 0.31698059
A25: -2.8121742 | B25: 0.0064689916 | E25: 0.013 | F25: =E25 -> 0.013 | G25: =_xlfn.PERCENTILE.INC($B$2:$B$1001,E25) -> 0 | I25: P65
A26: -2.8072275 | B26: 0.0064689916 | E26: 0.014 | F26: =E26 -> 0.014 | G26: =_xlfn.PERCENTILE.INC($B$2:$B$1001,E26) -> 0 | I26: =G837-G187 -> 0.28843616
A27: -2.8022808 | B27: 0 | E27: 0.015 | F27: =E27 -> 0.015 | G27: =_xlfn.PERCENTILE.INC($B$2:$B$1001,E27) -> 0 | I27: P60
A28: -2.7973342 | B28: 0.0097034874 | E28: 0.016 | F28: =E28 -> 0.016 | G28: =_xlfn.PERCENTILE.INC($B$2:$B$1001,E28) -> 0 | I28: =G812-G212 -> 0.26522866
A29: -2.7923875 | B29: 0.0064689916 | E29: 0.017 | F29: =E29 -> 0.017 | G29: =_xlfn.PERCENTILE.INC($B$2:$B$1001,E29) -> 0 | I29: P55
A30: -2.7874408 | B30: 0.0064689916 | E30: 0.018 | F30: =E30 -> 0.018 | G30: =_xlfn.PERCENTILE.INC($B$2:$B$1001,E30) -> 0.0031762749 | I30: =G787-G237 -> 0.23935269
A31: -2.7824941 | B31: 0.012937983 | E31: 0.019 | F31: =E31 -> 0.019 | G31: =_xlfn.PERCENTILE.INC($B$2:$B$1001,E31) -> 0.0032344958 | I31: P50
A32: -2.7775475 | B32: 0.0064689916 | E32: 0.02 | F32: =E32 -> 0.02 | G32: =_xlfn.PERCENTILE.INC($B$2:$B$1001,E32) -> 0.0032344958 | I32: =G762-G262 -> 0.21751984
A33: -2.7726008 | B33: 0.0032344958 | E33: 0.021 | F33: =E33 -> 0.021 | G33: =_xlfn.PERCENTILE.INC($B$2:$B$1001,E33) -> 0.0032344958
A34: -2.7676541 | B34: 0.0097034874 | E34: 0.022 | F34: =E34 -> 0.022 | G34: =_xlfn.PERCENTILE.INC($B$2:$B$1001,E34) -> 0.0032344958
A35: -2.7627074 | B35: 0.0097034874 | E35: 0.023 | F35: =E35 -> 0.023 | G35: =_xlfn.PERCENTILE.INC($B$2:$B$1001,E35) -> 0.0032344958
A36: -2.7577608 | B36: 0.0032344958 | E36: 0.024 | F36: =E36 -> 0.024 | G36: =_xlfn.PERCENTILE.INC($B$2:$B$1001,E36) -> 0.0032344958
A37: -2.7528141 | B37: 0.0032344958 | E37: 0.025 | F37: =E37 -> 0.025 | G37: =_xlfn.PERCENTILE.INC($B$2:$B$1001,E37) -> 0.0032344958
A38: -2.7478674 | B38: 0 | E38: 0.026 | F38: =E38 -> 0.026 | G38: =_xlfn.PERCENTILE.INC($B$2:$B$1001,E38) -> 0.0032344958
A39: -2.7429207 | B39: 0.0097034874 | E39: 0.027 | F39: =E39 -> 0.027 | G39: =_xlfn.PERCENTILE.INC($B$2:$B$1001,E39) -> 0.0032344958
A40: -2.7379741 | B40: 0.0064689916 | E40: 0.028 | F40: =E40 -> 0.028 | G40: =_xlfn.PERCENTILE.INC($B$2:$B$1001,E40) -> 0.0032344958
A41: -2.7330274 | B41: 0.0097034874 | E41: 0.029 | F41: =E41 -> 0.029 | G41: =_xlfn.PERCENTILE.INC($B$2:$B$1001,E41) -> 0.0032344958
A42: -2.7280807 | B42: 0.019406975 | E42: 0.03 | F42: =E42 -> 0.03 | G42: =_xlfn.PERCENTILE.INC($B$2:$B$1001,E42) -> 0.0032344958
A43: -2.723134 | B43: 0.0064689916 | E43: 0.031 | F43: =E43 -> 0.031 | G43: =_xlfn.PERCENTILE.INC($B$2:$B$1001,E43) -> 0.0032344958
A44: -2.7181874 | B44: 0.0032344958 | E44: 0.032 | F44: =E44 -> 0.032 | G44: =_xlfn.PERCENTILE.INC($B$2:$B$1001,E44) -> 0.0032344958
... A1001: 2.0157808 | B1001: 0.0032344958 | E1001: 0.989 | F1001: =E1001 -> 0.989 | G1001: =_xlfn.PERCENTILE.INC($B$2:$B$1001,E1001) -> 0.49167894
E1002: 0.99 | F1002: =E1002 -> 0.99 | G1002: =_xlfn.PERCENTILE.INC($B$2:$B$1001,E1002) -> 0.49487786
E1003: 0.991 | F1003: =E1003 -> 0.991 | G1003: =_xlfn.PERCENTILE.INC($B$2:$B$1001,E1003) -> 0.49487786
E1004: 0.992 | F1004: =E1004 -> 0.992 | G1004: =_xlfn.PERCENTILE.INC($B$2:$B$1001,E1004) -> 0.49487786
E1005: 0.993 | F1005: =E1005 -> 0.993 | G1005: =_xlfn.PERCENTILE.INC($B$2:$B$1001,E1005) -> 0.49492314
E1006: 0.994 | F1006: =E1006 -> 0.994 | G1006: =_xlfn.PERCENTILE.INC($B$2:$B$1001,E1006) -> 0.50134685
E1007: 0.995 | F1007: =E1007 -> 0.995 | G1007: =_xlfn.PERCENTILE.INC($B$2:$B$1001,E1007) -> 0.50139537
E1008: 0.996 | F1008: =E1008 -> 0.996 | G1008: =_xlfn.PERCENTILE.INC($B$2:$B$1001,E1008) -> 0.51106327
E1009: 0.997 | F1009: =E1009 -> 0.997 | G1009: =_xlfn.PERCENTILE.INC($B$2:$B$1001,E1009) -> 0.51428483
E1010: 0.998 | F1010: =E1010 -> 0.998 | G1010: =_xlfn.PERCENTILE.INC($B$2:$B$1001,E1010) -> 0.51429777
E1011: 0.999 | F1011: =E1011 -> 0.999 | G1011: =_xlfn.PERCENTILE.INC($B$2:$B$1001,E1011) -> 0.52079587
E1012: 1 | F1012: =E1012 -> 1 | G1012: =_xlfn.PERCENTILE.INC($B$2:$B$1001,E1012) -> 0.56280227

Sheet efbm_H1Mach1_0
A1: eta | B1: PDF | C1: Archivo | D1: H | E1: Mach_real | F1: PDF_tipo | G1: pdf_sigma | H1: pdf_sigma_core | I1: pdf_skewness | J1: pdf_kurtosis | K1: Mach_inferido_PDF
A2: -1.1330361 | B2: 0.0073672967 | C2: efbm_H1Mach1_0.fits | D2: 1 | E2: 1 | F2: A_lognormal | G2: 0.47238073 | H2: 0.26072108 | I2: 0.22885028 | J2: -0.80673475 | K2: 1.25
A3: -1.1308644 | B3: 0.014734593
A4: -1.1286926 | B4: 0
A5: -1.1265208 | B5: 0
A6: -1.1243491 | B6: 0.0073672967 | E6: CUARTILES | I6: P50%
A7: -1.1221773 | B7: 0 | E7: 1 | F7: 0.25 | G7: =_xlfn.QUARTILE.INC($B$2:$B$1001,E7) -> 0.26338086 | I7: =G9-G7 -> 0.42177774
A8: -1.1200056 | B8: 0.014734593 | E8: 2 | F8: 0.5 | G8: =_xlfn.QUARTILE.INC($B$2:$B$1001,E8) -> 0.47150699
A9: -1.1178338 | B9: 0.014734593 | E9: 3 | F9: 0.75 | G9: =_xlfn.QUARTILE.INC($B$2:$B$1001,E9) -> 0.68515859
A10: -1.115662 | B10: 0.014734593
A11: -1.1134903 | B11: 0.014734593
A12: -1.1113185 | B12: 0 | E12: PERCENTILES
A13: -1.1091468 | B13: 0.02210189 | E13: 0.001 | F13: =E13 -> 0.001 | G13: =_xlfn.PERCENTILE.INC($B$2:$B$1001,E13) -> 0 | I13: P95
A14: -1.106975 | B14: 0.0073672967 | E14: 0.002 | F14: =E14 -> 0.002 | G14: =_xlfn.PERCENTILE.INC($B$2:$B$1001,E14) -> 0 | I14: =G987-G37 -> 0.8474233
A15: -1.1048032 | B15: 0.04420378 | E15: 0.003 | F15: =E15 -> 0.003 | G15: =_xlfn.PERCENTILE.INC($B$2:$B$1001,E15) -> 0 | I15: P90
A16: -1.1026315 | B16: 0.029469187 | E16: 0.004 | F16: =E16 -> 0.004 | G16: =_xlfn.PERCENTILE.INC($B$2:$B$1001,E16) -> 0 | I16: =G962-G62 -> 0.78093345
A17: -1.1004597 | B17: 0.0073672967 | E17: 0.005 | F17: =E17 -> 0.005 | G17: =_xlfn.PERCENTILE.INC($B$2:$B$1001,E17) -> 0 | I17: P85
A18: -1.098288 | B18: 0.029469187 | E18: 0.006 | F18: =E18 -> 0.006 | G18: =_xlfn.PERCENTILE.INC($B$2:$B$1001,E18) -> 0.0073230929 | I18: =G937-G87 -> 0.72936237
A19: -1.0961162 | B19: 0.02210189 | E19: 0.007 | F19: =E19 -> 0.007 | G19: =_xlfn.PERCENTILE.INC($B$2:$B$1001,E19) -> 0.0073672967 | I19: P80
A20: -1.0939444 | B20: 0.04420378 | E20: 0.008 | F20: =E20 -> 0.008 | G20: =_xlfn.PERCENTILE.INC($B$2:$B$1001,E20) -> 0.0073672967 | I20: =G912-G112 -> 0.67852802
A21: -1.0917727 | B21: 0.06630567 | E21: 0.009 | F21: =E21 -> 0.009 | G21: =_xlfn.PERCENTILE.INC($B$2:$B$1001,E21) -> 0.0073672967 | I21: P75
A22: -1.0896009 | B22: 0.058938374 | E22: 0.01 | F22: =E22 -> 0.01 | G22: =_xlfn.PERCENTILE.INC($B$2:$B$1001,E22) -> 0.0073672967 | I22: =G887-G137 -> 0.63358752
A23: -1.0874292 | B23: 0.051571077 | E23: 0.011 | F23: =E23 -> 0.011 | G23: =_xlfn.PERCENTILE.INC($B$2:$B$1001,E23) -> 0.0073672967 | I23: P70
A24: -1.0852574 | B24: 0.0073672967 | E24: 0.012 | F24: =E24 -> 0.012 | G24: =_xlfn.PERCENTILE.INC($B$2:$B$1001,E24) -> 0.0073672967 | I24: =G862-G162 -> 0.59675103
A25: -1.0830856 | B25: 0.058938374 | E25: 0.013 | F25: =E25 -> 0.013 | G25: =_xlfn.PERCENTILE.INC($B$2:$B$1001,E25) -> 0.0073672967 | I25: P65
A26: -1.0809139 | B26: 0.06630567 | E26: 0.014 | F26: =E26 -> 0.014 | G26: =_xlfn.PERCENTILE.INC($B$2:$B$1001,E26) -> 0.0073672967 | I26: =G837-G187 -> 0.55991455
A27: -1.0787421 | B27: 0.036836483 | E27: 0.015 | F27: =E27 -> 0.015 | G27: =_xlfn.PERCENTILE.INC($B$2:$B$1001,E27) -> 0.0073672967 | I27: P60
A28: -1.0765704 | B28: 0.04420378 | E28: 0.016 | F28: =E28 -> 0.016 | G28: =_xlfn.PERCENTILE.INC($B$2:$B$1001,E28) -> 0.0073672967 | I28: =G812-G212 -> 0.52307806
A29: -1.0743986 | B29: 0.095774857 | E29: 0.017 | F29: =E29 -> 0.017 | G29: =_xlfn.PERCENTILE.INC($B$2:$B$1001,E29) -> 0.0073672967 | I29: P55
A30: -1.0722268 | B30: 0.081040264 | E30: 0.018 | F30: =E30 -> 0.018 | G30: =_xlfn.PERCENTILE.INC($B$2:$B$1001,E30) -> 0.014601982 | I30: =G787-G237 -> 0.46413969
A31: -1.0700551 | B31: 0.081040264 | E31: 0.019 | F31: =E31 -> 0.019 | G31: =_xlfn.PERCENTILE.INC($B$2:$B$1001,E31) -> 0.014734593 | I31: P50
A32: -1.0678833 | B32: 0.073672967 | E32: 0.02 | F32: =E32 -> 0.02 | G32: =_xlfn.PERCENTILE.INC($B$2:$B$1001,E32) -> 0.014734593 | I32: =G762-G262 -> 0.42177774
A33: -1.0657116 | B33: 0.081040264 | E33: 0.021 | F33: =E33 -> 0.021 | G33: =_xlfn.PERCENTILE.INC($B$2:$B$1001,E33) -> 0.014734593
A34: -1.0635398 | B34: 0.13997864 | E34: 0.022 | F34: =E34 -> 0.022 | G34: =_xlfn.PERCENTILE.INC($B$2:$B$1001,E34) -> 0.014734593
A35: -1.061368 | B35: 0.073672967 | E35: 0.023 | F35: =E35 -> 0.023 | G35: =_xlfn.PERCENTILE.INC($B$2:$B$1001,E35) -> 0.014734593
A36: -1.0591963 | B36: 0.11787675 | E36: 0.024 | F36: =E36 -> 0.024 | G36: =_xlfn.PERCENTILE.INC($B$2:$B$1001,E36) -> 0.014734593
A37: -1.0570245 | B37: 0.11787675 | E37: 0.025 | F37: =E37 -> 0.025 | G37: =_xlfn.PERCENTILE.INC($B$2:$B$1001,E37) -> 0.014734593
A38: -1.0548528 | B38: 0.051571077 | E38: 0.026 | F38: =E38 -> 0.026 | G38: =_xlfn.PERCENTILE.INC($B$2:$B$1001,E38) -> 0.014734593
A39: -1.052681 | B39: 0.081040264 | E39: 0.027 | F39: =E39 -> 0.027 | G39: =_xlfn.PERCENTILE.INC($B$2:$B$1001,E39) -> 0.014734593
A40: -1.0505092 | B40: 0.13997864 | E40: 0.028 | F40: =E40 -> 0.028 | G40: =_xlfn.PERCENTILE.INC($B$2:$B$1001,E40) -> 0.014734593
A41: -1.0483375 | B41: 0.095774857 | E41: 0.029 | F41: =E41 -> 0.029 | G41: =_xlfn.PERCENTILE.INC($B$2:$B$1001,E41) -> 0.014734593
A42: -1.0461657 | B42: 0.11787675 | E42: 0.03 | F42: =E42 -> 0.03 | G42: =_xlfn.PERCENTILE.INC($B$2:$B$1001,E42) -> 0.014734593
A43: -1.043994 | B43: 0.12524404 | E43: 0.031 | F43: =E43 -> 0.031 | G43: =_xlfn.PERCENTILE.INC($B$2:$B$1001,E43) -> 0.014734593
A44: -1.0418222 | B44: 0.11787675 | E44: 0.032 | F44: =E44 -> 0.032 | G44: =_xlfn.PERCENTILE.INC($B$2:$B$1001,E44) -> 0.021866137
... A1001: 1.0365521 | B1001: 0.014734593 | E1001: 0.989 | F1001: =E1001 -> 0.989 | G1001: =_xlfn.PERCENTILE.INC($B$2:$B$1001,E1001) -> 0.8988102
E1002: 0.99 | F1002: =E1002 -> 0.99 | G1002: =_xlfn.PERCENTILE.INC($B$2:$B$1001,E1002) -> 0.89888387
E1003: 0.991 | F1003: =E1003 -> 0.991 | G1003: =_xlfn.PERCENTILE.INC($B$2:$B$1001,E1003) -> 0.90617749
E1004: 0.992 | F1004: =E1004 -> 0.992 | G1004: =_xlfn.PERCENTILE.INC($B$2:$B$1001,E1004) -> 0.90629537
E1005: 0.993 | F1005: =E1005 -> 0.993 | G1005: =_xlfn.PERCENTILE.INC($B$2:$B$1001,E1005) -> 0.92096366
E1006: 0.994 | F1006: =E1006 -> 0.994 | G1006: =_xlfn.PERCENTILE.INC($B$2:$B$1001,E1006) -> 0.92827938
E1007: 0.995 | F1007: =E1007 -> 0.995 | G1007: =_xlfn.PERCENTILE.INC($B$2:$B$1001,E1007) -> 0.92831622
E1008: 0.996 | F1008: =E1008 -> 0.996 | G1008: =_xlfn.PERCENTILE.INC($B$2:$B$1001,E1008) -> 0.93570562
E1009: 0.997 | F1009: =E1009 -> 0.997 | G1009: =_xlfn.PERCENTILE.INC($B$2:$B$1001,E1009) -> 0.95044758
E1010: 0.998 | F1010: =E1010 -> 0.998 | G1010: =_xlfn.PERCENTILE.INC($B$2:$B$1001,E1010) -> 0.97255684
E1011: 0.999 | F1011: =E1011 -> 0.999 | G1011: =_xlfn.PERCENTILE.INC($B$2:$B$1001,E1011) -> 1.0093196
E1012: 1 | F1012: =E1012 -> 1 | G1012: =_xlfn.PERCENTILE.INC($B$2:$B$1001,E1012) -> 1.0093196

Sheet efbm_H1Mach1_1
A1: eta | B1: PDF | C1: Archivo | D1: H | E1: Mach_real | F1: PDF_tipo | G1: pdf_sigma | H1: pdf_sigma_core | I1: pdf_skewness | J1: pdf_kurtosis | K1: Mach_inferido_PDF
A2: -1.3894796 | B2: 0.014674331 | C2: efbm_H1Mach1_1.fits | D2: 1 | E2: 1 | F2: B_intermitente | G2: 0.47238073 | H2: 0.25876786 | I2: -0.39734918 | J2: -0.45420755 | K2: 0.65790182
A3: -1.3872989 | B3: 0.022011496
A4: -1.3851183 | B4: 0.014674331
A5: -1.3829376 | B5: 0.022011496
A6: -1.3807569 | B6: 0.029348662 | E6: CUARTILES | I6: P50%
A7: -1.3785762 | B7: 0.044022993 | E7: 1 | F7: 0.25 | G7: =_xlfn.QUARTILE.INC($B$2:$B$1001,E7) -> 0.1907663 | I7: =G9-G7 -> 0.47691576
A8: -1.3763955 | B8: 0.022011496 | E8: 2 | F8: 0.5 | G8: =_xlfn.QUARTILE.INC($B$2:$B$1001,E8) -> 0.52093875
A9: -1.3742149 | B9: 0.022011496 | E9: 3 | F9: 0.75 | G9: =_xlfn.QUARTILE.INC($B$2:$B$1001,E9) -> 0.66768206
A10: -1.3720342 | B10: 0.08070882
A11: -1.3698535 | B11: 0.051360158
A12: -1.3676728 | B12: 0.036685827 | E12: PERCENTILES
A13: -1.3654921 | B13: 0.036685827 | E13: 0.001 | F13: =E13 -> 0.001 | G13: =_xlfn.PERCENTILE.INC($B$2:$B$1001,E13) -> 0.0073371655 | I13: P95
A14: -1.3633115 | B14: 0.08070882 | E14: 0.002 | F14: =E14 -> 0.002 | G14: =_xlfn.PERCENTILE.INC($B$2:$B$1001,E14) -> 0.014659657 | I14: =G987-G37 -> 0.90980852
A15: -1.3611308 | B15: 0.051360158 | E15: 0.003 | F15: =E15 -> 0.003 | G15: =_xlfn.PERCENTILE.INC($B$2:$B$1001,E15) -> 0.014674331 | I15: P90
A16: -1.3589501 | B16: 0.029348662 | E16: 0.004 | F16: =E16 -> 0.004 | G16: =_xlfn.PERCENTILE.INC($B$2:$B$1001,E16) -> 0.014674331 | I16: =G962-G62 -> 0.79241387
A17: -1.3567694 | B17: 0.058697324 | E17: 0.005 | F17: =E17 -> 0.005 | G17: =_xlfn.PERCENTILE.INC($B$2:$B$1001,E17) -> 0.021974811 | I17: P85
A18: -1.3545887 | B18: 0.044022993 | E18: 0.006 | F18: =E18 -> 0.006 | G18: =_xlfn.PERCENTILE.INC($B$2:$B$1001,E18) -> 0.022011496 | I18: =G937-G87 -> 0.73371655
A19: -1.3524081 | B19: 0.095383151 | E19: 0.007 | F19: =E19 -> 0.007 | G19: =_xlfn.PERCENTILE.INC($B$2:$B$1001,E19) -> 0.022011496 | I19: P80
A20: -1.3502274 | B20: 0.066034489 | E20: 0.008 | F20: =E20 -> 0.008 | G20: =_xlfn.PERCENTILE.INC($B$2:$B$1001,E20) -> 0.022011496 | I20: =G912-G112 -> 0.69703072
A21: -1.3480467 | B21: 0.073371655 | E21: 0.009 | F21: =E21 -> 0.009 | G21: =_xlfn.PERCENTILE.INC($B$2:$B$1001,E21) -> 0.022011496 | I21: P75
A22: -1.345866 | B22: 0.088045986 | E22: 0.01 | F22: =E22 -> 0.01 | G22: =_xlfn.PERCENTILE.INC($B$2:$B$1001,E22) -> 0.022011496 | I22: =G887-G137 -> 0.64567056
A23: -1.3436854 | B23: 0.11005748 | E23: 0.011 | F23: =E23 -> 0.011 | G23: =_xlfn.PERCENTILE.INC($B$2:$B$1001,E23) -> 0.022011496 | I23: P70
A24: -1.3415047 | B24: 0.11005748 | E24: 0.012 | F24: =E24 -> 0.012 | G24: =_xlfn.PERCENTILE.INC($B$2:$B$1001,E24) -> 0.022011496 | I24: =G862-G162 -> 0.6163219
A25: -1.339324 | B25: 0.088045986 | E25: 0.013 | F25: =E25 -> 0.013 | G25: =_xlfn.PERCENTILE.INC($B$2:$B$1001,E25) -> 0.029253279 | I25: P65
A26: -1.3371433 | B26: 0.073371655 | E26: 0.014 | F26: =E26 -> 0.014 | G26: =_xlfn.PERCENTILE.INC($B$2:$B$1001,E26) -> 0.029348662 | I26: =G837-G187 -> 0.57229891
A27: -1.3349626 | B27: 0.051360158 | E27: 0.015 | F27: =E27 -> 0.015 | G27: =_xlfn.PERCENTILE.INC($B$2:$B$1001,E27) -> 0.029348662 | I27: P60
A28: -1.332782 | B28: 0.12473181 | E28: 0.016 | F28: =E28 -> 0.016 | G28: =_xlfn.PERCENTILE.INC($B$2:$B$1001,E28) -> 0.029348662 | I28: =G812-G212 -> 0.55028741
A29: -1.3306013 | B29: 0.095383151 | E29: 0.017 | F29: =E29 -> 0.017 | G29: =_xlfn.PERCENTILE.INC($B$2:$B$1001,E29) -> 0.029348662 | I29: P55
A30: -1.3284206 | B30: 0.10272032 | E30: 0.018 | F30: =E30 -> 0.018 | G30: =_xlfn.PERCENTILE.INC($B$2:$B$1001,E30) -> 0.036553758 | I30: =G787-G237 -> 0.50791528
A31: -1.3262399 | B31: 0.095383151 | E31: 0.019 | F31: =E31 -> 0.019 | G31: =_xlfn.PERCENTILE.INC($B$2:$B$1001,E31) -> 0.036685827 | I31: P50
A32: -1.3240592 | B32: 0.14674331 | E32: 0.02 | F32: =E32 -> 0.02 | G32: =_xlfn.PERCENTILE.INC($B$2:$B$1001,E32) -> 0.036685827 | I32: =G762-G262 -> 0.47691576
A33: -1.3218786 | B33: 0.11739465 | E33: 0.021 | F33: =E33 -> 0.021 | G33: =_xlfn.PERCENTILE.INC($B$2:$B$1001,E33) -> 0.036685827
A34: -1.3196979 | B34: 0.088045986 | E34: 0.022 | F34: =E34 -> 0.022 | G34: =_xlfn.PERCENTILE.INC($B$2:$B$1001,E34) -> 0.036685827
A35: -1.3175172 | B35: 0.11739465 | E35: 0.023 | F35: =E35 -> 0.023 | G35: =_xlfn.PERCENTILE.INC($B$2:$B$1001,E35) -> 0.036685827
A36: -1.3153365 | B36: 0.10272032 | E36: 0.024 | F36: =E36 -> 0.024 | G36: =_xlfn.PERCENTILE.INC($B$2:$B$1001,E36) -> 0.043846901
A37: -1.3131559 | B37: 0.088045986 | E37: 0.025 | F37: =E37 -> 0.025 | G37: =_xlfn.PERCENTILE.INC($B$2:$B$1001,E37) -> 0.044022993
A38: -1.3109752 | B38: 0.073371655 | E38: 0.026 | F38: =E38 -> 0.026 | G38: =_xlfn.PERCENTILE.INC($B$2:$B$1001,E38) -> 0.044022993
A39: -1.3087945 | B39: 0.088045986 | E39: 0.027 | F39: =E39 -> 0.027 | G39: =_xlfn.PERCENTILE.INC($B$2:$B$1001,E39) -> 0.044022993
A40: -1.3066138 | B40: 0.08070882 | E40: 0.028 | F40: =E40 -> 0.028 | G40: =_xlfn.PERCENTILE.INC($B$2:$B$1001,E40) -> 0.044022993
A41: -1.3044331 | B41: 0.11005748 | E41: 0.029 | F41: =E41 -> 0.029 | G41: =_xlfn.PERCENTILE.INC($B$2:$B$1001,E41) -> 0.05114738
A42: -1.3022525 | B42: 0.058697324 | E42: 0.03 | F42: =E42 -> 0.03 | G42: =_xlfn.PERCENTILE.INC($B$2:$B$1001,E42) -> 0.051360158
A43: -1.3000718 | B43: 0.12473181 | E43: 0.031 | F43: =E43 -> 0.031 | G43: =_xlfn.PERCENTILE.INC($B$2:$B$1001,E43) -> 0.051360158
A44: -1.2978911 | B44: 0.051360158 | E44: 0.032 | F44: =E44 -> 0.032 | G44: =_xlfn.PERCENTILE.INC($B$2:$B$1001,E44) -> 0.051360158
... A1001: 0.78901835 | B1001: 0.044022993 | E1001: 0.989 | F1001: =E1001 -> 0.989 | G1001: =_xlfn.PERCENTILE.INC($B$2:$B$1001,E1001) -> 0.99793521
E1002: 0.99 | F1002: =E1002 -> 0.99 | G1002: =_xlfn.PERCENTILE.INC($B$2:$B$1001,E1002) -> 1.005265
E1003: 0.991 | F1003: =E1003 -> 0.991 | G1003: =_xlfn.PERCENTILE.INC($B$2:$B$1001,E1003) -> 1.0125288
E1004: 0.992 | F1004: =E1004 -> 0.992 | G1004: =_xlfn.PERCENTILE.INC($B$2:$B$1001,E1004) -> 1.0126462
E1005: 0.993 | F1005: =E1005 -> 0.993 | G1005: =_xlfn.PERCENTILE.INC($B$2:$B$1001,E1005) -> 1.0272545
E1006: 0.994 | F1006: =E1006 -> 0.994 | G1006: =_xlfn.PERCENTILE.INC($B$2:$B$1001,E1006) -> 1.0345844
E1007: 0.995 | F1007: =E1007 -> 0.995 | G1007: =_xlfn.PERCENTILE.INC($B$2:$B$1001,E1007) -> 1.0419876
E1008: 0.996 | F1008: =E1008 -> 0.996 | G1008: =_xlfn.PERCENTILE.INC($B$2:$B$1001,E1008) -> 1.0639183
E1009: 0.997 | F1009: =E1009 -> 0.997 | G1009: =_xlfn.PERCENTILE.INC($B$2:$B$1001,E1009) -> 1.0712702
E1010: 0.998 | F1010: =E1010 -> 0.998 | G1010: =_xlfn.PERCENTILE.INC($B$2:$B$1001,E1010) -> 1.0859445
E1011: 0.999 | F1011: =E1011 -> 0.999 | G1011: =_xlfn.PERCENTILE.INC($B$2:$B$1001,E1011) -> 1.1079267
E1012: 1 | F1012: =E1012 -> 1 | G1012: =_xlfn.PERCENTILE.INC($B$2:$B$1001,E1012) -> 1.1225863

Sheet efbm_H1Mach1_2
A1: eta | B1: PDF | C1: Archivo | D1: H | E1: Mach_real | F1: PDF_tipo | G1: pdf_sigma | H1: pdf_sigma_core | I1: pdf_skewness | J1: pdf_kurtosis | K1: Mach_inferido_PDF
A2: -1.1389048 | B2: 0.0078027177 | C2: efbm_H1Mach1_2.fits | D2: 1 | E2: 1 | F2: A_lognormal | G2: 0.47238073 | H2: 0.27559564 | I2: -0.10823695 | J2: -1.0918272 | K2: 1.25
A3: -1.1368543 | B3: 0.0078027177
A4: -1.1348037 | B4: 0.0078027177
A5: -1.1327531 | B5: 0.0078027177
A6: -1.1307026 | B6: 0.023408153 | E6: CUARTILES | I6: P50%
A7: -1.128652 | B7: 0 | E7: 1 | F7: 0.25 | G7: =_xlfn.QUARTILE.INC($B$2:$B$1001,E7) -> 0.31210871 | I7: =G9-G7 -> 0.3511223
A8: -1.1266014 | B8: 0.015605435 | E8: 2 | F8: 0.5 | G8: =_xlfn.QUARTILE.INC($B$2:$B$1001,E8) -> 0.54619024
A9: -1.1245509 | B9: 0 | E9: 3 | F9: 0.75 | G9: =_xlfn.QUARTILE.INC($B$2:$B$1001,E9) -> 0.66323101
A10: -1.1225003 | B10: 0.015605435
A11: -1.1204497 | B11: 0.015605435
A12: -1.1183992 | B12: 0.015605435 | E12: PERCENTILES
A13: -1.1163486 | B13: 0.046816306 | E13: 0.001 | F13: =E13 -> 0.001 | G13: =_xlfn.PERCENTILE.INC($B$2:$B$1001,E13) -> 0 | I13: P95
A14: -1.114298 | B14: 0.015605435 | E14: 0.002 | F14: =E14 -> 0.002 | G14: =_xlfn.PERCENTILE.INC($B$2:$B$1001,E14) -> 0 | I14: =G987-G37 -> 0.82708808
A15: -1.1122475 | B15: 0.031210871 | E15: 0.003 | F15: =E15 -> 0.003 | G15: =_xlfn.PERCENTILE.INC($B$2:$B$1001,E15) -> 0 | I15: P90
A16: -1.1101969 | B16: 0.015605435 | E16: 0.004 | F16: =E16 -> 0.004 | G16: =_xlfn.PERCENTILE.INC($B$2:$B$1001,E16) -> 0 | I16: =G962-G62 -> 0.77246905
A17: -1.1081463 | B17: 0.0078027177 | E17: 0.005 | F17: =E17 -> 0.005 | G17: =_xlfn.PERCENTILE.INC($B$2:$B$1001,E17) -> 0 | I17: P85
A18: -1.1060958 | B18: 0.046816306 | E18: 0.006 | F18: =E18 -> 0.006 | G18: =_xlfn.PERCENTILE.INC($B$2:$B$1001,E18) -> 0.0077559014 | I18: =G937-G87 -> 0.71785003
A19: -1.1040452 | B19: 0.046816306 | E19: 0.007 | F19: =E19 -> 0.007 | G19: =_xlfn.PERCENTILE.INC($B$2:$B$1001,E19) -> 0.0078027177 | I19: P80
A20: -1.1019946 | B20: 0.0078027177 | E20: 0.008 | F20: =E20 -> 0.008 | G20: =_xlfn.PERCENTILE.INC($B$2:$B$1001,E20) -> 0.0078027177 | I20: =G912-G112 -> 0.67103372
A21: -1.0999441 | B21: 0.0078027177 | E21: 0.009 | F21: =E21 -> 0.009 | G21: =_xlfn.PERCENTILE.INC($B$2:$B$1001,E21) -> 0.0078027177 | I21: P75
A22: -1.0978935 | B22: 0.054619024 | E22: 0.01 | F22: =E22 -> 0.01 | G22: =_xlfn.PERCENTILE.INC($B$2:$B$1001,E22) -> 0.0078027177 | I22: =G887-G137 -> 0.64079819
A23: -1.0958429 | B23: 0.031210871 | E23: 0.011 | F23: =E23 -> 0.011 | G23: =_xlfn.PERCENTILE.INC($B$2:$B$1001,E23) -> 0.0078027177 | I23: P70
A24: -1.0937923 | B24: 0.023408153 | E24: 0.012 | F24: =E24 -> 0.012 | G24: =_xlfn.PERCENTILE.INC($B$2:$B$1001,E24) -> 0.0078027177 | I24: =G862-G162 -> 0.60080926
A25: -1.0917418 | B25: 0.070224459 | E25: 0.013 | F25: =E25 -> 0.013 | G25: =_xlfn.PERCENTILE.INC($B$2:$B$1001,E25) -> 0.0078027177 | I25: P65
A26: -1.0896912 | B26: 0.031210871 | E26: 0.014 | F26: =E26 -> 0.014 | G26: =_xlfn.PERCENTILE.INC($B$2:$B$1001,E26) -> 0.0078027177 | I26: =G837-G187 -> 0.51497937
A27: -1.0876406 | B27: 0.039013589 | E27: 0.015 | F27: =E27 -> 0.015 | G27: =_xlfn.PERCENTILE.INC($B$2:$B$1001,E27) -> 0.0078027177 | I27: P60
A28: -1.0855901 | B28: 0.062421742 | E28: 0.016 | F28: =E28 -> 0.016 | G28: =_xlfn.PERCENTILE.INC($B$2:$B$1001,E28) -> 0.015480592 | I28: =G812-G212 -> 0.45411817
A29: -1.0835395 | B29: 0.054619024 | E29: 0.017 | F29: =E29 -> 0.017 | G29: =_xlfn.PERCENTILE.INC($B$2:$B$1001,E29) -> 0.015605435 | I29: P55
A30: -1.0814889 | B30: 0.093632612 | E30: 0.018 | F30: =E30 -> 0.018 | G30: =_xlfn.PERCENTILE.INC($B$2:$B$1001,E30) -> 0.015605435 | I30: =G787-G237 -> 0.41354404
A31: -1.0794384 | B31: 0.078027177 | E31: 0.019 | F31: =E31 -> 0.019 | G31: =_xlfn.PERCENTILE.INC($B$2:$B$1001,E31) -> 0.015605435 | I31: P50
A32: -1.0773878 | B32: 0.11704077 | E32: 0.02 | F32: =E32 -> 0.02 | G32: =_xlfn.PERCENTILE.INC($B$2:$B$1001,E32) -> 0.015605435 | I32: =G762-G262 -> 0.3511223
A33: -1.0753372 | B33: 0.093632612 | E33: 0.021 | F33: =E33 -> 0.021 | G33: =_xlfn.PERCENTILE.INC($B$2:$B$1001,E33) -> 0.015605435
A34: -1.0732867 | B34: 0.078027177 | E34: 0.022 | F34: =E34 -> 0.022 | G34: =_xlfn.PERCENTILE.INC($B$2:$B$1001,E34) -> 0.015605435
A35: -1.0712361 | B35: 0.085829895 | E35: 0.023 | F35: =E35 -> 0.023 | G35: =_xlfn.PERCENTILE.INC($B$2:$B$1001,E35) -> 0.015605435
A36: -1.0691855 | B36: 0.093632612 | E36: 0.024 | F36: =E36 -> 0.024 | G36: =_xlfn.PERCENTILE.INC($B$2:$B$1001,E36) -> 0.015605435
A37: -1.067135 | B37: 0.12484348 | E37: 0.025 | F37: =E37 -> 0.025 | G37: =_xlfn.PERCENTILE.INC($B$2:$B$1001,E37) -> 0.015605435
A38: -1.0650844 | B38: 0.070224459 | E38: 0.026 | F38: =E38 -> 0.026 | G38: =_xlfn.PERCENTILE.INC($B$2:$B$1001,E38) -> 0.015605435
A39: -1.0630338 | B39: 0.11704077 | E39: 0.027 | F39: =E39 -> 0.027 | G39: =_xlfn.PERCENTILE.INC($B$2:$B$1001,E39) -> 0.015605435
A40: -1.0609833 | B40: 0.1326462 | E40: 0.028 | F40: =E40 -> 0.028 | G40: =_xlfn.PERCENTILE.INC($B$2:$B$1001,E40) -> 0.023189677
A41: -1.0589327 | B41: 0.078027177 | E41: 0.029 | F41: =E41 -> 0.029 | G41: =_xlfn.PERCENTILE.INC($B$2:$B$1001,E41) -> 0.023408153
A42: -1.0568821 | B42: 0.085829895 | E42: 0.03 | F42: =E42 -> 0.03 | G42: =_xlfn.PERCENTILE.INC($B$2:$B$1001,E42) -> 0.023408153
A43: -1.0548316 | B43: 0.10143533 | E43: 0.031 | F43: =E43 -> 0.031 | G43: =_xlfn.PERCENTILE.INC($B$2:$B$1001,E43) -> 0.023408153
A44: -1.052781 | B44: 0.093632612 | E44: 0.032 | F44: =E44 -> 0.032 | G44: =_xlfn.PERCENTILE.INC($B$2:$B$1001,E44) -> 0.023408153
