Workbook

Sheet Summary
B1: SUMMARY
E2: Ajuste: log P(k)=a+b log(k) | L2: AJUSTE
B3: File | C3: H | D3: ℳ | E3: b(β) | F3: a | H3: Relación H=c*β+d | L3: H | M3: β(media) | N3: sigma(β)
B4: =efbm_H0.5Mach1_0!F2 -> efbm_H0.5Mach1_0.fits | C4: =efbm_H0.5Mach1_0!G2 -> 0.5 | D4: =efbm_H0.5Mach1_0!H2 -> 1 | E4: =efbm_H0.5Mach1_0!H6 -> -2.9471601 | F4: =efbm_H0.5Mach1_0!H8 -> 0.82980827 | H4: Cálculo de la pendiente ( c ) | L4: =0.5 -> 0.5 | M4: =AVERAGE(E4:E23) -> -2.9583973 | N4: =_xlfn.STDEV.S(E4:E23) -> 0.15521654
B5: =efbm_H0.5Mach1_1!F2 -> efbm_H0.5Mach1_1.fits | C5: =efbm_H0.5Mach1_1!G2 -> 0.5 | D5: =efbm_H0.5Mach1_1!H2 -> 1 | E5: =efbm_H0.5Mach1_1!H6 -> -3.0158719 | F5: =efbm_H0.5Mach1_1!H8 -> 0.99824225 | H5: =SLOPE(C4:C43,E4:E43) -> -0.41225892 | J5: 0.5 | L5: 1 | M5: =AVERAGE(E24:E43) -> -4.0857485 | N5: =_xlfn.STDEV.S(E24:E43) -> 0.1631749
B6: =efbm_H0.5Mach1_2!F2 -> efbm_H0.5Mach1_2.fits | C6: =efbm_H0.5Mach1_2!G2 -> 0.5 | D6: =efbm_H0.5Mach1_2!H2 -> 1 | E6: =efbm_H0.5Mach1_2!H6 -> -2.8373476 | F6: =efbm_H0.5Mach1_2!H8 -> 0.95884855 | H6: Cálculo de la intersección-y (d)
B7: =efbm_H0.5Mach1_3!F2 -> efbm_H0.5Mach1_3.fits | C7: =efbm_H0.5Mach1_3!G2 -> 0.5 | D7: =efbm_H0.5Mach1_3!H2 -> 1 | E7: =efbm_H0.5Mach1_3!H6 -> -3.1945703 | F7: =efbm_H0.5Mach1_3!H8 -> 0.4080232 | H7: =INTERCEPT(C4:C43,E4:E43) -> -0.70200597 | J7: 1
B8: =efbm_H0.5Mach1_4!F2 -> efbm_H0.5Mach1_4.fits | C8: =efbm_H0.5Mach1_4!G2 -> 0.5 | D8: =efbm_H0.5Mach1_4!H2 -> 1 | E8: =efbm_H0.5Mach1_4!H6 -> -2.8151567 | F8: =efbm_H0.5Mach1_4!H8 -> 1.101531 | H8: R2
B9: =efbm_H0.5Mach1_5!F2 -> efbm_H0.5Mach1_5.fits | C9: =efbm_H0.5Mach1_5!G2 -> 0.5 | D9: =efbm_H0.5Mach1_5!H2 -> 1 | E9: =efbm_H0.5Mach1_5!H6 -> -3.0285212 | F9: =efbm_H0.5Mach1_5!H8 -> 1.1134838 | H9: =CORREL(E4:E43,C4:C43)^2 -> 0.92952121
B10: =efbm_H0.5Mach1_6!$F$2 -> efbm_H0.5Mach1_6.fits | C10: =efbm_H0.5Mach1_6!$G$2 -> 0.5 | D10: =efbm_H0.5Mach1_6!$H$2 -> 1 | E10: =efbm_H0.5Mach1_6!$H$6 -> -2.871939 | F10: =efbm_H0.5Mach1_6!$H$8 -> 0.62879549 | L10: TEORÍA
B11: =efbm_H0.5Mach1_7!$F$2 -> efbm_H0.5Mach1_7.fits | C11: =efbm_H0.5Mach1_7!$G$2 -> 0.5 | D11: =efbm_H0.5Mach1_7!$H$2 -> 1 | E11: =efbm_H0.5Mach1_7!$H$6 -> -3.0532654 | F11: =efbm_H0.5Mach1_7!$H$8 -> 0.37825941 | H11: Relación clásica en 2D: H=(β-2)/2 | L11: H | M11: β | N11: sigma(β)
B12: =efbm_H0.5Mach1_8!$F$2 -> efbm_H0.5Mach1_8.fits | C12: =efbm_H0.5Mach1_8!$G$2 -> 0.5 | D12: =efbm_H0.5Mach1_8!$H$2 -> 1 | E12: =efbm_H0.5Mach1_8!$H$6 -> -3.162452 | F12: =efbm_H0.5Mach1_8!$H$8 -> 0.44038665 | L12: =0.5 -> 0.5 | M12: =-1*(2*L12+2) -> -3 | N12: N/A
B13: =efbm_H0.5Mach1_9!$F$2 -> efbm_H0.5Mach1_9.fits | C13: =efbm_H0.5Mach1_9!$G$2 -> 0.5 | D13: =efbm_H0.5Mach1_9!$H$2 -> 1 | E13: =efbm_H0.5Mach1_9!$H$6 -> -3.1305248 | F13: =efbm_H0.5Mach1_9!$H$8 -> 0.20338343 | L13: 1 | M13: =-1*(2*L13+2) -> -4 | N13: N/A
B14: ='efbm_H0.5Mach2.5_0'!$F$2 -> efbm_H0.5Mach2.5_0.fits | C14: ='efbm_H0.5Mach2.5_0'!$G$2 -> 0.5 | D14: ='efbm_H0.5Mach2.5_0'!$H$2 -> 2.5 | E14: ='efbm_H0.5Mach2.5_0'!$H$6 -> -2.8211349 | F14: ='efbm_H0.5Mach2.5_0'!$H$8 -> 1.858146
B15: ='efbm_H0.5Mach2.5_1'!$F$2 -> efbm_H0.5Mach2.5_1.fits | C15: ='efbm_H0.5Mach2.5_1'!$G$2 -> 0.5 | D15: ='efbm_H0.5Mach2.5_1'!$H$2 -> 2.5 | E15: ='efbm_H0.5Mach2.5_1'!$H$6 -> -2.9063499 | F15: ='efbm_H0.5Mach2.5_1'!$H$8 -> 2.4020524
B16: ='efbm_H0.5Mach2.5_2'!$F$2 -> efbm_H0.5Mach2.5_2.fits | C16: ='efbm_H0.5Mach2.5_2'!$G$2 -> 0.5 | D16: ='efbm_H0.5Mach2.5_2'!$H$2 -> 2.5 | E16: ='efbm_H0.5Mach2.5_2'!$H$6 -> -2.7129278 | F16: ='efbm_H0.5Mach2.5_2'!$H$8 -> 2.0448324
B17: ='efbm_H0.5Mach2.5_3'!$F$2 -> efbm_H0.5Mach2.5_3.fits | C17: ='efbm_H0.5Mach2.5_3'!$G$2 -> 0.5 | D17: ='efbm_H0.5Mach2.5_3'!$H$2 -> 2.5 | E17: ='efbm_H0.5Mach2.5_3'!$H$6 -> -3.1293645 | F17: ='efbm_H0.5Mach2.5_3'!$H$8 -> 1.701481
B18: ='efbm_H0.5Mach2.5_4'!$F$2 -> efbm_H0.5Mach2.5_4.fits | C18: ='efbm_H0.5Mach2.5_4'!$G$2 -> 0.5 | D18: ='efbm_H0.5Mach2.5_4'!$H$2 -> 2.5 | E18: ='efbm_H0.5Mach2.5_4'!$H$6 -> -2.6879519 | F18: ='efbm_H0.5Mach2.5_4'!$H$8 -> 2.1944086
B19: ='efbm_H0.5Mach2.5_5'!$F$2 -> efbm_H0.5Mach2.5_5.fits | C19: ='efbm_H0.5Mach2.5_5'!$G$2 -> 0.5 | D19: ='efbm_H0.5Mach2.5_5'!$H$2 -> 2.5 | E19: ='efbm_H0.5Mach2.5_5'!$H$6 -> -2.9086614 | F19: ='efbm_H0.5Mach2.5_5'!$H$8 -> 2.6058183
B20: ='efbm_H0.5Mach2.5_6'!$F$2 -> efbm_H0.5Mach2.5_6.fits | C20: ='efbm_H0.5Mach2.5_6'!$G$2 -> 0.5 | D20: ='efbm_H0.5Mach2.5_6'!$H$2 -> 2.5 | E20: ='efbm_H0.5Mach2.5_6'!$H$6 -> -2.7520195 | F20: ='efbm_H0.5Mach2.5_6'!$H$8 -> 1.4252042
B21: ='efbm_H0.5Mach2.5_7'!$F$2 -> efbm_H0.5Mach2.5_7.fits | C21: ='efbm_H0.5Mach2.5_7'!$G$2 -> 0.5 | D21: ='efbm_H0.5Mach2.5_7'!$H$2 -> 2.5 | E21: ='efbm_H0.5Mach2.5_7'!$H$6 -> -3.0020506 | F21: ='efbm_H0.5Mach2.5_7'!$H$8 -> 1.3291194
B22: ='efbm_H0.5Mach2.5_8'!$F$2 -> efbm_H0.5Mach2.5_8.fits | C22: ='efbm_H0.5Mach2.5_8'!$G$2 -> 0.5 | D22: ='efbm_H0.5Mach2.5_8'!$H$2 -> 2.5 | E22: ='efbm_H0.5Mach2.5_8'!$H$6 -> -3.12745 | F22: ='efbm_H0.5Mach2.5_8'!$H$8 -> 1.6492681
B23: ='efbm_H0.5Mach2.5_9'!$F$2 -> efbm_H0.5Mach2.5_9.fits | C23: ='efbm_H0.5Mach2.5_9'!$G$2 -> 0.5 | D23: ='efbm_H0.5Mach2.5_9'!$H$2 -> 2.5 | E23: ='efbm_H0.5Mach2.5_9'!$H$6 -> -3.0632255 | F23: ='efbm_H0.5Mach2.5_9'!$H$8 -> 1.0680086
B24: =efbm_H1Mach1_0!$F$2 -> efbm_H1Mach1_0.fits | C24: =efbm_H1Mach1_0!$G$2 -> 1 | D24: =efbm_H1Mach1_0!$H$2 -> 1 | E24: =efbm_H1Mach1_0!$H$6 -> -4.0496526 | F24: =efbm_H1Mach1_0!$H$8 -> -1.6596522
B25: =efbm_H1Mach1_1!$F$2 -> efbm_H1Mach1_1.fits | C25: =efbm_H1Mach1_1!$G$2 -> 1 | D25: =efbm_H1Mach1_1!$H$2 -> 1 | E25: =efbm_H1Mach1_1!$H$6 -> -4.1647314 | F25: =efbm_H1Mach1_1!$H$8 -> -1.5766048
B26: =efbm_H1Mach1_2!$F$2 -> efbm_H1Mach1_2.fits | C26: =efbm_H1Mach1_2!$G$2 -> 1 | D26: =efbm_H1Mach1_2!$H$2 -> 1 | E26: =efbm_H1Mach1_2!$H$6 -> -3.9223328 | F26: =efbm_H1Mach1_2!$H$8 -> -1.4700649
B27: =efbm_H1Mach1_3!$F$2 -> efbm_H1Mach1_3.fits | C27: =efbm_H1Mach1_3!$G$2 -> 1 | D27: =efbm_H1Mach1_3!$H$2 -> 1 | E27: =efbm_H1Mach1_3!$H$6 -> -4.2938221 | F27: =efbm_H1Mach1_3!$H$8 -> -2.0828325
B28: =efbm_H1Mach1_4!$F$2 -> efbm_H1Mach1_4.fits | C28: =efbm_H1Mach1_4!$G$2 -> 1 | D28: =efbm_H1Mach1_4!$H$2 -> 1 | E28: =efbm_H1Mach1_4!$H$6 -> -3.8617214 | F28: =efbm_H1Mach1_4!$H$8 -> -1.2373553
B29: =efbm_H1Mach1_5!$F$2 -> efbm_H1Mach1_5.fits | C29: =efbm_H1Mach1_5!$G$2 -> 1 | D29: =efbm_H1Mach1_5!$H$2 -> 1 | E29: =efbm_H1Mach1_5!$H$6 -> -4.1202031 | F29: =efbm_H1Mach1_5!$H$8 -> -1.2150529
B30: =efbm_H1Mach1_6!$F$2 -> efbm_H1Mach1_6.fits | C30: =efbm_H1Mach1_6!$G$2 -> 1 | D30: =efbm_H1Mach1_6!$H$2 -> 1 | E30: =efbm_H1Mach1_6!$H$6 -> -3.9809275 | F30: =efbm_H1Mach1_6!$H$8 -> -1.9001325
B31: =efbm_H1Mach1_7!$F$2 -> efbm_H1Mach1_7.fits | C31: =efbm_H1Mach1_7!$G$2 -> 1 | D31: =efbm_H1Mach1_7!$H$2 -> 1 | E31: =efbm_H1Mach1_7!$H$6 -> -4.1740381 | F31: =efbm_H1Mach1_7!$H$8 -> -2.1982317
B32: =efbm_H1Mach1_8!$F$2 -> efbm_H1Mach1_8.fits | C32: =efbm_H1Mach1_8!$G$2 -> 1 | D32: =efbm_H1Mach1_8!$H$2 -> 1 | E32: =efbm_H1Mach1_8!$H$6 -> -4.2619512 | F32: =efbm_H1Mach1_8!$H$8 -> -2.0748717
B33: =efbm_H1Mach1_9!$F$2 -> efbm_H1Mach1_9.fits | C33: =efbm_H1Mach1_9!$G$2 -> 1 | D33: =efbm_H1Mach1_9!$H$2 -> 1 | E33: =efbm_H1Mach1_9!$H$6 -> -4.2482849 | F33: =efbm_H1Mach1_9!$H$8 -> -2.3990965
B34: =efbm_H1Mach2.5_0!$F$2 -> efbm_H1Mach2.5_0.fits | C34: =efbm_H1Mach2.5_0!$G$2 -> 1 | D34: =efbm_H1Mach2.5_0!$H$2 -> 2.5 | E34: =efbm_H1Mach2.5_0!$H$6 -> -3.9739102 | F34: =efbm_H1Mach2.5_0!$H$8 -> -0.72433011
B35: =efbm_H1Mach2.5_1!$F$2 -> efbm_H1Mach2.5_1.fits | C35: =efbm_H1Mach2.5_1!$G$2 -> 1 | D35: =efbm_H1Mach2.5_1!$H$2 -> 2.5 | E35: =efbm_H1Mach2.5_1!$H$6 -> -4.1070578 | F35: =efbm_H1Mach2.5_1!$H$8 -> -0.23048261
B36: =efbm_H1Mach2.5_2!$F$2 -> efbm_H1Mach2.5_2.fits | C36: =efbm_H1Mach2.5_2!$G$2 -> 1 | D36: =efbm_H1Mach2.5_2!$H$2 -> 2.5 | E36: =efbm_H1Mach2.5_2!$H$6 -> -3.8568577 | F36: =efbm_H1Mach2.5_2!$H$8 -> -0.51708498
B37: =efbm_H1Mach2.5_3!$F$2 -> efbm_H1Mach2.5_3.fits | C37: =efbm_H1Mach2.5_3!$G$2 -> 1 | D37: =efbm_H1Mach2.5_3!$H$2 -> 2.5 | E37: =efbm_H1Mach2.5_3!$H$6 -> -4.2812994 | F37: =efbm_H1Mach2.5_3!$H$8 -> -0.88702767
B38: =efbm_H1Mach2.5_4!$F$2 -> efbm_H1Mach2.5_4.fits | C38: =efbm_H1Mach2.5_4!$G$2 -> 1 | D38: =efbm_H1Mach2.5_4!$H$2 -> 2.5 | E38: =efbm_H1Mach2.5_4!$H$6 -> -3.7775712 | F38: =efbm_H1Mach2.5_4!$H$8 -> -0.34163564
B39: =efbm_H1Mach2.5_5!$F$2 -> efbm_H1Mach2.5_5.fits | C39: =efbm_H1Mach2.5_5!$G$2 -> 1 | D39: =efbm_H1Mach2.5_5!$H$2 -> 2.5 | E39: =efbm_H1Mach2.5_5!$H$6 -> -4.056622 | F39: =efbm_H1Mach2.5_5!$H$8 -> 0.22289629
B40: =efbm_H1Mach2.5_6!$F$2 -> efbm_H1Mach2.5_6.fits | C40: =efbm_H1Mach2.5_6!$G$2 -> 1 | D40: =efbm_H1Mach2.5_6!$H$2 -> 2.5 | E40: =efbm_H1Mach2.5_6!$H$6 -> -3.8970741 | F40: =efbm_H1Mach2.5_6!$H$8 -> -1.2382004
B41: =efbm_H1Mach2.5_7!$F$2 -> efbm_H1Mach2.5_7.fits | C41: =efbm_H1Mach2.5_7!$G$2 -> 1 | D41: =efbm_H1Mach2.5_7!$H$2 -> 2.5 | E41: =efbm_H1Mach2.5_7!$H$6 -> -4.1861331 | F41: =efbm_H1Mach2.5_7!$H$8 -> -1.3260108
B42: =efbm_H1Mach2.5_8!$F$2 -> efbm_H1Mach2.5_8.fits | C42: =efbm_H1Mach2.5_8!$G$2 -> 1 | D42: =efbm_H1Mach2.5_8!$H$2 -> 2.5 | E42: =efbm_H1Mach2.5_8!$H$6 -> -4.2771107 | F42: =efbm_H1Mach2.5_8!$H$8 -> -0.98453917
B43: =efbm_H1Mach2.5_9!$F$2 -> efbm_H1Mach2.5_9.fits | C43: =efbm_H1Mach2.5_9!$G$2 -> 1 | D43: =efbm_H1Mach2.5_9!$H$2 -> 2.5 | E43: =efbm_H1Mach2.5_9!$H$6 -> -4.2236686 | F43: =efbm_H1Mach2.5_9!$H$8 -> -1.6202914

Sheet efbm_H0.5Mach1_0
A1: k | B1: P(k) | C1: log(k) | D1: log(P(k)) | E1: Residuos | F1: Archivo | G1: H | H1: Mach | I1: beta | J1: beta_err | K1: intercept | L1: intercept_err
A2: 0.0041401922 | B2: 54144807 | C2: =LOG(A2) -> -2.3829795 | D2: =LOG(B2) -> 7.7335568 | E2: =D2-$H$8-$H$6*C2 -> -0.11927352 | F2: efbm_H0.5Mach1_0.fits | G2: 0.5 | H2: 1 | I2: -2.9356345 | J2: 0.018553661 | K2: 0.84527635 | L2: 0.16758168
A3: 0.0041601062 | B3: 53644011 | C3: =LOG(A3) -> -2.3808956 | D3: =LOG(B3) -> 7.7295212 | E3: =D3-$H$8-$H$6*C3 -> -0.11716747
A4: 0.0041801159 | B4: 53147846 | C4: =LOG(A4) -> -2.3788117 | D4: =LOG(B4) -> 7.7254857 | E4: =D4-$H$8-$H$6*C4 -> -0.11506142 | H4: Ajuste: log P(k)=a+b log(k) | L4: H | M4: Est.
A5: 0.0042002219 | B5: 52656270 | C5: =LOG(A5) -> -2.3767278 | D5: =LOG(B5) -> 7.7214501 | E5: =D5-$H$8-$H$6*C5 -> -0.11295537 | H5: Pendiente (b) | L5: =G2 -> 0.5 | M5: =(ABS(H6)-2)/2 -> 0.47358004
A6: 0.0042204246 | B6: 52169241 | C6: =LOG(A6) -> -2.3746439 | D6: =LOG(B6) -> 7.7174145 | E6: =D6-$H$8-$H$6*C6 -> -0.11084933 | H6: =SLOPE(D2:D1001,C2:C1001) -> -2.9471601
A7: 0.0042407245 | B7: 51686717 | C7: =LOG(A7) -> -2.3725599 | D7: =LOG(B7) -> 7.7133789 | E7: =D7-$H$8-$H$6*C7 -> -0.10874328 | H7: Intersección eje y (a)
A8: 0.004261122 | B8: 51208655 | C8: =LOG(A8) -> -2.370476 | D8: =LOG(B8) -> 7.7093434 | E8: =D8-$H$8-$H$6*C8 -> -0.10663723 | H8: =INTERCEPT(D2:D1001,C2:C1001) -> 0.82980827
A9: 0.0042816177 | B9: 50735016 | C9: =LOG(A9) -> -2.3683921 | D9: =LOG(B9) -> 7.7053078 | E9: =D9-$H$8-$H$6*C9 -> -0.10453118 | H9: R2
A10: 0.0043022119 | B10: 50265757 | C10: =LOG(A10) -> -2.3663082 | D10: =LOG(B10) -> 7.7012722 | E10: =D10-$H$8-$H$6*C10 -> -0.10242514 | H10: =CORREL(C2:C1001,D2:D1001)^2 -> 0.99115967
A11: 0.0043229052 | B11: 49800838 | C11: =LOG(A11) -> -2.3642243 | D11: =LOG(B11) -> 7.6972367 | E11: =D11-$H$8-$H$6*C11 -> -0.10031909
A12: 0.004343698 | B12: 49340220 | C12: =LOG(A12) -> -2.3621404 | D12: =LOG(B12) -> 7.6932011 | E12: =D12-$H$8-$H$6*C12 -> -0.09821304
A13: 0.0043645908 | B13: 48883861 | C13: =LOG(A13) -> -2.3600565 | D13: =LOG(B13) -> 7.6891655 | E13: =D13-$H$8-$H$6*C13 -> -0.096106992
A14: 0.0043855841 | B14: 48431724 | C14: =LOG(A14) -> -2.3579726 | D14: =LOG(B14) -> 7.6851299 | E14: =D14-$H$8-$H$6*C14 -> -0.094000944
A15: 0.0044066784 | B15: 47983769 | C15: =LOG(A15) -> -2.3558886 | D15: =LOG(B15) -> 7.6810944 | E15: =D15-$H$8-$H$6*C15 -> -0.091894897
A16: 0.0044278741 | B16: 47539957 | C16: =LOG(A16) -> -2.3538047 | D16: =LOG(B16) -> 7.6770588 | E16: =D16-$H$8-$H$6*C16 -> -0.089788849
A17: 0.0044491718 | B17: 47100250 | C17: =LOG(A17) -> -2.3517208 | D17: =LOG(B17) -> 7.6730232 | E17: =D17-$H$8-$H$6*C17 -> -0.087682801
A18: 0.0044705719 | B18: 46664610 | C18: =LOG(A18) -> -2.3496369 | D18: =LOG(B18) -> 7.6689876 | E18: =D18-$H$8-$H$6*C18 -> -0.085576754
A19: 0.004492075 | B19: 46232999 | C19: =LOG(A19) -> -2.347553 | D19: =LOG(B19) -> 7.6649521 | E19: =D19-$H$8-$H$6*C19 -> -0.083470706
A20: 0.0045136815 | B20: 45805380 | C20: =LOG(A20) -> -2.3454691 | D20: =LOG(B20) -> 7.6609165 | E20: =D20-$H$8-$H$6*C20 -> -0.081364658
A21: 0.0045353919 | B21: 45381716 | C21: =LOG(A21) -> -2.3433852 | D21: =LOG(B21) -> 7.6568809 | E21: =D21-$H$8-$H$6*C21 -> -0.07925861
A22: 0.0045572068 | B22: 44961971 | C22: =LOG(A22) -> -2.3413013 | D22: =LOG(B22) -> 7.6528453 | E22: =D22-$H$8-$H$6*C22 -> -0.077152563
... A1001: 0.49985981 | B1001: 46.312188 | C1001: =LOG(A1001) -> -0.30115178 | D1001: =LOG(B1001) -> 1.6656953 | E1001: =D1001-$H$8-$H$6*C1001 -> -0.051655483

Sheet efbm_H0.5Mach1_1
A1: k | B1: P(k) | C1: log(k) | D1: log(P(k)) | E1: Residuos | F1: Archivo | G1: H | H1: Mach | I1: beta | J1: beta_err | K1: intercept | L1: intercept_err
A2: 0.0041401922 | B2: 1.3507748e+08 | C2: =LOG(A2) -> -2.3829795 | D2: =LOG(B2) -> 8.1305829 | E2: =D2-$H$8-$H$6*C2 -> -0.054420157 | F2: efbm_H0.5Mach1_1.fits | G2: 0.5 | H2: 1 | I2: -2.9643987 | J2: 0.017045817 | K2: 1.0673227 | L2: 0.16120686
A3: 0.0041601062 | B3: 1.3450047e+08 | C3: =LOG(A3) -> -2.3808956 | D3: =LOG(B3) -> 8.1287238 | E3: =D3-$H$8-$H$6*C3 -> -0.049994477
A4: 0.0041801159 | B4: 1.3392593e+08 | C4: =LOG(A4) -> -2.3788117 | D4: =LOG(B4) -> 8.1268647 | E4: =D4-$H$8-$H$6*C4 -> -0.045568796 | H4: Ajuste: log P(k)=a+b log(k)
A5: 0.0042002219 | B5: 1.3335385e+08 | C5: =LOG(A5) -> -2.3767278 | D5: =LOG(B5) -> 8.1250055 | E5: =D5-$H$8-$H$6*C5 -> -0.041143116 | H5: Pendiente (b)
A6: 0.0042204246 | B6: 1.327842e+08 | C6: =LOG(A6) -> -2.3746439 | D6: =LOG(B6) -> 8.1231464 | E6: =D6-$H$8-$H$6*C6 -> -0.036717436 | H6: =SLOPE(D2:D1001,C2:C1001) -> -3.0158719
A7: 0.0042407245 | B7: 1.32217e+08 | C7: =LOG(A7) -> -2.3725599 | D7: =LOG(B7) -> 8.1212873 | E7: =D7-$H$8-$H$6*C7 -> -0.032291755 | H7: Intersección eje y (a)
A8: 0.004261122 | B8: 1.3165221e+08 | C8: =LOG(A8) -> -2.370476 | D8: =LOG(B8) -> 8.1194282 | E8: =D8-$H$8-$H$6*C8 -> -0.027866075 | H8: =INTERCEPT(D2:D1001,C2:C1001) -> 0.99824225
A9: 0.0042816177 | B9: 1.3108984e+08 | C9: =LOG(A9) -> -2.3683921 | D9: =LOG(B9) -> 8.117569 | E9: =D9-$H$8-$H$6*C9 -> -0.023440395 | H9: R2
A10: 0.0043022119 | B10: 1.3052987e+08 | C10: =LOG(A10) -> -2.3663082 | D10: =LOG(B10) -> 8.1157099 | E10: =D10-$H$8-$H$6*C10 -> -0.019014714 | H10: =CORREL(C2:C1001,D2:D1001)^2 -> 0.99245346
A11: 0.0043229052 | B11: 1.2997229e+08 | C11: =LOG(A11) -> -2.3642243 | D11: =LOG(B11) -> 8.1138508 | E11: =D11-$H$8-$H$6*C11 -> -0.014589034
A12: 0.004343698 | B12: 1.2941709e+08 | C12: =LOG(A12) -> -2.3621404 | D12: =LOG(B12) -> 8.1119916 | E12: =D12-$H$8-$H$6*C12 -> -0.010163354
A13: 0.0043645908 | B13: 1.2886427e+08 | C13: =LOG(A13) -> -2.3600565 | D13: =LOG(B13) -> 8.1101325 | E13: =D13-$H$8-$H$6*C13 -> -0.0057376734
A14: 0.0043855841 | B14: 1.283138e+08 | C14: =LOG(A14) -> -2.3579726 | D14: =LOG(B14) -> 8.1082734 | E14: =D14-$H$8-$H$6*C14 -> -0.0013119931
A15: 0.0044066784 | B15: 1.2776569e+08 | C15: =LOG(A15) -> -2.3558886 | D15: =LOG(B15) -> 8.1064142 | E15: =D15-$H$8-$H$6*C15 -> 0.0031136872
A16: 0.0044278741 | B16: 1.2721992e+08 | C16: =LOG(A16) -> -2.3538047 | D16: =LOG(B16) -> 8.1045551 | E16: =D16-$H$8-$H$6*C16 -> 0.0075393676
A17: 0.0044491718 | B17: 1.2667648e+08 | C17: =LOG(A17) -> -2.3517208 | D17: =LOG(B17) -> 8.102696 | E17: =D17-$H$8-$H$6*C17 -> 0.011965048
A18: 0.0044705719 | B18: 1.2613536e+08 | C18: =LOG(A18) -> -2.3496369 | D18: =LOG(B18) -> 8.1008369 | E18: =D18-$H$8-$H$6*C18 -> 0.016390728
A19: 0.004492075 | B19: 1.2559655e+08 | C19: =LOG(A19) -> -2.347553 | D19: =LOG(B19) -> 8.0989777 | E19: =D19-$H$8-$H$6*C19 -> 0.020816409
A20: 0.0045136815 | B20: 1.2506005e+08 | C20: =LOG(A20) -> -2.3454691 | D20: =LOG(B20) -> 8.0971186 | E20: =D20-$H$8-$H$6*C20 -> 0.025242089
A21: 0.0045353919 | B21: 1.2452584e+08 | C21: =LOG(A21) -> -2.3433852 | D21: =LOG(B21) -> 8.0952595 | E21: =D21-$H$8-$H$6*C21 -> 0.029667769
A22: 0.0045572068 | B22: 1.239939e+08 | C22: =LOG(A22) -> -2.3413013 | D22: =LOG(B22) -> 8.0934003 | E22: =D22-$H$8-$H$6*C22 -> 0.03409345
... A1001: 0.49985981 | B1001: 84.216393 | C1001: =LOG(A1001) -> -0.30115178 | D1001: =LOG(B1001) -> 1.9253966 | E1001: =D1001-$H$8-$H$6*C1001 -> 0.018919191

Sheet efbm_H0.5Mach1_2
A1: k | B1: P(k) | C1: log(k) | D1: log(P(k)) | E1: Residuos | F1: Archivo | G1: H | H1: Mach | I1: beta | J1: beta_err | K1: intercept | L1: intercept_err
A2: 0.0041401922 | B2: 88494705 | C2: =LOG(A2) -> -2.3829795 | D2: =LOG(B2) -> 7.9469173 | E2: =D2-$H$8-$H$6*C2 -> 0.22672762 | F2: efbm_H0.5Mach1_2.fits | G2: 0.5 | H2: 1 | I2: -2.9607421 | J2: 0.015745287 | K2: 0.79324502 | L2: 0.21834425
A3: 0.0041601062 | B3: 84206687 | C3: =LOG(A3) -> -2.3808956 | D3: =LOG(B3) -> 7.9253466 | E3: =D3-$H$8-$H$6*C3 -> 0.2110697
A4: 0.0041801159 | B4: 80126446 | C4: =LOG(A4) -> -2.3788117 | D4: =LOG(B4) -> 7.9037759 | E4: =D4-$H$8-$H$6*C4 -> 0.19541178 | H4: Ajuste: log P(k)=a+b log(k)
A5: 0.0042002219 | B5: 76243913 | C5: =LOG(A5) -> -2.3767278 | D5: =LOG(B5) -> 7.8822052 | E5: =D5-$H$8-$H$6*C5 -> 0.17975385 | H5: Pendiente (b)
A6: 0.0042204246 | B6: 72549508 | C6: =LOG(A6) -> -2.3746439 | D6: =LOG(B6) -> 7.8606345 | E6: =D6-$H$8-$H$6*C6 -> 0.16409593 | H6: =SLOPE(D2:D1001,C2:C1001) -> -2.8373476
A7: 0.0042407245 | B7: 69034116 | C7: =LOG(A7) -> -2.3725599 | D7: =LOG(B7) -> 7.8390638 | E7: =D7-$H$8-$H$6*C7 -> 0.14843801 | H7: Intersección eje y (a)
A8: 0.004261122 | B8: 65689062 | C8: =LOG(A8) -> -2.370476 | D8: =LOG(B8) -> 7.8174931 | E8: =D8-$H$8-$H$6*C8 -> 0.13278009 | H8: =INTERCEPT(D2:D1001,C2:C1001) -> 0.95884855
A9: 0.0042816177 | B9: 62506094 | C9: =LOG(A9) -> -2.3683921 | D9: =LOG(B9) -> 7.7959224 | E9: =D9-$H$8-$H$6*C9 -> 0.11712216 | H9: R2
A10: 0.0043022119 | B10: 59477356 | C10: =LOG(A10) -> -2.3663082 | D10: =LOG(B10) -> 7.7743517 | E10: =D10-$H$8-$H$6*C10 -> 0.10146424 | H10: =CORREL(C2:C1001,D2:D1001)^2 -> 0.98573409
A11: 0.0043229052 | B11: 56595376 | C11: =LOG(A11) -> -2.3642243 | D11: =LOG(B11) -> 7.7527809 | E11: =D11-$H$8-$H$6*C11 -> 0.085806318
A12: 0.004343698 | B12: 53853043 | C12: =LOG(A12) -> -2.3621404 | D12: =LOG(B12) -> 7.7312102 | E12: =D12-$H$8-$H$6*C12 -> 0.070148396
A13: 0.0043645908 | B13: 51243589 | C13: =LOG(A13) -> -2.3600565 | D13: =LOG(B13) -> 7.7096395 | E13: =D13-$H$8-$H$6*C13 -> 0.054490473
A14: 0.0043855841 | B14: 48760577 | C14: =LOG(A14) -> -2.3579726 | D14: =LOG(B14) -> 7.6880688 | E14: =D14-$H$8-$H$6*C14 -> 0.03883255
A15: 0.0044066784 | B15: 46397879 | C15: =LOG(A15) -> -2.3558886 | D15: =LOG(B15) -> 7.6664981 | E15: =D15-$H$8-$H$6*C15 -> 0.023174627
A16: 0.0044278741 | B16: 44149666 | C16: =LOG(A16) -> -2.3538047 | D16: =LOG(B16) -> 7.6449274 | E16: =D16-$H$8-$H$6*C16 -> 0.0075167047
A17: 0.0044491718 | B17: 42010391 | C17: =LOG(A17) -> -2.3517208 | D17: =LOG(B17) -> 7.6233567 | E17: =D17-$H$8-$H$6*C17 -> -0.0081412181
A18: 0.0044705719 | B18: 39974774 | C18: =LOG(A18) -> -2.3496369 | D18: =LOG(B18) -> 7.601786 | E18: =D18-$H$8-$H$6*C18 -> -0.023799141
A19: 0.004492075 | B19: 38037793 | C19: =LOG(A19) -> -2.347553 | D19: =LOG(B19) -> 7.5802153 | E19: =D19-$H$8-$H$6*C19 -> -0.039457064
A20: 0.0045136815 | B20: 36194669 | C20: =LOG(A20) -> -2.3454691 | D20: =LOG(B20) -> 7.5586446 | E20: =D20-$H$8-$H$6*C20 -> -0.055114986
A21: 0.0045353919 | B21: 34440853 | C21: =LOG(A21) -> -2.3433852 | D21: =LOG(B21) -> 7.5370739 | E21: =D21-$H$8-$H$6*C21 -> -0.070772909
A22: 0.0045572068 | B22: 32772019 | C22: =LOG(A22) -> -2.3413013 | D22: =LOG(B22) -> 7.5155032 | E22: =D22-$H$8-$H$6*C22 -> -0.086430832
... A1001: 0.49985981 | B1001: 31.687499 | C1001: =LOG(A1001) -> -0.30115178 | D1001: =LOG(B1001) -> 1.500888 | E1001: =D1001-$H$8-$H$6*C1001 -> -0.31243287

Sheet efbm_H0.5Mach1_3
A1: k | B1: P(k) | C1: log(k) | D1: log(P(k)) | E1: Residuos | F1: Archivo | G1: H | H1: Mach | I1: beta | J1: beta_err | K1: intercept | L1: intercept_err
A2: 0.0041401922 | B2: 1.9060196e+08 | C2: =LOG(A2) -> -2.3829795 | D2: =LOG(B2) -> 8.2801274 | E2: =D2-$H$8-$H$6*C2 -> 0.25950854 | F2: efbm_H0.5Mach1_3.fits | G2: 0.5 | H2: 1 | I2: -2.9932244 | J2: 0.017679049 | K2: 0.67824271 | L2: 0.21601983
A3: 0.0041601062 | B3: 1.8575517e+08 | C3: =LOG(A3) -> -2.3808956 | D3: =LOG(B3) -> 8.2689409 | E3: =D3-$H$8-$H$6*C3 -> 0.25497929
A4: 0.0041801159 | B4: 1.8103162e+08 | C4: =LOG(A4) -> -2.3788117 | D4: =LOG(B4) -> 8.2577544 | E4: =D4-$H$8-$H$6*C4 -> 0.25045004 | H4: Ajuste: log P(k)=a+b log(k)
A5: 0.0042002219 | B5: 1.764282e+08 | C5: =LOG(A5) -> -2.3767278 | D5: =LOG(B5) -> 8.246568 | E5: =D5-$H$8-$H$6*C5 -> 0.24592079 | H5: Pendiente (b)
A6: 0.0042204246 | B6: 1.7194183e+08 | C6: =LOG(A6) -> -2.3746439 | D6: =LOG(B6) -> 8.2353815 | E6: =D6-$H$8-$H$6*C6 -> 0.24139155 | H6: =SLOPE(D2:D1001,C2:C1001) -> -3.1945703
A7: 0.0042407245 | B7: 1.6756955e+08 | C7: =LOG(A7) -> -2.3725599 | D7: =LOG(B7) -> 8.2241951 | E7: =D7-$H$8-$H$6*C7 -> 0.2368623 | H7: Intersección eje y (a)
A8: 0.004261122 | B8: 1.6330844e+08 | C8: =LOG(A8) -> -2.370476 | D8: =LOG(B8) -> 8.2130086 | E8: =D8-$H$8-$H$6*C8 -> 0.23233305 | H8: =INTERCEPT(D2:D1001,C2:C1001) -> 0.4080232
A9: 0.0042816177 | B9: 1.591557e+08 | C9: =LOG(A9) -> -2.3683921 | D9: =LOG(B9) -> 8.2018222 | E9: =D9-$H$8-$H$6*C9 -> 0.2278038 | H9: R2
A10: 0.0043022119 | B10: 1.5510855e+08 | C10: =LOG(A10) -> -2.3663082 | D10: =LOG(B10) -> 8.1906357 | E10: =D10-$H$8-$H$6*C10 -> 0.22327455 | H10: =CORREL(C2:C1001,D2:D1001)^2 -> 0.99141158
A11: 0.0043229052 | B11: 1.5116432e+08 | C11: =LOG(A11) -> -2.3642243 | D11: =LOG(B11) -> 8.1794493 | E11: =D11-$H$8-$H$6*C11 -> 0.2187453
A12: 0.004343698 | B12: 1.4732038e+08 | C12: =LOG(A12) -> -2.3621404 | D12: =LOG(B12) -> 8.1682628 | E12: =D12-$H$8-$H$6*C12 -> 0.21421605
A13: 0.0043645908 | B13: 1.4357419e+08 | C13: =LOG(A13) -> -2.3600565 | D13: =LOG(B13) -> 8.1570764 | E13: =D13-$H$8-$H$6*C13 -> 0.2096868
A14: 0.0043855841 | B14: 1.3992327e+08 | C14: =LOG(A14) -> -2.3579726 | D14: =LOG(B14) -> 8.1458899 | E14: =D14-$H$8-$H$6*C14 -> 0.20515755
A15: 0.0044066784 | B15: 1.3636518e+08 | C15: =LOG(A15) -> -2.3558886 | D15: =LOG(B15) -> 8.1347035 | E15: =D15-$H$8-$H$6*C15 -> 0.2006283
A16: 0.0044278741 | B16: 1.3289757e+08 | C16: =LOG(A16) -> -2.3538047 | D16: =LOG(B16) -> 8.123517 | E16: =D16-$H$8-$H$6*C16 -> 0.19609905
A17: 0.0044491718 | B17: 1.2951813e+08 | C17: =LOG(A17) -> -2.3517208 | D17: =LOG(B17) -> 8.1123306 | E17: =D17-$H$8-$H$6*C17 -> 0.19156981
A18: 0.0044705719 | B18: 1.2622464e+08 | C18: =LOG(A18) -> -2.3496369 | D18: =LOG(B18) -> 8.1011441 | E18: =D18-$H$8-$H$6*C18 -> 0.18704056
A19: 0.004492075 | B19: 1.2301489e+08 | C19: =LOG(A19) -> -2.347553 | D19: =LOG(B19) -> 8.0899577 | E19: =D19-$H$8-$H$6*C19 -> 0.18251131
A20: 0.0045136815 | B20: 1.1988676e+08 | C20: =LOG(A20) -> -2.3454691 | D20: =LOG(B20) -> 8.0787712 | E20: =D20-$H$8-$H$6*C20 -> 0.17798206
A21: 0.0045353919 | B21: 1.1683818e+08 | C21: =LOG(A21) -> -2.3433852 | D21: =LOG(B21) -> 8.0675848 | E21: =D21-$H$8-$H$6*C21 -> 0.17345281
A22: 0.0045572068 | B22: 1.1386712e+08 | C22: =LOG(A22) -> -2.3413013 | D22: =LOG(B22) -> 8.0563983 | E22: =D22-$H$8-$H$6*C22 -> 0.16892356
... A1001: 0.49985981 | B1001: 26.450444 | C1001: =LOG(A1001) -> -0.30115178 | D1001: =LOG(B1001) -> 1.422433 | E1001: =D1001-$H$8-$H$6*C1001 -> 0.052359209

Sheet efbm_H0.5Mach1_4
A1: k | B1: P(k) | C1: log(k) | D1: log(P(k)) | E1: Residuos | F1: Archivo | G1: H | H1: Mach | I1: beta | J1: beta_err | K1: intercept | L1: intercept_err
A2: 0.0041401922 | B2: 35411496 | C2: =LOG(A2) -> -2.3829795 | D2: =LOG(B2) -> 7.5491443 | E2: =D2-$H$8-$H$6*C2 -> -0.26084745 | F2: efbm_H0.5Mach1_4.fits | G2: 0.5 | H2: 1 | I2: -2.9449439 | J2: 0.02030184 | K2: 0.92734805 | L2: 0.22835505
A3: 0.0041601062 | B3: 35428732 | C3: =LOG(A3) -> -2.3808956 | D3: =LOG(B3) -> 7.5493556 | E3: =D3-$H$8-$H$6*C3 -> -0.25476958
A4: 0.0041801159 | B4: 35445976 | C4: =LOG(A4) -> -2.3788117 | D4: =LOG(B4) -> 7.5495669 | E4: =D4-$H$8-$H$6*C4 -> -0.24869171 | H4: Ajuste: log P(k)=a+b log(k)
A5: 0.0042002219 | B5: 35463229 | C5: =LOG(A5) -> -2.3767278 | D5: =LOG(B5) -> 7.5497783 | E5: =D5-$H$8-$H$6*C5 -> -0.24261384 | H5: Pendiente (b)
A6: 0.0042204246 | B6: 35480490 | C6: =LOG(A6) -> -2.3746439 | D6: =LOG(B6) -> 7.5499896 | E6: =D6-$H$8-$H$6*C6 -> -0.23653597 | H6: =SLOPE(D2:D1001,C2:C1001) -> -2.8151567
A7: 0.0042407245 | B7: 35497759 | C7: =LOG(A7) -> -2.3725599 | D7: =LOG(B7) -> 7.5502009 | E7: =D7-$H$8-$H$6*C7 -> -0.2304581 | H7: Intersección eje y (a)
A8: 0.004261122 | B8: 35515037 | C8: =LOG(A8) -> -2.370476 | D8: =LOG(B8) -> 7.5504123 | E8: =D8-$H$8-$H$6*C8 -> -0.22438023 | H8: =INTERCEPT(D2:D1001,C2:C1001) -> 1.101531
A9: 0.0042816177 | B9: 35532323 | C9: =LOG(A9) -> -2.3683921 | D9: =LOG(B9) -> 7.5506236 | E9: =D9-$H$8-$H$6*C9 -> -0.21830236 | H9: R2
A10: 0.0043022119 | B10: 35549618 | C10: =LOG(A10) -> -2.3663082 | D10: =LOG(B10) -> 7.5508349 | E10: =D10-$H$8-$H$6*C10 -> -0.2122245 | H10: =CORREL(C2:C1001,D2:D1001)^2 -> 0.98419733
A11: 0.0043229052 | B11: 35566921 | C11: =LOG(A11) -> -2.3642243 | D11: =LOG(B11) -> 7.5510463 | E11: =D11-$H$8-$H$6*C11 -> -0.20614663
A12: 0.004343698 | B12: 35584232 | C12: =LOG(A12) -> -2.3621404 | D12: =LOG(B12) -> 7.5512576 | E12: =D12-$H$8-$H$6*C12 -> -0.20006876
A13: 0.0043645908 | B13: 35601552 | C13: =LOG(A13) -> -2.3600565 | D13: =LOG(B13) -> 7.5514689 | E13: =D13-$H$8-$H$6*C13 -> -0.19399089
A14: 0.0043855841 | B14: 35618880 | C14: =LOG(A14) -> -2.3579726 | D14: =LOG(B14) -> 7.5516803 | E14: =D14-$H$8-$H$6*C14 -> -0.18791302
A15: 0.0044066784 | B15: 35636217 | C15: =LOG(A15) -> -2.3558886 | D15: =LOG(B15) -> 7.5518916 | E15: =D15-$H$8-$H$6*C15 -> -0.18183515
A16: 0.0044278741 | B16: 35653562 | C16: =LOG(A16) -> -2.3538047 | D16: =LOG(B16) -> 7.5521029 | E16: =D16-$H$8-$H$6*C16 -> -0.17575728
A17: 0.0044491718 | B17: 35670916 | C17: =LOG(A17) -> -2.3517208 | D17: =LOG(B17) -> 7.5523143 | E17: =D17-$H$8-$H$6*C17 -> -0.16967941
A18: 0.0044705719 | B18: 35688278 | C18: =LOG(A18) -> -2.3496369 | D18: =LOG(B18) -> 7.5525256 | E18: =D18-$H$8-$H$6*C18 -> -0.16360154
A19: 0.004492075 | B19: 35705648 | C19: =LOG(A19) -> -2.347553 | D19: =LOG(B19) -> 7.5527369 | E19: =D19-$H$8-$H$6*C19 -> -0.15752367
A20: 0.0045136815 | B20: 35723027 | C20: =LOG(A20) -> -2.3454691 | D20: =LOG(B20) -> 7.5529483 | E20: =D20-$H$8-$H$6*C20 -> -0.1514458
A21: 0.0045353919 | B21: 35740414 | C21: =LOG(A21) -> -2.3433852 | D21: =LOG(B21) -> 7.5531596 | E21: =D21-$H$8-$H$6*C21 -> -0.14536793
A22: 0.0045572068 | B22: 35757810 | C22: =LOG(A22) -> -2.3413013 | D22: =LOG(B22) -> 7.5533709 | E22: =D22-$H$8-$H$6*C22 -> -0.13929006
... A1001: 0.49985981 | B1001: 84.995744 | C1001: =LOG(A1001) -> -0.30115178 | D1001: =LOG(B1001) -> 1.9293972 | E1001: =D1001-$H$8-$H$6*C1001 -> -0.019923289

Sheet efbm_H0.5Mach1_5
A1: k | B1: P(k) | C1: log(k) | D1: log(P(k)) | E1: Residuos | F1: Archivo | G1: H | H1: Mach | I1: beta | J1: beta_err | K1: intercept | L1: intercept_err
A2: 0.0041401922 | B2: 87293787 | C2: =LOG(A2) -> -2.3829795 | D2: =LOG(B2) -> 7.9409833 | E2: =D2-$H$8-$H$6*C2 -> -0.38940439 | F2: efbm_H0.5Mach1_5.fits | G2: 0.5 | H2: 1 | I2: -3.0014579 | J2: 0.016474653 | K2: 1.1498045 | L2: 0.153808
A3: 0.0041601062 | B3: 87204636 | C3: =LOG(A3) -> -2.3808956 | D3: =LOG(B3) -> 7.9405396 | E3: =D3-$H$8-$H$6*C3 -> -0.38353697
A4: 0.0041801159 | B4: 87115577 | C4: =LOG(A4) -> -2.3788117 | D4: =LOG(B4) -> 7.9400958 | E4: =D4-$H$8-$H$6*C4 -> -0.37766956 | H4: Ajuste: log P(k)=a+b log(k)
A5: 0.0042002219 | B5: 87026608 | C5: =LOG(A5) -> -2.3767278 | D5: =LOG(B5) -> 7.9396521 | E5: =D5-$H$8-$H$6*C5 -> -0.37180215 | H5: Pendiente (b)
A6: 0.0042204246 | B6: 86937730 | C6: =LOG(A6) -> -2.3746439 | D6: =LOG(B6) -> 7.9392083 | E6: =D6-$H$8-$H$6*C6 -> -0.36593474 | H6: =SLOPE(D2:D1001,C2:C1001) -> -3.0285212
A7: 0.0042407245 | B7: 86848943 | C7: =LOG(A7) -> -2.3725599 | D7: =LOG(B7) -> 7.9387645 | E7: =D7-$H$8-$H$6*C7 -> -0.36006733 | H7: Intersección eje y (a)
A8: 0.004261122 | B8: 86760247 | C8: =LOG(A8) -> -2.370476 | D8: =LOG(B8) -> 7.9383208 | E8: =D8-$H$8-$H$6*C8 -> -0.35419992 | H8: =INTERCEPT(D2:D1001,C2:C1001) -> 1.1134838
A9: 0.0042816177 | B9: 86671641 | C9: =LOG(A9) -> -2.3683921 | D9: =LOG(B9) -> 7.937877 | E9: =D9-$H$8-$H$6*C9 -> -0.34833251 | H9: R2
A10: 0.0043022119 | B10: 86583126 | C10: =LOG(A10) -> -2.3663082 | D10: =LOG(B10) -> 7.9374333 | E10: =D10-$H$8-$H$6*C10 -> -0.34246509 | H10: =CORREL(C2:C1001,D2:D1001)^2 -> 0.99300196
A11: 0.0043229052 | B11: 86494701 | C11: =LOG(A11) -> -2.3642243 | D11: =LOG(B11) -> 7.9369895 | E11: =D11-$H$8-$H$6*C11 -> -0.33659768
A12: 0.004343698 | B12: 86406367 | C12: =LOG(A12) -> -2.3621404 | D12: =LOG(B12) -> 7.9365457 | E12: =D12-$H$8-$H$6*C12 -> -0.33073027
A13: 0.0043645908 | B13: 86318122 | C13: =LOG(A13) -> -2.3600565 | D13: =LOG(B13) -> 7.936102 | E13: =D13-$H$8-$H$6*C13 -> -0.32486286
A14: 0.0043855841 | B14: 86229968 | C14: =LOG(A14) -> -2.3579726 | D14: =LOG(B14) -> 7.9356582 | E14: =D14-$H$8-$H$6*C14 -> -0.31899545
A15: 0.0044066784 | B15: 86141904 | C15: =LOG(A15) -> -2.3558886 | D15: =LOG(B15) -> 7.9352145 | E15: =D15-$H$8-$H$6*C15 -> -0.31312804
A16: 0.0044278741 | B16: 86053930 | C16: =LOG(A16) -> -2.3538047 | D16: =LOG(B16) -> 7.9347707 | E16: =D16-$H$8-$H$6*C16 -> -0.30726063
A17: 0.0044491718 | B17: 85966045 | C17: =LOG(A17) -> -2.3517208 | D17: =LOG(B17) -> 7.9343269 | E17: =D17-$H$8-$H$6*C17 -> -0.30139321
A18: 0.0044705719 | B18: 85878251 | C18: =LOG(A18) -> -2.3496369 | D18: =LOG(B18) -> 7.9338832 | E18: =D18-$H$8-$H$6*C18 -> -0.2955258
A19: 0.004492075 | B19: 85790546 | C19: =LOG(A19) -> -2.347553 | D19: =LOG(B19) -> 7.9334394 | E19: =D19-$H$8-$H$6*C19 -> -0.28965839
A20: 0.0045136815 | B20: 85702930 | C20: =LOG(A20) -> -2.3454691 | D20: =LOG(B20) -> 7.9329957 | E20: =D20-$H$8-$H$6*C20 -> -0.28379098
A21: 0.0045353919 | B21: 85615404 | C21: =LOG(A21) -> -2.3433852 | D21: =LOG(B21) -> 7.9325519 | E21: =D21-$H$8-$H$6*C21 -> -0.27792357
A22: 0.0045572068 | B22: 85527968 | C22: =LOG(A22) -> -2.3413013 | D22: =LOG(B22) -> 7.9321082 | E22: =D22-$H$8-$H$6*C22 -> -0.27205616
... A1001: 0.49985981 | B1001: 170.99754 | C1001: =LOG(A1001) -> -0.30115178 | D1001: =LOG(B1001) -> 2.2329899 | E1001: =D1001-$H$8-$H$6*C1001 -> 0.20746147

Sheet efbm_H0.5Mach1_6
A1: k | B1: P(k) | C1: log(k) | D1: log(P(k)) | E1: Residuos | F1: Archivo | G1: H | H1: Mach | I1: beta | J1: beta_err | K1: intercept | L1: intercept_err
A2: 0.0041401922 | B2: 55902444 | C2: =LOG(A2) -> -2.3829795 | D2: =LOG(B2) -> 7.7474308 | E2: =D2-$H$8-$H$6*C2 -> 0.27486356 | F2: efbm_H0.5Mach1_6.fits | G2: 0.5 | H2: 1 | I2: -2.8967884 | J2: 0.017491058 | K2: 0.5954459 | L2: 0.17000046
A3: 0.0041601062 | B3: 53744664 | C3: =LOG(A3) -> -2.3808956 | D3: =LOG(B3) -> 7.7303354 | E3: =D3-$H$8-$H$6*C3 -> 0.26375299
A4: 0.0041801159 | B4: 51670173 | C4: =LOG(A4) -> -2.3788117 | D4: =LOG(B4) -> 7.7132399 | E4: =D4-$H$8-$H$6*C4 -> 0.25264242 | H4: Ajuste: log P(k)=a+b log(k)
A5: 0.0042002219 | B5: 49675755 | C5: =LOG(A5) -> -2.3767278 | D5: =LOG(B5) -> 7.6961445 | E5: =D5-$H$8-$H$6*C5 -> 0.24153184 | H5: Pendiente (b)
A6: 0.0042204246 | B6: 47758320 | C6: =LOG(A6) -> -2.3746439 | D6: =LOG(B6) -> 7.679049 | E6: =D6-$H$8-$H$6*C6 -> 0.23042127 | H6: =SLOPE(D2:D1001,C2:C1001) -> -2.871939
A7: 0.0042407245 | B7: 45914895 | C7: =LOG(A7) -> -2.3725599 | D7: =LOG(B7) -> 7.6619536 | E7: =D7-$H$8-$H$6*C7 -> 0.2193107 | H7: Intersección eje y (a)
A8: 0.004261122 | B8: 44142625 | C8: =LOG(A8) -> -2.370476 | D8: =LOG(B8) -> 7.6448582 | E8: =D8-$H$8-$H$6*C8 -> 0.20820013 | H8: =INTERCEPT(D2:D1001,C2:C1001) -> 0.62879549
A9: 0.0042816177 | B9: 42438763 | C9: =LOG(A9) -> -2.3683921 | D9: =LOG(B9) -> 7.6277627 | E9: =D9-$H$8-$H$6*C9 -> 0.19708956 | H9: R2
A10: 0.0043022119 | B10: 40800669 | C10: =LOG(A10) -> -2.3663082 | D10: =LOG(B10) -> 7.6106673 | E10: =D10-$H$8-$H$6*C10 -> 0.18597898 | H10: =CORREL(C2:C1001,D2:D1001)^2 -> 0.99048411
A11: 0.0043229052 | B11: 39225803 | C11: =LOG(A11) -> -2.3642243 | D11: =LOG(B11) -> 7.5935718 | E11: =D11-$H$8-$H$6*C11 -> 0.17486841
A12: 0.004343698 | B12: 37711726 | C12: =LOG(A12) -> -2.3621404 | D12: =LOG(B12) -> 7.5764764 | E12: =D12-$H$8-$H$6*C12 -> 0.16375784
A13: 0.0043645908 | B13: 36256090 | C13: =LOG(A13) -> -2.3600565 | D13: =LOG(B13) -> 7.559381 | E13: =D13-$H$8-$H$6*C13 -> 0.15264727
A14: 0.0043855841 | B14: 34856640 | C14: =LOG(A14) -> -2.3579726 | D14: =LOG(B14) -> 7.5422855 | E14: =D14-$H$8-$H$6*C14 -> 0.1415367
A15: 0.0044066784 | B15: 33511208 | C15: =LOG(A15) -> -2.3558886 | D15: =LOG(B15) -> 7.5251901 | E15: =D15-$H$8-$H$6*C15 -> 0.13042613
A16: 0.0044278741 | B16: 32217709 | C16: =LOG(A16) -> -2.3538047 | D16: =LOG(B16) -> 7.5080946 | E16: =D16-$H$8-$H$6*C16 -> 0.11931555
A17: 0.0044491718 | B17: 30974137 | C17: =LOG(A17) -> -2.3517208 | D17: =LOG(B17) -> 7.4909992 | E17: =D17-$H$8-$H$6*C17 -> 0.10820498
A18: 0.0044705719 | B18: 29778565 | C18: =LOG(A18) -> -2.3496369 | D18: =LOG(B18) -> 7.4739038 | E18: =D18-$H$8-$H$6*C18 -> 0.097094409
A19: 0.004492075 | B19: 28629142 | C19: =LOG(A19) -> -2.347553 | D19: =LOG(B19) -> 7.4568083 | E19: =D19-$H$8-$H$6*C19 -> 0.085983838
A20: 0.0045136815 | B20: 27524085 | C20: =LOG(A20) -> -2.3454691 | D20: =LOG(B20) -> 7.4397129 | E20: =D20-$H$8-$H$6*C20 -> 0.074873266
A21: 0.0045353919 | B21: 26461682 | C21: =LOG(A21) -> -2.3433852 | D21: =LOG(B21) -> 7.4226175 | E21: =D21-$H$8-$H$6*C21 -> 0.063762694
A22: 0.0045572068 | B22: 25440288 | C22: =LOG(A22) -> -2.3413013 | D22: =LOG(B22) -> 7.405522 | E22: =D22-$H$8-$H$6*C22 -> 0.052652122
... A1001: 0.49985981 | B1001: 31.766367 | C1001: =LOG(A1001) -> -0.30115178 | D1001: =LOG(B1001) -> 1.5019675 | E1001: =D1001-$H$8-$H$6*C1001 -> 0.0082825046

Sheet efbm_H0.5Mach1_7
A1: k | B1: P(k) | C1: log(k) | D1: log(P(k)) | E1: Residuos | F1: Archivo | G1: H | H1: Mach | I1: beta | J1: beta_err | K1: intercept | L1: intercept_err
A2: 0.0041401922 | B2: 88300413 | C2: =LOG(A2) -> -2.3829795 | D2: =LOG(B2) -> 7.9459627 | E2: =D2-$H$8-$H$6*C2 -> 0.29183448 | F2: efbm_H0.5Mach1_7.fits | G2: 0.5 | H2: 1 | I2: -2.9693994 | J2: 0.016961234 | K2: 0.49081303 | L2: 0.16961988
A3: 0.0041601062 | B3: 86775167 | C3: =LOG(A3) -> -2.3808956 | D3: =LOG(B3) -> 7.9383955 | E3: =D3-$H$8-$H$6*C3 -> 0.29062994
A4: 0.0041801159 | B4: 85276267 | C4: =LOG(A4) -> -2.3788117 | D4: =LOG(B4) -> 7.9308282 | E4: =D4-$H$8-$H$6*C4 -> 0.2894254 | H4: Ajuste: log P(k)=a+b log(k)
A5: 0.0042002219 | B5: 83803258 | C5: =LOG(A5) -> -2.3767278 | D5: =LOG(B5) -> 7.9232609 | E5: =D5-$H$8-$H$6*C5 -> 0.28822086 | H5: Pendiente (b)
A6: 0.0042204246 | B6: 82355694 | C6: =LOG(A6) -> -2.3746439 | D6: =LOG(B6) -> 7.9156936 | E6: =D6-$H$8-$H$6*C6 -> 0.28701632 | H6: =SLOPE(D2:D1001,C2:C1001) -> -3.0532654
A7: 0.0042407245 | B7: 80933133 | C7: =LOG(A7) -> -2.3725599 | D7: =LOG(B7) -> 7.9081264 | E7: =D7-$H$8-$H$6*C7 -> 0.28581178 | H7: Intersección eje y (a)
A8: 0.004261122 | B8: 79535145 | C8: =LOG(A8) -> -2.370476 | D8: =LOG(B8) -> 7.9005591 | E8: =D8-$H$8-$H$6*C8 -> 0.28460724 | H8: =INTERCEPT(D2:D1001,C2:C1001) -> 0.37825941
A9: 0.0042816177 | B9: 78161305 | C9: =LOG(A9) -> -2.3683921 | D9: =LOG(B9) -> 7.8929918 | E9: =D9-$H$8-$H$6*C9 -> 0.2834027 | H9: R2
A10: 0.0043022119 | B10: 76811195 | C10: =LOG(A10) -> -2.3663082 | D10: =LOG(B10) -> 7.8854245 | E10: =D10-$H$8-$H$6*C10 -> 0.28219816 | H10: =CORREL(C2:C1001,D2:D1001)^2 -> 0.99228643
A11: 0.0043229052 | B11: 75484407 | C11: =LOG(A11) -> -2.3642243 | D11: =LOG(B11) -> 7.8778572 | E11: =D11-$H$8-$H$6*C11 -> 0.28099361
A12: 0.004343698 | B12: 74180537 | C12: =LOG(A12) -> -2.3621404 | D12: =LOG(B12) -> 7.87029 | E12: =D12-$H$8-$H$6*C12 -> 0.27978907
A13: 0.0043645908 | B13: 72899189 | C13: =LOG(A13) -> -2.3600565 | D13: =LOG(B13) -> 7.8627227 | E13: =D13-$H$8-$H$6*C13 -> 0.27858453
A14: 0.0043855841 | B14: 71639974 | C14: =LOG(A14) -> -2.3579726 | D14: =LOG(B14) -> 7.8551554 | E14: =D14-$H$8-$H$6*C14 -> 0.27737999
A15: 0.0044066784 | B15: 70402510 | C15: =LOG(A15) -> -2.3558886 | D15: =LOG(B15) -> 7.8475881 | E15: =D15-$H$8-$H$6*C15 -> 0.27617545
A16: 0.0044278741 | B16: 69186421 | C16: =LOG(A16) -> -2.3538047 | D16: =LOG(B16) -> 7.8400209 | E16: =D16-$H$8-$H$6*C16 -> 0.27497091
A17: 0.0044491718 | B17: 67991339 | C17: =LOG(A17) -> -2.3517208 | D17: =LOG(B17) -> 7.8324536 | E17: =D17-$H$8-$H$6*C17 -> 0.27376637
A18: 0.0044705719 | B18: 66816899 | C18: =LOG(A18) -> -2.3496369 | D18: =LOG(B18) -> 7.8248863 | E18: =D18-$H$8-$H$6*C18 -> 0.27256183
A19: 0.004492075 | B19: 65662746 | C19: =LOG(A19) -> -2.347553 | D19: =LOG(B19) -> 7.817319 | E19: =D19-$H$8-$H$6*C19 -> 0.27135729
A20: 0.0045136815 | B20: 64528529 | C20: =LOG(A20) -> -2.3454691 | D20: =LOG(B20) -> 7.8097518 | E20: =D20-$H$8-$H$6*C20 -> 0.27015275
A21: 0.0045353919 | B21: 63413903 | C21: =LOG(A21) -> -2.3433852 | D21: =LOG(B21) -> 7.8021845 | E21: =D21-$H$8-$H$6*C21 -> 0.26894821
A22: 0.0045572068 | B22: 62318531 | C22: =LOG(A22) -> -2.3413013 | D22: =LOG(B22) -> 7.7946172 | E22: =D22-$H$8-$H$6*C22 -> 0.26774366
... A1001: 0.49985981 | B1001: 22.411211 | C1001: =LOG(A1001) -> -0.30115178 | D1001: =LOG(B1001) -> 1.3504653 | E1001: =D1001-$H$8-$H$6*C1001 -> 0.052709596

Sheet efbm_H0.5Mach1_8
A1: k | B1: P(k) | C1: log(k) | D1: log(P(k)) | E1: Residuos | F1: Archivo | G1: H | H1: Mach | I1: beta | J1: beta_err | K1: intercept | L1: intercept_err
A2: 0.0041401922 | B2: 85973995 | C2: =LOG(A2) -> -2.3829795 | D2: =LOG(B2) -> 7.9343671 | E2: =D2-$H$8-$H$6*C2 -> -0.042077933 | F2: efbm_H0.5Mach1_8.fits | G2: 0.5 | H2: 1 | I2: -2.9600783 | J2: 0.018723808 | K2: 0.71198553 | L2: 0.24413229
A3: 0.0041601062 | B3: 86135750 | C3: =LOG(A3) -> -2.3808956 | D3: =LOG(B3) -> 7.9351834 | E3: =D3-$H$8-$H$6*C3 -> -0.034671333
A4: 0.0041801159 | B4: 86297809 | C4: =LOG(A4) -> -2.3788117 | D4: =LOG(B4) -> 7.9359998 | E4: =D4-$H$8-$H$6*C4 -> -0.027264733 | H4: Ajuste: log P(k)=a+b log(k)
A5: 0.0042002219 | B5: 86460173 | C5: =LOG(A5) -> -2.3767278 | D5: =LOG(B5) -> 7.9368161 | E5: =D5-$H$8-$H$6*C5 -> -0.019858132 | H5: Pendiente (b)
A6: 0.0042204246 | B6: 86622842 | C6: =LOG(A6) -> -2.3746439 | D6: =LOG(B6) -> 7.9376324 | E6: =D6-$H$8-$H$6*C6 -> -0.012451532 | H6: =SLOPE(D2:D1001,C2:C1001) -> -3.162452
A7: 0.0042407245 | B7: 86785817 | C7: =LOG(A7) -> -2.3725599 | D7: =LOG(B7) -> 7.9384488 | E7: =D7-$H$8-$H$6*C7 -> -0.0050449319 | H7: Intersección eje y (a)
A8: 0.004261122 | B8: 86949099 | C8: =LOG(A8) -> -2.370476 | D8: =LOG(B8) -> 7.9392651 | E8: =D8-$H$8-$H$6*C8 -> 0.0023616683 | H8: =INTERCEPT(D2:D1001,C2:C1001) -> 0.44038665
A9: 0.0042816177 | B9: 87112689 | C9: =LOG(A9) -> -2.3683921 | D9: =LOG(B9) -> 7.9400814 | E9: =D9-$H$8-$H$6*C9 -> 0.0097682685 | H9: R2
A10: 0.0043022119 | B10: 87276585 | C10: =LOG(A10) -> -2.3663082 | D10: =LOG(B10) -> 7.9408977 | E10: =D10-$H$8-$H$6*C10 -> 0.017174869 | H10: =CORREL(C2:C1001,D2:D1001)^2 -> 0.98777884
A11: 0.0043229052 | B11: 87440791 | C11: =LOG(A11) -> -2.3642243 | D11: =LOG(B11) -> 7.9417141 | E11: =D11-$H$8-$H$6*C11 -> 0.024581469
A12: 0.004343698 | B12: 87605305 | C12: =LOG(A12) -> -2.3621404 | D12: =LOG(B12) -> 7.9425304 | E12: =D12-$H$8-$H$6*C12 -> 0.031988069
A13: 0.0043645908 | B13: 87770129 | C13: =LOG(A13) -> -2.3600565 | D13: =LOG(B13) -> 7.9433467 | E13: =D13-$H$8-$H$6*C13 -> 0.039394669
A14: 0.0043855841 | B14: 87935263 | C14: =LOG(A14) -> -2.3579726 | D14: =LOG(B14) -> 7.9441631 | E14: =D14-$H$8-$H$6*C14 -> 0.04680127
A15: 0.0044066784 | B15: 88100707 | C15: =LOG(A15) -> -2.3558886 | D15: =LOG(B15) -> 7.9449794 | E15: =D15-$H$8-$H$6*C15 -> 0.05420787
A16: 0.0044278741 | B16: 88266463 | C16: =LOG(A16) -> -2.3538047 | D16: =LOG(B16) -> 7.9457957 | E16: =D16-$H$8-$H$6*C16 -> 0.06161447
A17: 0.0044491718 | B17: 88432531 | C17: =LOG(A17) -> -2.3517208 | D17: =LOG(B17) -> 7.9466121 | E17: =D17-$H$8-$H$6*C17 -> 0.06902107
A18: 0.0044705719 | B18: 88598911 | C18: =LOG(A18) -> -2.3496369 | D18: =LOG(B18) -> 7.9474284 | E18: =D18-$H$8-$H$6*C18 -> 0.07642767
A19: 0.004492075 | B19: 88765604 | C19: =LOG(A19) -> -2.347553 | D19: =LOG(B19) -> 7.9482447 | E19: =D19-$H$8-$H$6*C19 -> 0.083834271
A20: 0.0045136815 | B20: 88932611 | C20: =LOG(A20) -> -2.3454691 | D20: =LOG(B20) -> 7.949061 | E20: =D20-$H$8-$H$6*C20 -> 0.091240871
A21: 0.0045353919 | B21: 89099932 | C21: =LOG(A21) -> -2.3433852 | D21: =LOG(B21) -> 7.9498774 | E21: =D21-$H$8-$H$6*C21 -> 0.098647471
A22: 0.0045572068 | B22: 89267568 | C22: =LOG(A22) -> -2.3413013 | D22: =LOG(B22) -> 7.9506937 | E22: =D22-$H$8-$H$6*C22 -> 0.10605407
... A1001: 0.49985981 | B1001: 20.833902 | C1001: =LOG(A1001) -> -0.30115178 | D1001: =LOG(B1001) -> 1.3187706 | E1001: =D1001-$H$8-$H$6*C1001 -> -0.07399411

Sheet efbm_H0.5Mach1_9
A1: k | B1: P(k) | C1: log(k) | D1: log(P(k)) | E1: Residuos | F1: Archivo | G1: H | H1: Mach | I1: beta | J1: beta_err | K1: intercept | L1: intercept_err
A2: 0.0041401922 | B2: 54805852 | C2: =LOG(A2) -> -2.3829795 | D2: =LOG(B2) -> 7.7388269 | E2: =D2-$H$8-$H$6*C2 -> 0.075467043 | F2: efbm_H0.5Mach1_9.fits | G2: 0.5 | H2: 1 | I2: -2.9688803 | J2: 0.017073641 | K2: 0.42032099 | L2: 0.20040143
A3: 0.0041601062 | B3: 54682520 | C3: =LOG(A3) -> -2.3808956 | D3: =LOG(B3) -> 7.7378485 | E3: =D3-$H$8-$H$6*C3 -> 0.08101237
A4: 0.0041801159 | B4: 54559466 | C4: =LOG(A4) -> -2.3788117 | D4: =LOG(B4) -> 7.7368701 | E4: =D4-$H$8-$H$6*C4 -> 0.086557697 | H4: Ajuste: log P(k)=a+b log(k)
A5: 0.0042002219 | B5: 54436689 | C5: =LOG(A5) -> -2.3767278 | D5: =LOG(B5) -> 7.7358917 | E5: =D5-$H$8-$H$6*C5 -> 0.092103023 | H5: Pendiente (b)
A6: 0.0042204246 | B6: 54314188 | C6: =LOG(A6) -> -2.3746439 | D6: =LOG(B6) -> 7.7349133 | E6: =D6-$H$8-$H$6*C6 -> 0.09764835 | H6: =SLOPE(D2:D1001,C2:C1001) -> -3.1305248
A7: 0.0042407245 | B7: 54191963 | C7: =LOG(A7) -> -2.3725599 | D7: =LOG(B7) -> 7.7339349 | E7: =D7-$H$8-$H$6*C7 -> 0.10319368 | H7: Intersección eje y (a)
A8: 0.004261122 | B8: 54070012 | C8: =LOG(A8) -> -2.370476 | D8: =LOG(B8) -> 7.7329565 | E8: =D8-$H$8-$H$6*C8 -> 0.108739 | H8: =INTERCEPT(D2:D1001,C2:C1001) -> 0.20338343
A9: 0.0042816177 | B9: 53948337 | C9: =LOG(A9) -> -2.3683921 | D9: =LOG(B9) -> 7.7319781 | E9: =D9-$H$8-$H$6*C9 -> 0.11428433 | H9: R2
A10: 0.0043022119 | B10: 53826935 | C10: =LOG(A10) -> -2.3663082 | D10: =LOG(B10) -> 7.7309996 | E10: =D10-$H$8-$H$6*C10 -> 0.11982966 | H10: =CORREL(C2:C1001,D2:D1001)^2 -> 0.99141673
A11: 0.0043229052 | B11: 53705806 | C11: =LOG(A11) -> -2.3642243 | D11: =LOG(B11) -> 7.7300212 | E11: =D11-$H$8-$H$6*C11 -> 0.12537498
A12: 0.004343698 | B12: 53584950 | C12: =LOG(A12) -> -2.3621404 | D12: =LOG(B12) -> 7.7290428 | E12: =D12-$H$8-$H$6*C12 -> 0.13092031
A13: 0.0043645908 | B13: 53464366 | C13: =LOG(A13) -> -2.3600565 | D13: =LOG(B13) -> 7.7280644 | E13: =D13-$H$8-$H$6*C13 -> 0.13646564
A14: 0.0043855841 | B14: 53344053 | C14: =LOG(A14) -> -2.3579726 | D14: =LOG(B14) -> 7.727086 | E14: =D14-$H$8-$H$6*C14 -> 0.14201096
A15: 0.0044066784 | B15: 53224011 | C15: =LOG(A15) -> -2.3558886 | D15: =LOG(B15) -> 7.7261076 | E15: =D15-$H$8-$H$6*C15 -> 0.14755629
A16: 0.0044278741 | B16: 53104239 | C16: =LOG(A16) -> -2.3538047 | D16: =LOG(B16) -> 7.7251292 | E16: =D16-$H$8-$H$6*C16 -> 0.15310162
A17: 0.0044491718 | B17: 52984736 | C17: =LOG(A17) -> -2.3517208 | D17: =LOG(B17) -> 7.7241508 | E17: =D17-$H$8-$H$6*C17 -> 0.15864694
A18: 0.0044705719 | B18: 52865503 | C18: =LOG(A18) -> -2.3496369 | D18: =LOG(B18) -> 7.7231724 | E18: =D18-$H$8-$H$6*C18 -> 0.16419227
A19: 0.004492075 | B19: 52746537 | C19: =LOG(A19) -> -2.347553 | D19: =LOG(B19) -> 7.722194 | E19: =D19-$H$8-$H$6*C19 -> 0.1697376
A20: 0.0045136815 | B20: 52627840 | C20: =LOG(A20) -> -2.3454691 | D20: =LOG(B20) -> 7.7212155 | E20: =D20-$H$8-$H$6*C20 -> 0.17528292
A21: 0.0045353919 | B21: 52509410 | C21: =LOG(A21) -> -2.3433852 | D21: =LOG(B21) -> 7.7202371 | E21: =D21-$H$8-$H$6*C21 -> 0.18082825
A22: 0.0045572068 | B22: 52391246 | C22: =LOG(A22) -> -2.3413013 | D22: =LOG(B22) -> 7.7192587 | E22: =D22-$H$8-$H$6*C22 -> 0.18637358
... A1001: 0.49985981 | B1001: 20.091775 | C1001: =LOG(A1001) -> -0.30115178 | D1001: =LOG(B1001) -> 1.3030183 | E1001: =D1001-$H$8-$H$6*C1001 -> 0.15687174

Sheet efbm_H0.5Mach2.5_0
A1: k | B1: P(k) | C1: log(k) | D1: log(P(k)) | E1: Residuos | F1: Archivo | G1: H | H1: Mach | I1: beta | J1: beta_err | K1: intercept | L1: intercept_err
A2: 0.0041401922 | B2: 2.5291809e+08 | C2: =LOG(A2) -> -2.3829795 | D2: =LOG(B2) -> 8.4029799 | E2: =D2-$H$8-$H$6*C2 -> -0.1778727 | F2: efbm_H0.5Mach2.5_0.fits | G2: 0.5 | H2: 2.5 | I2: -2.9213403 | J2: 0.019334893 | K2: 1.7236637 | L2: 0.18148902
A3: 0.0041601062 | B3: 2.5051961e+08 | C3: =LOG(A3) -> -2.3808956 | D3: =LOG(B3) -> 8.3988417 | E3: =D3-$H$8-$H$6*C3 -> -0.17613188
A4: 0.0041801159 | B4: 2.4814387e+08 | C4: =LOG(A4) -> -2.3788117 | D4: =LOG(B4) -> 8.3947035 | E4: =D4-$H$8-$H$6*C4 -> -0.17439106 | H4: Ajuste: log P(k)=a+b log(k)
A5: 0.0042002219 | B5: 2.4579066e+08 | C5: =LOG(A5) -> -2.3767278 | D5: =LOG(B5) -> 8.3905654 | E5: =D5-$H$8-$H$6*C5 -> -0.17265024 | H5: Pendiente (b)
A6: 0.0042204246 | B6: 2.4345976e+08 | C6: =LOG(A6) -> -2.3746439 | D6: =LOG(B6) -> 8.3864272 | E6: =D6-$H$8-$H$6*C6 -> -0.17090942 | H6: =SLOPE(D2:D1001,C2:C1001) -> -2.8211349
A7: 0.0042407245 | B7: 2.4115097e+08 | C7: =LOG(A7) -> -2.3725599 | D7: =LOG(B7) -> 8.382289 | E7: =D7-$H$8-$H$6*C7 -> -0.1691686 | H7: Intersección eje y (a)
A8: 0.004261122 | B8: 2.3886408e+08 | C8: =LOG(A8) -> -2.370476 | D8: =LOG(B8) -> 8.3781508 | E8: =D8-$H$8-$H$6*C8 -> -0.16742778 | H8: =INTERCEPT(D2:D1001,C2:C1001) -> 1.858146
A9: 0.0042816177 | B9: 2.3659887e+08 | C9: =LOG(A9) -> -2.3683921 | D9: =LOG(B9) -> 8.3740127 | E9: =D9-$H$8-$H$6*C9 -> -0.16568696 | H9: R2
A10: 0.0043022119 | B10: 2.3435515e+08 | C10: =LOG(A10) -> -2.3663082 | D10: =LOG(B10) -> 8.3698745 | E10: =D10-$H$8-$H$6*C10 -> -0.16394613 | H10: =CORREL(C2:C1001,D2:D1001)^2 -> 0.98992806
A11: 0.0043229052 | B11: 2.321327e+08 | C11: =LOG(A11) -> -2.3642243 | D11: =LOG(B11) -> 8.3657363 | E11: =D11-$H$8-$H$6*C11 -> -0.16220531
A12: 0.004343698 | B12: 2.2993133e+08 | C12: =LOG(A12) -> -2.3621404 | D12: =LOG(B12) -> 8.3615981 | E12: =D12-$H$8-$H$6*C12 -> -0.16046449
A13: 0.0043645908 | B13: 2.2775083e+08 | C13: =LOG(A13) -> -2.3600565 | D13: =LOG(B13) -> 8.35746 | E13: =D13-$H$8-$H$6*C13 -> -0.15872367
A14: 0.0043855841 | B14: 2.2559101e+08 | C14: =LOG(A14) -> -2.3579726 | D14: =LOG(B14) -> 8.3533218 | E14: =D14-$H$8-$H$6*C14 -> -0.15698285
A15: 0.0044066784 | B15: 2.2345168e+08 | C15: =LOG(A15) -> -2.3558886 | D15: =LOG(B15) -> 8.3491836 | E15: =D15-$H$8-$H$6*C15 -> -0.15524203
A16: 0.0044278741 | B16: 2.2133263e+08 | C16: =LOG(A16) -> -2.3538047 | D16: =LOG(B16) -> 8.3450454 | E16: =D16-$H$8-$H$6*C16 -> -0.15350121
A17: 0.0044491718 | B17: 2.1923368e+08 | C17: =LOG(A17) -> -2.3517208 | D17: =LOG(B17) -> 8.3409073 | E17: =D17-$H$8-$H$6*C17 -> -0.15176039
A18: 0.0044705719 | B18: 2.1715463e+08 | C18: =LOG(A18) -> -2.3496369 | D18: =LOG(B18) -> 8.3367691 | E18: =D18-$H$8-$H$6*C18 -> -0.15001957
A19: 0.004492075 | B19: 2.150953e+08 | C19: =LOG(A19) -> -2.347553 | D19: =LOG(B19) -> 8.3326309 | E19: =D19-$H$8-$H$6*C19 -> -0.14827875
A20: 0.0045136815 | B20: 2.130555e+08 | C20: =LOG(A20) -> -2.3454691 | D20: =LOG(B20) -> 8.3284927 | E20: =D20-$H$8-$H$6*C20 -> -0.14653793
A21: 0.0045353919 | B21: 2.1103504e+08 | C21: =LOG(A21) -> -2.3433852 | D21: =LOG(B21) -> 8.3243546 | E21: =D21-$H$8-$H$6*C21 -> -0.14479711
A22: 0.0045572068 | B22: 2.0903374e+08 | C22: =LOG(A22) -> -2.3413013 | D22: =LOG(B22) -> 8.3202164 | E22: =D22-$H$8-$H$6*C22 -> -0.14305629
... A1001: 0.49985981 | B1001: 301.67854 | C1001: =LOG(A1001) -> -0.30115178 | D1001: =LOG(B1001) -> 2.4795444 | E1001: =D1001-$H$8-$H$6*C1001 -> -0.22819137

Sheet efbm_H0.5Mach2.5_1
A1: k | B1: P(k) | C1: log(k) | D1: log(P(k)) | E1: Residuos | F1: Archivo | G1: H | H1: Mach | I1: beta | J1: beta_err | K1: intercept | L1: intercept_err
A2: 0.0041401922 | B2: 1.3339576e+09 | C2: =LOG(A2) -> -2.3829795 | D2: =LOG(B2) -> 9.125142 | E2: =D2-$H$8-$H$6*C2 -> -0.20268267 | F2: efbm_H0.5Mach2.5_1.fits | G2: 0.5 | H2: 2.5 | I2: -2.9559903 | J2: 0.015195697 | K2: 2.3354318 | L2: 0.13299286
A3: 0.0041601062 | B3: 1.3298957e+09 | C3: =LOG(A3) -> -2.3808956 | D3: =LOG(B3) -> 9.1238176 | E3: =D3-$H$8-$H$6*C3 -> -0.19795055
A4: 0.0041801159 | B4: 1.3258461e+09 | C4: =LOG(A4) -> -2.3788117 | D4: =LOG(B4) -> 9.1224931 | E4: =D4-$H$8-$H$6*C4 -> -0.19321842 | H4: Ajuste: log P(k)=a+b log(k)
A5: 0.0042002219 | B5: 1.3218089e+09 | C5: =LOG(A5) -> -2.3767278 | D5: =LOG(B5) -> 9.1211687 | E5: =D5-$H$8-$H$6*C5 -> -0.18848629 | H5: Pendiente (b)
A6: 0.0042204246 | B6: 1.317784e+09 | C6: =LOG(A6) -> -2.3746439 | D6: =LOG(B6) -> 9.1198442 | E6: =D6-$H$8-$H$6*C6 -> -0.18375417 | H6: =SLOPE(D2:D1001,C2:C1001) -> -2.9063499
A7: 0.0042407245 | B7: 1.3137713e+09 | C7: =LOG(A7) -> -2.3725599 | D7: =LOG(B7) -> 9.1185198 | E7: =D7-$H$8-$H$6*C7 -> -0.17902204 | H7: Intersección eje y (a)
A8: 0.004261122 | B8: 1.3097708e+09 | C8: =LOG(A8) -> -2.370476 | D8: =LOG(B8) -> 9.1171953 | E8: =D8-$H$8-$H$6*C8 -> -0.17428991 | H8: =INTERCEPT(D2:D1001,C2:C1001) -> 2.4020524
A9: 0.0042816177 | B9: 1.3057826e+09 | C9: =LOG(A9) -> -2.3683921 | D9: =LOG(B9) -> 9.1158709 | E9: =D9-$H$8-$H$6*C9 -> -0.16955779 | H9: R2
A10: 0.0043022119 | B10: 1.3018065e+09 | C10: =LOG(A10) -> -2.3663082 | D10: =LOG(B10) -> 9.1145464 | E10: =D10-$H$8-$H$6*C10 -> -0.16482566 | H10: =CORREL(C2:C1001,D2:D1001)^2 -> 0.99453567
A11: 0.0043229052 | B11: 1.2978424e+09 | C11: =LOG(A11) -> -2.3642243 | D11: =LOG(B11) -> 9.113222 | E11: =D11-$H$8-$H$6*C11 -> -0.16009353
A12: 0.004343698 | B12: 1.2938905e+09 | C12: =LOG(A12) -> -2.3621404 | D12: =LOG(B12) -> 9.1118975 | E12: =D12-$H$8-$H$6*C12 -> -0.15536141
A13: 0.0043645908 | B13: 1.2899506e+09 | C13: =LOG(A13) -> -2.3600565 | D13: =LOG(B13) -> 9.1105731 | E13: =D13-$H$8-$H$6*C13 -> -0.15062928
A14: 0.0043855841 | B14: 1.2860227e+09 | C14: =LOG(A14) -> -2.3579726 | D14: =LOG(B14) -> 9.1092486 | E14: =D14-$H$8-$H$6*C14 -> -0.14589715
A15: 0.0044066784 | B15: 1.2821067e+09 | C15: =LOG(A15) -> -2.3558886 | D15: =LOG(B15) -> 9.1079242 | E15: =D15-$H$8-$H$6*C15 -> -0.14116503
A16: 0.0044278741 | B16: 1.2782027e+09 | C16: =LOG(A16) -> -2.3538047 | D16: =LOG(B16) -> 9.1065997 | E16: =D16-$H$8-$H$6*C16 -> -0.1364329
A17: 0.0044491718 | B17: 1.2743105e+09 | C17: =LOG(A17) -> -2.3517208 | D17: =LOG(B17) -> 9.1052753 | E17: =D17-$H$8-$H$6*C17 -> -0.13170077
A18: 0.0044705719 | B18: 1.2704302e+09 | C18: =LOG(A18) -> -2.3496369 | D18: =LOG(B18) -> 9.1039508 | E18: =D18-$H$8-$H$6*C18 -> -0.12696865
A19: 0.004492075 | B19: 1.2665618e+09 | C19: =LOG(A19) -> -2.347553 | D19: =LOG(B19) -> 9.1026264 | E19: =D19-$H$8-$H$6*C19 -> -0.12223652
A20: 0.0045136815 | B20: 1.2627051e+09 | C20: =LOG(A20) -> -2.3454691 | D20: =LOG(B20) -> 9.1013019 | E20: =D20-$H$8-$H$6*C20 -> -0.11750439
A21: 0.0045353919 | B21: 1.2588601e+09 | C21: =LOG(A21) -> -2.3433852 | D21: =LOG(B21) -> 9.0999775 | E21: =D21-$H$8-$H$6*C21 -> -0.11277226
A22: 0.0045572068 | B22: 1.2550269e+09 | C22: =LOG(A22) -> -2.3413013 | D22: =LOG(B22) -> 9.098653 | E22: =D22-$H$8-$H$6*C22 -> -0.10804014
... A1001: 0.49985981 | B1001: 1609.9699 | C1001: =LOG(A1001) -> -0.30115178 | D1001: =LOG(B1001) -> 3.2068178 | E1001: =D1001-$H$8-$H$6*C1001 -> -0.070487063

Sheet efbm_H0.5Mach2.5_2
A1: k | B1: P(k) | C1: log(k) | D1: log(P(k)) | E1: Residuos | F1: Archivo | G1: H | H1: Mach | I1: beta | J1: beta_err | K1: intercept | L1: intercept_err
A2: 0.0041401922 | B2: 4.0250829e+08 | C2: =LOG(A2) -> -2.3829795 | D2: =LOG(B2) -> 8.6047748 | E2: =D2-$H$8-$H$6*C2 -> 0.095091047 | F2: efbm_H0.5Mach2.5_2.fits | G2: 0.5 | H2: 2.5 | I2: -2.9400591 | J2: 0.016266867 | K2: 1.7400073 | L2: 0.26454638
A3: 0.0041601062 | B3: 3.8527429e+08 | C3: =LOG(A3) -> -2.3808956 | D3: =LOG(B3) -> 8.58577 | E3: =D3-$H$8-$H$6*C3 -> 0.08173975
A4: 0.0041801159 | B4: 3.6877819e+08 | C4: =LOG(A4) -> -2.3788117 | D4: =LOG(B4) -> 8.5667652 | E4: =D4-$H$8-$H$6*C4 -> 0.068388453 | H4: Ajuste: log P(k)=a+b log(k)
A5: 0.0042002219 | B5: 3.529884e+08 | C5: =LOG(A5) -> -2.3767278 | D5: =LOG(B5) -> 8.5477604 | E5: =D5-$H$8-$H$6*C5 -> 0.055037156 | H5: Pendiente (b)
A6: 0.0042204246 | B6: 3.3787467e+08 | C6: =LOG(A6) -> -2.3746439 | D6: =LOG(B6) -> 8.5287556 | E6: =D6-$H$8-$H$6*C6 -> 0.041685859 | H6: =SLOPE(D2:D1001,C2:C1001) -> -2.7129278
A7: 0.0042407245 | B7: 3.2340806e+08 | C7: =LOG(A7) -> -2.3725599 | D7: =LOG(B7) -> 8.5097508 | E7: =D7-$H$8-$H$6*C7 -> 0.028334563 | H7: Intersección eje y (a)
A8: 0.004261122 | B8: 3.0956086e+08 | C8: =LOG(A8) -> -2.370476 | D8: =LOG(B8) -> 8.490746 | E8: =D8-$H$8-$H$6*C8 -> 0.014983266 | H8: =INTERCEPT(D2:D1001,C2:C1001) -> 2.0448324
A9: 0.0042816177 | B9: 2.9630654e+08 | C9: =LOG(A9) -> -2.3683921 | D9: =LOG(B9) -> 8.4717412 | E9: =D9-$H$8-$H$6*C9 -> 0.0016319687 | H9: R2
A10: 0.0043022119 | B10: 2.8361973e+08 | C10: =LOG(A10) -> -2.3663082 | D10: =LOG(B10) -> 8.4527364 | E10: =D10-$H$8-$H$6*C10 -> -0.011719328 | H10: =CORREL(C2:C1001,D2:D1001)^2 -> 0.98109806
A11: 0.0043229052 | B11: 2.7147612e+08 | C11: =LOG(A11) -> -2.3642243 | D11: =LOG(B11) -> 8.4337316 | E11: =D11-$H$8-$H$6*C11 -> -0.025070625
A12: 0.004343698 | B12: 2.5985247e+08 | C12: =LOG(A12) -> -2.3621404 | D12: =LOG(B12) -> 8.4147268 | E12: =D12-$H$8-$H$6*C12 -> -0.038421922
A13: 0.0043645908 | B13: 2.4872649e+08 | C13: =LOG(A13) -> -2.3600565 | D13: =LOG(B13) -> 8.395722 | E13: =D13-$H$8-$H$6*C13 -> -0.051773219
A14: 0.0043855841 | B14: 2.3807689e+08 | C14: =LOG(A14) -> -2.3579726 | D14: =LOG(B14) -> 8.3767172 | E14: =D14-$H$8-$H$6*C14 -> -0.065124516
A15: 0.0044066784 | B15: 2.2788327e+08 | C15: =LOG(A15) -> -2.3558886 | D15: =LOG(B15) -> 8.3577124 | E15: =D15-$H$8-$H$6*C15 -> -0.078475813
A16: 0.0044278741 | B16: 2.1812611e+08 | C16: =LOG(A16) -> -2.3538047 | D16: =LOG(B16) -> 8.3387076 | E16: =D16-$H$8-$H$6*C16 -> -0.09182711
A17: 0.0044491718 | B17: 2.0878671e+08 | C17: =LOG(A17) -> -2.3517208 | D17: =LOG(B17) -> 8.3197028 | E17: =D17-$H$8-$H$6*C17 -> -0.10517841
A18: 0.0044705719 | B18: 1.9984719e+08 | C18: =LOG(A18) -> -2.3496369 | D18: =LOG(B18) -> 8.3006981 | E18: =D18-$H$8-$H$6*C18 -> -0.1185297
A19: 0.004492075 | B19: 1.9129043e+08 | C19: =LOG(A19) -> -2.347553 | D19: =LOG(B19) -> 8.2816933 | E19: =D19-$H$8-$H$6*C19 -> -0.131881
A20: 0.0045136815 | B20: 1.8310005e+08 | C20: =LOG(A20) -> -2.3454691 | D20: =LOG(B20) -> 8.2626885 | E20: =D20-$H$8-$H$6*C20 -> -0.1452323
A21: 0.0045353919 | B21: 1.7526034e+08 | C21: =LOG(A21) -> -2.3433852 | D21: =LOG(B21) -> 8.2436837 | E21: =D21-$H$8-$H$6*C21 -> -0.15858359
A22: 0.0045572068 | B22: 1.6775631e+08 | C22: =LOG(A22) -> -2.3413013 | D22: =LOG(B22) -> 8.2246789 | E22: =D22-$H$8-$H$6*C22 -> -0.17193489
... A1001: 0.49985981 | B1001: 294.26809 | C1001: =LOG(A1001) -> -0.30115178 | D1001: =LOG(B1001) -> 2.4687432 | E1001: =D1001-$H$8-$H$6*C1001 -> -0.39309231

Sheet efbm_H0.5Mach2.5_3
A1: k | B1: P(k) | C1: log(k) | D1: log(P(k)) | E1: Residuos | F1: Archivo | G1: H | H1: Mach | I1: beta | J1: beta_err | K1: intercept | L1: intercept_err
A2: 0.0041401922 | B2: 1.5190956e+09 | C2: =LOG(A2) -> -2.3829795 | D2: =LOG(B2) -> 9.1815851 | E2: =D2-$H$8-$H$6*C2 -> 0.022892557 | F2: efbm_H0.5Mach2.5_3.fits | G2: 0.5 | H2: 2.5 | I2: -3.0193451 | J2: 0.015309399 | K2: 1.8491343 | L2: 0.16483862
A3: 0.0041601062 | B3: 1.4911187e+09 | C3: =LOG(A3) -> -2.3808956 | D3: =LOG(B3) -> 9.1735122 | E3: =D3-$H$8-$H$6*C3 -> 0.021340993
A4: 0.0041801159 | B4: 1.4636571e+09 | C4: =LOG(A4) -> -2.3788117 | D4: =LOG(B4) -> 9.1654393 | E4: =D4-$H$8-$H$6*C4 -> 0.019789429 | H4: Ajuste: log P(k)=a+b log(k)
A5: 0.0042002219 | B5: 1.4367012e+09 | C5: =LOG(A5) -> -2.3767278 | D5: =LOG(B5) -> 9.1573664 | E5: =D5-$H$8-$H$6*C5 -> 0.018237865 | H5: Pendiente (b)
A6: 0.0042204246 | B6: 1.4102417e+09 | C6: =LOG(A6) -> -2.3746439 | D6: =LOG(B6) -> 9.1492936 | E6: =D6-$H$8-$H$6*C6 -> 0.016686301 | H6: =SLOPE(D2:D1001,C2:C1001) -> -3.1293645
A7: 0.0042407245 | B7: 1.3842696e+09 | C7: =LOG(A7) -> -2.3725599 | D7: =LOG(B7) -> 9.1412207 | E7: =D7-$H$8-$H$6*C7 -> 0.015134736 | H7: Intersección eje y (a)
A8: 0.004261122 | B8: 1.3587758e+09 | C8: =LOG(A8) -> -2.370476 | D8: =LOG(B8) -> 9.1331478 | E8: =D8-$H$8-$H$6*C8 -> 0.013583172 | H8: =INTERCEPT(D2:D1001,C2:C1001) -> 1.701481
A9: 0.0042816177 | B9: 1.3337515e+09 | C9: =LOG(A9) -> -2.3683921 | D9: =LOG(B9) -> 9.1250749 | E9: =D9-$H$8-$H$6*C9 -> 0.012031608 | H9: R2
A10: 0.0043022119 | B10: 1.3091881e+09 | C10: =LOG(A10) -> -2.3663082 | D10: =LOG(B10) -> 9.117002 | E10: =D10-$H$8-$H$6*C10 -> 0.010480044 | H10: =CORREL(C2:C1001,D2:D1001)^2 -> 0.99361006
A11: 0.0043229052 | B11: 1.285077e+09 | C11: =LOG(A11) -> -2.3642243 | D11: =LOG(B11) -> 9.1089291 | E11: =D11-$H$8-$H$6*C11 -> 0.0089284796
A12: 0.004343698 | B12: 1.26141e+09 | C12: =LOG(A12) -> -2.3621404 | D12: =LOG(B12) -> 9.1008563 | E12: =D12-$H$8-$H$6*C12 -> 0.0073769154
A13: 0.0043645908 | B13: 1.2381789e+09 | C13: =LOG(A13) -> -2.3600565 | D13: =LOG(B13) -> 9.0927834 | E13: =D13-$H$8-$H$6*C13 -> 0.0058253512
A14: 0.0043855841 | B14: 1.2153756e+09 | C14: =LOG(A14) -> -2.3579726 | D14: =LOG(B14) -> 9.0847105 | E14: =D14-$H$8-$H$6*C14 -> 0.004273787
A15: 0.0044066784 | B15: 1.1929922e+09 | C15: =LOG(A15) -> -2.3558886 | D15: =LOG(B15) -> 9.0766376 | E15: =D15-$H$8-$H$6*C15 -> 0.0027222228
A16: 0.0044278741 | B16: 1.1710211e+09 | C16: =LOG(A16) -> -2.3538047 | D16: =LOG(B16) -> 9.0685647 | E16: =D16-$H$8-$H$6*C16 -> 0.0011706586
A17: 0.0044491718 | B17: 1.1494547e+09 | C17: =LOG(A17) -> -2.3517208 | D17: =LOG(B17) -> 9.0604918 | E17: =D17-$H$8-$H$6*C17 -> -0.00038090563
A18: 0.0044705719 | B18: 1.1282854e+09 | C18: =LOG(A18) -> -2.3496369 | D18: =LOG(B18) -> 9.052419 | E18: =D18-$H$8-$H$6*C18 -> -0.0019324698
A19: 0.004492075 | B19: 1.107506e+09 | C19: =LOG(A19) -> -2.347553 | D19: =LOG(B19) -> 9.0443461 | E19: =D19-$H$8-$H$6*C19 -> -0.003484034
A20: 0.0045136815 | B20: 1.0871093e+09 | C20: =LOG(A20) -> -2.3454691 | D20: =LOG(B20) -> 9.0362732 | E20: =D20-$H$8-$H$6*C20 -> -0.0050355982
A21: 0.0045353919 | B21: 1.0670882e+09 | C21: =LOG(A21) -> -2.3433852 | D21: =LOG(B21) -> 9.0282003 | E21: =D21-$H$8-$H$6*C21 -> -0.0065871624
A22: 0.0045572068 | B22: 1.0474358e+09 | C22: =LOG(A22) -> -2.3413013 | D22: =LOG(B22) -> 9.0201274 | E22: =D22-$H$8-$H$6*C22 -> -0.0081387266
... A1001: 0.49985981 | B1001: 419.10964 | C1001: =LOG(A1001) -> -0.30115178 | D1001: =LOG(B1001) -> 2.6223276 | E1001: =D1001-$H$8-$H$6*C1001 -> -0.021567052

Sheet efbm_H0.5Mach2.5_4
A1: k | B1: P(k) | C1: log(k) | D1: log(P(k)) | E1: Residuos | F1: Archivo | G1: H | H1: Mach | I1: beta | J1: beta_err | K1: intercept | L1: intercept_err
A2: 0.0041401922 | B2: 1.4435359e+08 | C2: =LOG(A2) -> -2.3829795 | D2: =LOG(B2) -> 8.1594276 | E2: =D2-$H$8-$H$6*C2 -> -0.44031524 | F2: efbm_H0.5Mach2.5_4.fits | G2: 0.5 | H2: 2.5 | I2: -2.9131087 | J2: 0.019656978 | K2: 1.8922333 | L2: 0.25905465
A3: 0.0041601062 | B3: 1.4468102e+08 | C3: =LOG(A3) -> -2.3808956 | D3: =LOG(B3) -> 8.1604116 | E3: =D3-$H$8-$H$6*C3 -> -0.43372982
A4: 0.0041801159 | B4: 1.4500919e+08 | C4: =LOG(A4) -> -2.3788117 | D4: =LOG(B4) -> 8.1613955 | E4: =D4-$H$8-$H$6*C4 -> -0.42714441 | H4: Ajuste: log P(k)=a+b log(k)
A5: 0.0042002219 | B5: 1.453381e+08 | C5: =LOG(A5) -> -2.3767278 | D5: =LOG(B5) -> 8.1623795 | E5: =D5-$H$8-$H$6*C5 -> -0.42055899 | H5: Pendiente (b)
A6: 0.0042204246 | B6: 1.4566776e+08 | C6: =LOG(A6) -> -2.3746439 | D6: =LOG(B6) -> 8.1633634 | E6: =D6-$H$8-$H$6*C6 -> -0.41397357 | H6: =SLOPE(D2:D1001,C2:C1001) -> -2.6879519
A7: 0.0042407245 | B7: 1.4599817e+08 | C7: =LOG(A7) -> -2.3725599 | D7: =LOG(B7) -> 8.1643474 | E7: =D7-$H$8-$H$6*C7 -> -0.40738816 | H7: Intersección eje y (a)
A8: 0.004261122 | B8: 1.4632932e+08 | C8: =LOG(A8) -> -2.370476 | D8: =LOG(B8) -> 8.1653314 | E8: =D8-$H$8-$H$6*C8 -> -0.40080274 | H8: =INTERCEPT(D2:D1001,C2:C1001) -> 2.1944086
A9: 0.0042816177 | B9: 1.4666123e+08 | C9: =LOG(A9) -> -2.3683921 | D9: =LOG(B9) -> 8.1663153 | E9: =D9-$H$8-$H$6*C9 -> -0.39421733 | H9: R2
A10: 0.0043022119 | B10: 1.4699389e+08 | C10: =LOG(A10) -> -2.3663082 | D10: =LOG(B10) -> 8.1672993 | E10: =D10-$H$8-$H$6*C10 -> -0.38763191 | H10: =CORREL(C2:C1001,D2:D1001)^2 -> 0.98169177
A11: 0.0043229052 | B11: 1.4732731e+08 | C11: =LOG(A11) -> -2.3642243 | D11: =LOG(B11) -> 8.1682833 | E11: =D11-$H$8-$H$6*C11 -> -0.3810465
A12: 0.004343698 | B12: 1.4766148e+08 | C12: =LOG(A12) -> -2.3621404 | D12: =LOG(B12) -> 8.1692672 | E12: =D12-$H$8-$H$6*C12 -> -0.37446108
A13: 0.0043645908 | B13: 1.4799641e+08 | C13: =LOG(A13) -> -2.3600565 | D13: =LOG(B13) -> 8.1702512 | E13: =D13-$H$8-$H$6*C13 -> -0.36787567
A14: 0.0043855841 | B14: 1.483321e+08 | C14: =LOG(A14) -> -2.3579726 | D14: =LOG(B14) -> 8.1712351 | E14: =D14-$H$8-$H$6*C14 -> -0.36129025
A15: 0.0044066784 | B15: 1.4866855e+08 | C15: =LOG(A15) -> -2.3558886 | D15: =LOG(B15) -> 8.1722191 | E15: =D15-$H$8-$H$6*C15 -> -0.35470483
A16: 0.0044278741 | B16: 1.4900576e+08 | C16: =LOG(A16) -> -2.3538047 | D16: =LOG(B16) -> 8.1732031 | E16: =D16-$H$8-$H$6*C16 -> -0.34811942
A17: 0.0044491718 | B17: 1.4934374e+08 | C17: =LOG(A17) -> -2.3517208 | D17: =LOG(B17) -> 8.174187 | E17: =D17-$H$8-$H$6*C17 -> -0.341534
A18: 0.0044705719 | B18: 1.4968248e+08 | C18: =LOG(A18) -> -2.3496369 | D18: =LOG(B18) -> 8.175171 | E18: =D18-$H$8-$H$6*C18 -> -0.33494859
A19: 0.004492075 | B19: 1.50022e+08 | C19: =LOG(A19) -> -2.347553 | D19: =LOG(B19) -> 8.1761549 | E19: =D19-$H$8-$H$6*C19 -> -0.32836317
A20: 0.0045136815 | B20: 1.5036228e+08 | C20: =LOG(A20) -> -2.3454691 | D20: =LOG(B20) -> 8.1771389 | E20: =D20-$H$8-$H$6*C20 -> -0.32177776
A21: 0.0045353919 | B21: 1.5070333e+08 | C21: =LOG(A21) -> -2.3433852 | D21: =LOG(B21) -> 8.1781229 | E21: =D21-$H$8-$H$6*C21 -> -0.31519234
A22: 0.0045572068 | B22: 1.5104516e+08 | C22: =LOG(A22) -> -2.3413013 | D22: =LOG(B22) -> 8.1791068 | E22: =D22-$H$8-$H$6*C22 -> -0.30860693
... A1001: 0.49985981 | B1001: 785.74157 | C1001: =LOG(A1001) -> -0.30115178 | D1001: =LOG(B1001) -> 2.8952797 | E1001: =D1001-$H$8-$H$6*C1001 -> -0.10861035

Sheet efbm_H0.5Mach2.5_5
A1: k | B1: P(k) | C1: log(k) | D1: log(P(k)) | E1: Residuos | F1: Archivo | G1: H | H1: Mach | I1: beta | J1: beta_err | K1: intercept | L1: intercept_err
A2: 0.0041401922 | B2: 9.0787004e+08 | C2: =LOG(A2) -> -2.3829795 | D2: =LOG(B2) -> 8.9580237 | E2: =D2-$H$8-$H$6*C2 -> -0.57907513 | F2: efbm_H0.5Mach2.5_5.fits | G2: 0.5 | H2: 2.5 | I2: -3.0081915 | J2: 0.015883632 | K2: 2.4722424 | L2: 0.20087635
A3: 0.0041601062 | B3: 9.0869729e+08 | C3: =LOG(A3) -> -2.3808956 | D3: =LOG(B3) -> 8.9584192 | E3: =D3-$H$8-$H$6*C3 -> -0.57261819
A4: 0.0041801159 | B4: 9.0952529e+08 | C4: =LOG(A4) -> -2.3788117 | D4: =LOG(B4) -> 8.9588148 | E4: =D4-$H$8-$H$6*C4 -> -0.56616125 | H4: Ajuste: log P(k)=a+b log(k)
A5: 0.0042002219 | B5: 9.1035405e+08 | C5: =LOG(A5) -> -2.3767278 | D5: =LOG(B5) -> 8.9592103 | E5: =D5-$H$8-$H$6*C5 -> -0.55970431 | H5: Pendiente (b)
A6: 0.0042204246 | B6: 9.1118357e+08 | C6: =LOG(A6) -> -2.3746439 | D6: =LOG(B6) -> 8.9596059 | E6: =D6-$H$8-$H$6*C6 -> -0.55324736 | H6: =SLOPE(D2:D1001,C2:C1001) -> -2.9086614
A7: 0.0042407245 | B7: 9.1201384e+08 | C7: =LOG(A7) -> -2.3725599 | D7: =LOG(B7) -> 8.9600014 | E7: =D7-$H$8-$H$6*C7 -> -0.54679042 | H7: Intersección eje y (a)
A8: 0.004261122 | B8: 9.1284487e+08 | C8: =LOG(A8) -> -2.370476 | D8: =LOG(B8) -> 8.960397 | E8: =D8-$H$8-$H$6*C8 -> -0.54033348 | H8: =INTERCEPT(D2:D1001,C2:C1001) -> 2.6058183
A9: 0.0042816177 | B9: 9.1367665e+08 | C9: =LOG(A9) -> -2.3683921 | D9: =LOG(B9) -> 8.9607925 | E9: =D9-$H$8-$H$6*C9 -> -0.53387654 | H9: R2
A10: 0.0043022119 | B10: 9.1450919e+08 | C10: =LOG(A10) -> -2.3663082 | D10: =LOG(B10) -> 8.9611881 | E10: =D10-$H$8-$H$6*C10 -> -0.52741959 | H10: =CORREL(C2:C1001,D2:D1001)^2 -> 0.98813404
A11: 0.0043229052 | B11: 9.1534249e+08 | C11: =LOG(A11) -> -2.3642243 | D11: =LOG(B11) -> 8.9615836 | E11: =D11-$H$8-$H$6*C11 -> -0.52096265
A12: 0.004343698 | B12: 9.1617655e+08 | C12: =LOG(A12) -> -2.3621404 | D12: =LOG(B12) -> 8.9619792 | E12: =D12-$H$8-$H$6*C12 -> -0.51450571
A13: 0.0043645908 | B13: 9.1701137e+08 | C13: =LOG(A13) -> -2.3600565 | D13: =LOG(B13) -> 8.9623747 | E13: =D13-$H$8-$H$6*C13 -> -0.50804877
A14: 0.0043855841 | B14: 9.1784696e+08 | C14: =LOG(A14) -> -2.3579726 | D14: =LOG(B14) -> 8.9627703 | E14: =D14-$H$8-$H$6*C14 -> -0.50159182
A15: 0.0044066784 | B15: 9.186833e+08 | C15: =LOG(A15) -> -2.3558886 | D15: =LOG(B15) -> 8.9631658 | E15: =D15-$H$8-$H$6*C15 -> -0.49513488
A16: 0.0044278741 | B16: 9.195204e+08 | C16: =LOG(A16) -> -2.3538047 | D16: =LOG(B16) -> 8.9635614 | E16: =D16-$H$8-$H$6*C16 -> -0.48867794
A17: 0.0044491718 | B17: 9.2035827e+08 | C17: =LOG(A17) -> -2.3517208 | D17: =LOG(B17) -> 8.9639569 | E17: =D17-$H$8-$H$6*C17 -> -0.482221
A18: 0.0044705719 | B18: 9.211969e+08 | C18: =LOG(A18) -> -2.3496369 | D18: =LOG(B18) -> 8.9643525 | E18: =D18-$H$8-$H$6*C18 -> -0.47576405
A19: 0.004492075 | B19: 9.220363e+08 | C19: =LOG(A19) -> -2.347553 | D19: =LOG(B19) -> 8.964748 | E19: =D19-$H$8-$H$6*C19 -> -0.46930711
A20: 0.0045136815 | B20: 9.2287646e+08 | C20: =LOG(A20) -> -2.3454691 | D20: =LOG(B20) -> 8.9651436 | E20: =D20-$H$8-$H$6*C20 -> -0.46285017
A21: 0.0045353919 | B21: 9.2371738e+08 | C21: =LOG(A21) -> -2.3433852 | D21: =LOG(B21) -> 8.9655391 | E21: =D21-$H$8-$H$6*C21 -> -0.45639323
A22: 0.0045572068 | B22: 9.2455907e+08 | C22: =LOG(A22) -> -2.3413013 | D22: =LOG(B22) -> 8.9659347 | E22: =D22-$H$8-$H$6*C22 -> -0.44993628
... A1001: 0.49985981 | B1001: 3267.0454 | C1001: =LOG(A1001) -> -0.30115178 | D1001: =LOG(B1001) -> 3.5141552 | E1001: =D1001-$H$8-$H$6*C1001 -> 0.032388329

Sheet efbm_H0.5Mach2.5_6
A1: k | B1: P(k) | C1: log(k) | D1: log(P(k)) | E1: Residuos | F1: Archivo | G1: H | H1: Mach | I1: beta | J1: beta_err | K1: intercept | L1: intercept_err
A2: 0.0041401922 | B2: 1.489526e+08 | C2: =LOG(A2) -> -2.3829795 | D2: =LOG(B2) -> 8.1730481 | E2: =D2-$H$8-$H$6*C2 -> 0.18983784 | F2: efbm_H0.5Mach2.5_6.fits | G2: 0.5 | H2: 2.5 | I2: -2.8538131 | J2: 0.016475457 | K2: 1.2885905 | L2: 0.19028516
A3: 0.0041601062 | B3: 1.4311988e+08 | C3: =LOG(A3) -> -2.3808956 | D3: =LOG(B3) -> 8.1557 | E3: =D3-$H$8-$H$6*C3 -> 0.17822468
A4: 0.0041801159 | B4: 1.3751556e+08 | C4: =LOG(A4) -> -2.3788117 | D4: =LOG(B4) -> 8.1383518 | E4: =D4-$H$8-$H$6*C4 -> 0.16661151 | H4: Ajuste: log P(k)=a+b log(k)
A5: 0.0042002219 | B5: 1.3213069e+08 | C5: =LOG(A5) -> -2.3767278 | D5: =LOG(B5) -> 8.1210037 | E5: =D5-$H$8-$H$6*C5 -> 0.15499835 | H5: Pendiente (b)
A6: 0.0042204246 | B6: 1.2695668e+08 | C6: =LOG(A6) -> -2.3746439 | D6: =LOG(B6) -> 8.1036556 | E6: =D6-$H$8-$H$6*C6 -> 0.14338519 | H6: =SLOPE(D2:D1001,C2:C1001) -> -2.7520195
A7: 0.0042407245 | B7: 1.2198528e+08 | C7: =LOG(A7) -> -2.3725599 | D7: =LOG(B7) -> 8.0863074 | E7: =D7-$H$8-$H$6*C7 -> 0.13177202 | H7: Intersección eje y (a)
A8: 0.004261122 | B8: 1.1720856e+08 | C8: =LOG(A8) -> -2.370476 | D8: =LOG(B8) -> 8.0689593 | E8: =D8-$H$8-$H$6*C8 -> 0.12015886 | H8: =INTERCEPT(D2:D1001,C2:C1001) -> 1.4252042
A9: 0.0042816177 | B9: 1.1261888e+08 | C9: =LOG(A9) -> -2.3683921 | D9: =LOG(B9) -> 8.0516112 | E9: =D9-$H$8-$H$6*C9 -> 0.1085457 | H9: R2
A10: 0.0043022119 | B10: 1.0820892e+08 | C10: =LOG(A10) -> -2.3663082 | D10: =LOG(B10) -> 8.0342631 | E10: =D10-$H$8-$H$6*C10 -> 0.096932534 | H10: =CORREL(C2:C1001,D2:D1001)^2 -> 0.98829595
A11: 0.0043229052 | B11: 1.0397165e+08 | C11: =LOG(A11) -> -2.3642243 | D11: =LOG(B11) -> 8.0169149 | E11: =D11-$H$8-$H$6*C11 -> 0.08531937
A12: 0.004343698 | B12: 99900302 | C12: =LOG(A12) -> -2.3621404 | D12: =LOG(B12) -> 7.9995668 | E12: =D12-$H$8-$H$6*C12 -> 0.073706207
A13: 0.0043645908 | B13: 95988382 | C13: =LOG(A13) -> -2.3600565 | D13: =LOG(B13) -> 7.9822187 | E13: =D13-$H$8-$H$6*C13 -> 0.062093044
A14: 0.0043855841 | B14: 92229646 | C14: =LOG(A14) -> -2.3579726 | D14: =LOG(B14) -> 7.9648705 | E14: =D14-$H$8-$H$6*C14 -> 0.050479881
A15: 0.0044066784 | B15: 88618096 | C15: =LOG(A15) -> -2.3558886 | D15: =LOG(B15) -> 7.9475224 | E15: =D15-$H$8-$H$6*C15 -> 0.038866718
A16: 0.0044278741 | B16: 85147968 | C16: =LOG(A16) -> -2.3538047 | D16: =LOG(B16) -> 7.9301743 | E16: =D16-$H$8-$H$6*C16 -> 0.027253554
A17: 0.0044491718 | B17: 81813723 | C17: =LOG(A17) -> -2.3517208 | D17: =LOG(B17) -> 7.9128262 | E17: =D17-$H$8-$H$6*C17 -> 0.015640391
A18: 0.0044705719 | B18: 78610042 | C18: =LOG(A18) -> -2.3496369 | D18: =LOG(B18) -> 7.895478 | E18: =D18-$H$8-$H$6*C18 -> 0.0040272279
A19: 0.004492075 | B19: 75531811 | C19: =LOG(A19) -> -2.347553 | D19: =LOG(B19) -> 7.8781299 | E19: =D19-$H$8-$H$6*C19 -> -0.0075859353
A20: 0.0045136815 | B20: 72574119 | C20: =LOG(A20) -> -2.3454691 | D20: =LOG(B20) -> 7.8607818 | E20: =D20-$H$8-$H$6*C20 -> -0.019199098
A21: 0.0045353919 | B21: 69732244 | C21: =LOG(A21) -> -2.3433852 | D21: =LOG(B21) -> 7.8434336 | E21: =D21-$H$8-$H$6*C21 -> -0.030812262
A22: 0.0045572068 | B22: 67001653 | C22: =LOG(A22) -> -2.3413013 | D22: =LOG(B22) -> 7.8260855 | E22: =D22-$H$8-$H$6*C22 -> -0.042425425
... A1001: 0.49985981 | B1001: 172.84695 | C1001: =LOG(A1001) -> -0.30115178 | D1001: =LOG(B1001) -> 2.2376617 | E1001: =D1001-$H$8-$H$6*C1001 -> -0.016318086

Sheet efbm_H0.5Mach2.5_7
A1: k | B1: P(k) | C1: log(k) | D1: log(P(k)) | E1: Residuos | F1: Archivo | G1: H | H1: Mach | I1: beta | J1: beta_err | K1: intercept | L1: intercept_err
A2: 0.0041401922 | B2: 3.6683385e+08 | C2: =LOG(A2) -> -2.3829795 | D2: =LOG(B2) -> 8.5644694 | E2: =D2-$H$8-$H$6*C2 -> 0.081525052 | F2: efbm_H0.5Mach2.5_7.fits | G2: 0.5 | H2: 2.5 | I2: -2.9648783 | J2: 0.017866736 | K2: 1.379007 | L2: 0.15737233
A3: 0.0041601062 | B3: 3.6165886e+08 | C3: =LOG(A3) -> -2.3808956 | D3: =LOG(B3) -> 8.5582991 | E3: =D3-$H$8-$H$6*C3 -> 0.08161077
A4: 0.0041801159 | B4: 3.5655688e+08 | C4: =LOG(A4) -> -2.3788117 | D4: =LOG(B4) -> 8.5521288 | E4: =D4-$H$8-$H$6*C4 -> 0.081696488 | H4: Ajuste: log P(k)=a+b log(k)
A5: 0.0042002219 | B5: 3.5152687e+08 | C5: =LOG(A5) -> -2.3767278 | D5: =LOG(B5) -> 8.5459585 | E5: =D5-$H$8-$H$6*C5 -> 0.081782206 | H5: Pendiente (b)
A6: 0.0042204246 | B6: 3.4656783e+08 | C6: =LOG(A6) -> -2.3746439 | D6: =LOG(B6) -> 8.5397882 | E6: =D6-$H$8-$H$6*C6 -> 0.081867924 | H6: =SLOPE(D2:D1001,C2:C1001) -> -3.0020506
A7: 0.0042407245 | B7: 3.4167874e+08 | C7: =LOG(A7) -> -2.3725599 | D7: =LOG(B7) -> 8.533618 | E7: =D7-$H$8-$H$6*C7 -> 0.081953642 | H7: Intersección eje y (a)
A8: 0.004261122 | B8: 3.3685862e+08 | C8: =LOG(A8) -> -2.370476 | D8: =LOG(B8) -> 8.5274477 | E8: =D8-$H$8-$H$6*C8 -> 0.082039361 | H8: =INTERCEPT(D2:D1001,C2:C1001) -> 1.3291194
A9: 0.0042816177 | B9: 3.321065e+08 | C9: =LOG(A9) -> -2.3683921 | D9: =LOG(B9) -> 8.5212774 | E9: =D9-$H$8-$H$6*C9 -> 0.082125079 | H9: R2
A10: 0.0043022119 | B10: 3.2742142e+08 | C10: =LOG(A10) -> -2.3663082 | D10: =LOG(B10) -> 8.5151071 | E10: =D10-$H$8-$H$6*C10 -> 0.082210797 | H10: =CORREL(C2:C1001,D2:D1001)^2 -> 0.99261474
A11: 0.0043229052 | B11: 3.2280243e+08 | C11: =LOG(A11) -> -2.3642243 | D11: =LOG(B11) -> 8.5089368 | E11: =D11-$H$8-$H$6*C11 -> 0.082296515
A12: 0.004343698 | B12: 3.182486e+08 | C12: =LOG(A12) -> -2.3621404 | D12: =LOG(B12) -> 8.5027665 | E12: =D12-$H$8-$H$6*C12 -> 0.082382233
A13: 0.0043645908 | B13: 3.1375902e+08 | C13: =LOG(A13) -> -2.3600565 | D13: =LOG(B13) -> 8.4965962 | E13: =D13-$H$8-$H$6*C13 -> 0.082467951
A14: 0.0043855841 | B14: 3.0933276e+08 | C14: =LOG(A14) -> -2.3579726 | D14: =LOG(B14) -> 8.4904259 | E14: =D14-$H$8-$H$6*C14 -> 0.08255367
A15: 0.0044066784 | B15: 3.0496896e+08 | C15: =LOG(A15) -> -2.3558886 | D15: =LOG(B15) -> 8.4842556 | E15: =D15-$H$8-$H$6*C15 -> 0.082639388
A16: 0.0044278741 | B16: 3.0066671e+08 | C16: =LOG(A16) -> -2.3538047 | D16: =LOG(B16) -> 8.4780853 | E16: =D16-$H$8-$H$6*C16 -> 0.082725106
A17: 0.0044491718 | B17: 2.9642515e+08 | C17: =LOG(A17) -> -2.3517208 | D17: =LOG(B17) -> 8.4719151 | E17: =D17-$H$8-$H$6*C17 -> 0.082810824
A18: 0.0044705719 | B18: 2.9224343e+08 | C18: =LOG(A18) -> -2.3496369 | D18: =LOG(B18) -> 8.4657448 | E18: =D18-$H$8-$H$6*C18 -> 0.082896542
A19: 0.004492075 | B19: 2.8812071e+08 | C19: =LOG(A19) -> -2.347553 | D19: =LOG(B19) -> 8.4595745 | E19: =D19-$H$8-$H$6*C19 -> 0.08298226
A20: 0.0045136815 | B20: 2.8405614e+08 | C20: =LOG(A20) -> -2.3454691 | D20: =LOG(B20) -> 8.4534042 | E20: =D20-$H$8-$H$6*C20 -> 0.083067979
A21: 0.0045353919 | B21: 2.8004891e+08 | C21: =LOG(A21) -> -2.3433852 | D21: =LOG(B21) -> 8.4472339 | E21: =D21-$H$8-$H$6*C21 -> 0.083153697
A22: 0.0045572068 | B22: 2.7609822e+08 | C22: =LOG(A22) -> -2.3413013 | D22: =LOG(B22) -> 8.4410636 | E22: =D22-$H$8-$H$6*C22 -> 0.083239415
... A1001: 0.49985981 | B1001: 202.60938 | C1001: =LOG(A1001) -> -0.30115178 | D1001: =LOG(B1001) -> 2.3066595 | E1001: =D1001-$H$8-$H$6*C1001 -> 0.073467275

Sheet efbm_H0.5Mach2.5_8
A1: k | B1: P(k) | C1: log(k) | D1: log(P(k)) | E1: Residuos | F1: Archivo | G1: H | H1: Mach | I1: beta | J1: beta_err | K1: intercept | L1: intercept_err
A2: 0.0041401922 | B2: 7.057001e+08 | C2: =LOG(A2) -> -2.3829795 | D2: =LOG(B2) -> 8.8486202 | E2: =D2-$H$8-$H$6*C2 -> -0.25329722 | F2: efbm_H0.5Mach2.5_8.fits | G2: 0.5 | H2: 2.5 | I2: -2.9737192 | J2: 0.017489201 | K2: 1.8555849 | L2: 0.18680837
A3: 0.0041601062 | B3: 7.0613867e+08 | C3: =LOG(A3) -> -2.3808956 | D3: =LOG(B3) -> 8.84889 | E3: =D3-$H$8-$H$6*C3 -> -0.24651008
A4: 0.0041801159 | B4: 7.0657751e+08 | C4: =LOG(A4) -> -2.3788117 | D4: =LOG(B4) -> 8.8491598 | E4: =D4-$H$8-$H$6*C4 -> -0.23972293 | H4: Ajuste: log P(k)=a+b log(k)
A5: 0.0042002219 | B5: 7.0701663e+08 | C5: =LOG(A5) -> -2.3767278 | D5: =LOG(B5) -> 8.8494296 | E5: =D5-$H$8-$H$6*C5 -> -0.23293578 | H5: Pendiente (b)
A6: 0.0042204246 | B6: 7.0745602e+08 | C6: =LOG(A6) -> -2.3746439 | D6: =LOG(B6) -> 8.8496994 | E6: =D6-$H$8-$H$6*C6 -> -0.22614864 | H6: =SLOPE(D2:D1001,C2:C1001) -> -3.12745
A7: 0.0042407245 | B7: 7.0789568e+08 | C7: =LOG(A7) -> -2.3725599 | D7: =LOG(B7) -> 8.8499693 | E7: =D7-$H$8-$H$6*C7 -> -0.21936149 | H7: Intersección eje y (a)
A8: 0.004261122 | B8: 7.0833562e+08 | C8: =LOG(A8) -> -2.370476 | D8: =LOG(B8) -> 8.8502391 | E8: =D8-$H$8-$H$6*C8 -> -0.21257434 | H8: =INTERCEPT(D2:D1001,C2:C1001) -> 1.6492681
A9: 0.0042816177 | B9: 7.0877583e+08 | C9: =LOG(A9) -> -2.3683921 | D9: =LOG(B9) -> 8.8505089 | E9: =D9-$H$8-$H$6*C9 -> -0.2057872 | H9: R2
A10: 0.0043022119 | B10: 7.0921631e+08 | C10: =LOG(A10) -> -2.3663082 | D10: =LOG(B10) -> 8.8507787 | E10: =D10-$H$8-$H$6*C10 -> -0.19900005 | H10: =CORREL(C2:C1001,D2:D1001)^2 -> 0.99261218
A11: 0.0043229052 | B11: 7.0965707e+08 | C11: =LOG(A11) -> -2.3642243 | D11: =LOG(B11) -> 8.8510485 | E11: =D11-$H$8-$H$6*C11 -> -0.1922129
A12: 0.004343698 | B12: 7.100981e+08 | C12: =LOG(A12) -> -2.3621404 | D12: =LOG(B12) -> 8.8513183 | E12: =D12-$H$8-$H$6*C12 -> -0.18542575
A13: 0.0043645908 | B13: 7.105394e+08 | C13: =LOG(A13) -> -2.3600565 | D13: =LOG(B13) -> 8.8515882 | E13: =D13-$H$8-$H$6*C13 -> -0.17863861
A14: 0.0043855841 | B14: 7.1098098e+08 | C14: =LOG(A14) -> -2.3579726 | D14: =LOG(B14) -> 8.851858 | E14: =D14-$H$8-$H$6*C14 -> -0.17185146
A15: 0.0044066784 | B15: 7.1142284e+08 | C15: =LOG(A15) -> -2.3558886 | D15: =LOG(B15) -> 8.8521278 | E15: =D15-$H$8-$H$6*C15 -> -0.16506431
A16: 0.0044278741 | B16: 7.1186496e+08 | C16: =LOG(A16) -> -2.3538047 | D16: =LOG(B16) -> 8.8523976 | E16: =D16-$H$8-$H$6*C16 -> -0.15827717
A17: 0.0044491718 | B17: 7.1230737e+08 | C17: =LOG(A17) -> -2.3517208 | D17: =LOG(B17) -> 8.8526674 | E17: =D17-$H$8-$H$6*C17 -> -0.15149002
A18: 0.0044705719 | B18: 7.1275005e+08 | C18: =LOG(A18) -> -2.3496369 | D18: =LOG(B18) -> 8.8529373 | E18: =D18-$H$8-$H$6*C18 -> -0.14470287
A19: 0.004492075 | B19: 7.13193e+08 | C19: =LOG(A19) -> -2.347553 | D19: =LOG(B19) -> 8.8532071 | E19: =D19-$H$8-$H$6*C19 -> -0.13791573
A20: 0.0045136815 | B20: 7.1363623e+08 | C20: =LOG(A20) -> -2.3454691 | D20: =LOG(B20) -> 8.8534769 | E20: =D20-$H$8-$H$6*C20 -> -0.13112858
A21: 0.0045353919 | B21: 7.1407973e+08 | C21: =LOG(A21) -> -2.3433852 | D21: =LOG(B21) -> 8.8537467 | E21: =D21-$H$8-$H$6*C21 -> -0.12434143
A22: 0.0045572068 | B22: 7.1452351e+08 | C22: =LOG(A22) -> -2.3413013 | D22: =LOG(B22) -> 8.8540165 | E22: =D22-$H$8-$H$6*C22 -> -0.11755429
... A1001: 0.49985981 | B1001: 372.44121 | C1001: =LOG(A1001) -> -0.30115178 | D1001: =LOG(B1001) -> 2.5710577 | E1001: =D1001-$H$8-$H$6*C1001 -> -0.020047533

Sheet efbm_H0.5Mach2.5_9
A1: k | B1: P(k) | C1: log(k) | D1: log(P(k)) | E1: Residuos | F1: Archivo | G1: H | H1: Mach | I1: beta | J1: beta_err | K1: intercept | L1: intercept_err
A2: 0.0041401922 | B2: 1.8287963e+08 | C2: =LOG(A2) -> -2.3829795 | D2: =LOG(B2) -> 8.2621653 | E2: =D2-$H$8-$H$6*C2 -> -0.10544694 | F2: efbm_H0.5Mach2.5_9.fits | G2: 0.5 | H2: 2.5 | I2: -2.9634303 | J2: 0.016618795 | K2: 1.2019404 | L2: 0.15908829
A3: 0.0041601062 | B3: 1.8253321e+08 | C3: =LOG(A3) -> -2.3808956 | D3: =LOG(B3) -> 8.2613419 | E3: =D3-$H$8-$H$6*C3 -> -0.099886902
A4: 0.0041801159 | B4: 1.8218744e+08 | C4: =LOG(A4) -> -2.3788117 | D4: =LOG(B4) -> 8.2605184 | E4: =D4-$H$8-$H$6*C4 -> -0.094326864 | H4: Ajuste: log P(k)=a+b log(k)
A5: 0.0042002219 | B5: 1.8184233e+08 | C5: =LOG(A5) -> -2.3767278 | D5: =LOG(B5) -> 8.259695 | E5: =D5-$H$8-$H$6*C5 -> -0.088766826 | H5: Pendiente (b)
A6: 0.0042204246 | B6: 1.8149787e+08 | C6: =LOG(A6) -> -2.3746439 | D6: =LOG(B6) -> 8.2588715 | E6: =D6-$H$8-$H$6*C6 -> -0.083206788 | H6: =SLOPE(D2:D1001,C2:C1001) -> -3.0632255
A7: 0.0042407245 | B7: 1.8115406e+08 | C7: =LOG(A7) -> -2.3725599 | D7: =LOG(B7) -> 8.2580481 | E7: =D7-$H$8-$H$6*C7 -> -0.07764675 | H7: Intersección eje y (a)
A8: 0.004261122 | B8: 1.8081091e+08 | C8: =LOG(A8) -> -2.370476 | D8: =LOG(B8) -> 8.2572246 | E8: =D8-$H$8-$H$6*C8 -> -0.072086712 | H8: =INTERCEPT(D2:D1001,C2:C1001) -> 1.0680086
A9: 0.0042816177 | B9: 1.804684e+08 | C9: =LOG(A9) -> -2.3683921 | D9: =LOG(B9) -> 8.2564012 | E9: =D9-$H$8-$H$6*C9 -> -0.066526674 | H9: R2
A10: 0.0043022119 | B10: 1.8012654e+08 | C10: =LOG(A10) -> -2.3663082 | D10: =LOG(B10) -> 8.2555777 | E10: =D10-$H$8-$H$6*C10 -> -0.060966637 | H10: =CORREL(C2:C1001,D2:D1001)^2 -> 0.99364877
A11: 0.0043229052 | B11: 1.7978533e+08 | C11: =LOG(A11) -> -2.3642243 | D11: =LOG(B11) -> 8.2547543 | E11: =D11-$H$8-$H$6*C11 -> -0.055406599
A12: 0.004343698 | B12: 1.7944477e+08 | C12: =LOG(A12) -> -2.3621404 | D12: =LOG(B12) -> 8.2539308 | E12: =D12-$H$8-$H$6*C12 -> -0.049846561
A13: 0.0043645908 | B13: 1.7910485e+08 | C13: =LOG(A13) -> -2.3600565 | D13: =LOG(B13) -> 8.2531074 | E13: =D13-$H$8-$H$6*C13 -> -0.044286523
A14: 0.0043855841 | B14: 1.7876558e+08 | C14: =LOG(A14) -> -2.3579726 | D14: =LOG(B14) -> 8.2522839 | E14: =D14-$H$8-$H$6*C14 -> -0.038726485
A15: 0.0044066784 | B15: 1.7842695e+08 | C15: =LOG(A15) -> -2.3558886 | D15: =LOG(B15) -> 8.2514604 | E15: =D15-$H$8-$H$6*C15 -> -0.033166447
A16: 0.0044278741 | B16: 1.7808896e+08 | C16: =LOG(A16) -> -2.3538047 | D16: =LOG(B16) -> 8.250637 | E16: =D16-$H$8-$H$6*C16 -> -0.027606409
A17: 0.0044491718 | B17: 1.7775161e+08 | C17: =LOG(A17) -> -2.3517208 | D17: =LOG(B17) -> 8.2498135 | E17: =D17-$H$8-$H$6*C17 -> -0.022046371
A18: 0.0044705719 | B18: 1.774149e+08 | C18: =LOG(A18) -> -2.3496369 | D18: =LOG(B18) -> 8.2489901 | E18: =D18-$H$8-$H$6*C18 -> -0.016486334
A19: 0.004492075 | B19: 1.7707883e+08 | C19: =LOG(A19) -> -2.347553 | D19: =LOG(B19) -> 8.2481666 | E19: =D19-$H$8-$H$6*C19 -> -0.010926296
A20: 0.0045136815 | B20: 1.7674339e+08 | C20: =LOG(A20) -> -2.3454691 | D20: =LOG(B20) -> 8.2473432 | E20: =D20-$H$8-$H$6*C20 -> -0.0053662578
A21: 0.0045353919 | B21: 1.7640859e+08 | C21: =LOG(A21) -> -2.3433852 | D21: =LOG(B21) -> 8.2465197 | E21: =D21-$H$8-$H$6*C21 -> 0.00019378003
A22: 0.0045572068 | B22: 1.7607442e+08 | C22: =LOG(A22) -> -2.3413013 | D22: =LOG(B22) -> 8.2456963 | E22: =D22-$H$8-$H$6*C22 -> 0.0057538179
... A1001: 0.49985981 | B1001: 122.50987 | C1001: =LOG(A1001) -> -0.30115178 | D1001: =LOG(B1001) -> 2.0881711 | E1001: =D1001-$H$8-$H$6*C1001 -> 0.097666611

Sheet efbm_H1Mach1_0
A1: k | B1: P(k) | C1: log(k) | D1: log(P(k)) | E1: Residuos | F1: Archivo | G1: H | H1: Mach | I1: beta | J1: beta_err | K1: intercept | L1: intercept_err
A2: 0.0041401922 | B2: 88135276 | C2: =LOG(A2) -> -2.3829795 | D2: =LOG(B2) -> 7.9451498 | E2: =D2-$H$8-$H$6*C2 -> -0.045437127 | F2: efbm_H1Mach1_0.fits | G2: 1 | H2: 1 | I2: -3.9521011 | J2: 0.01808577 | K2: -1.5287316 | L2: 0.17891462
A3: 0.0041601062 | B3: 86805617 | C3: =LOG(A3) -> -2.3808956 | D3: =LOG(B3) -> 7.9385478 | E3: =D3-$H$8-$H$6*C3 -> -0.043599954
A4: 0.0041801159 | B4: 85496017 | C4: =LOG(A4) -> -2.3788117 | D4: =LOG(B4) -> 7.9319459 | E4: =D4-$H$8-$H$6*C4 -> -0.041762781 | H4: Ajuste: log P(k)=a+b log(k)
A5: 0.0042002219 | B5: 84206174 | C5: =LOG(A5) -> -2.3767278 | D5: =LOG(B5) -> 7.9253439 | E5: =D5-$H$8-$H$6*C5 -> -0.039925608 | H5: Pendiente (b)
A6: 0.0042204246 | B6: 82935791 | C6: =LOG(A6) -> -2.3746439 | D6: =LOG(B6) -> 7.918742 | E6: =D6-$H$8-$H$6*C6 -> -0.038088435 | H6: =SLOPE(D2:D1001,C2:C1001) -> -4.0496526
A7: 0.0042407245 | B7: 81684574 | C7: =LOG(A7) -> -2.3725599 | D7: =LOG(B7) -> 7.91214 | E7: =D7-$H$8-$H$6*C7 -> -0.036251261 | H7: Intersección eje y (a)
A8: 0.004261122 | B8: 80452233 | C8: =LOG(A8) -> -2.370476 | D8: =LOG(B8) -> 7.9055381 | E8: =D8-$H$8-$H$6*C8 -> -0.034414088 | H8: =INTERCEPT(D2:D1001,C2:C1001) -> -1.6596522
A9: 0.0042816177 | B9: 79238484 | C9: =LOG(A9) -> -2.3683921 | D9: =LOG(B9) -> 7.8989362 | E9: =D9-$H$8-$H$6*C9 -> -0.032576915 | H9: R2
A10: 0.0043022119 | B10: 78043046 | C10: =LOG(A10) -> -2.3663082 | D10: =LOG(B10) -> 7.8923342 | E10: =D10-$H$8-$H$6*C10 -> -0.030739742 | H10: =CORREL(C2:C1001,D2:D1001)^2 -> 0.99520972
A11: 0.0043229052 | B11: 76865643 | C11: =LOG(A11) -> -2.3642243 | D11: =LOG(B11) -> 7.8857323 | E11: =D11-$H$8-$H$6*C11 -> -0.028902569
A12: 0.004343698 | B12: 75706004 | C12: =LOG(A12) -> -2.3621404 | D12: =LOG(B12) -> 7.8791303 | E12: =D12-$H$8-$H$6*C12 -> -0.027065396
A13: 0.0043645908 | B13: 74563859 | C13: =LOG(A13) -> -2.3600565 | D13: =LOG(B13) -> 7.8725284 | E13: =D13-$H$8-$H$6*C13 -> -0.025228223
A14: 0.0043855841 | B14: 73438945 | C14: =LOG(A14) -> -2.3579726 | D14: =LOG(B14) -> 7.8659264 | E14: =D14-$H$8-$H$6*C14 -> -0.02339105
A15: 0.0044066784 | B15: 72331003 | C15: =LOG(A15) -> -2.3558886 | D15: =LOG(B15) -> 7.8593245 | E15: =D15-$H$8-$H$6*C15 -> -0.021553877
A16: 0.0044278741 | B16: 71239775 | C16: =LOG(A16) -> -2.3538047 | D16: =LOG(B16) -> 7.8527225 | E16: =D16-$H$8-$H$6*C16 -> -0.019716704
A17: 0.0044491718 | B17: 70165011 | C17: =LOG(A17) -> -2.3517208 | D17: =LOG(B17) -> 7.8461206 | E17: =D17-$H$8-$H$6*C17 -> -0.017879531
A18: 0.0044705719 | B18: 69106461 | C18: =LOG(A18) -> -2.3496369 | D18: =LOG(B18) -> 7.8395187 | E18: =D18-$H$8-$H$6*C18 -> -0.016042357
A19: 0.004492075 | B19: 68063881 | C19: =LOG(A19) -> -2.347553 | D19: =LOG(B19) -> 7.8329167 | E19: =D19-$H$8-$H$6*C19 -> -0.014205184
A20: 0.0045136815 | B20: 67037029 | C20: =LOG(A20) -> -2.3454691 | D20: =LOG(B20) -> 7.8263148 | E20: =D20-$H$8-$H$6*C20 -> -0.012368011
A21: 0.0045353919 | B21: 66025670 | C21: =LOG(A21) -> -2.3433852 | D21: =LOG(B21) -> 7.8197128 | E21: =D21-$H$8-$H$6*C21 -> -0.010530838
A22: 0.0045572068 | B22: 65029568 | C22: =LOG(A22) -> -2.3413013 | D22: =LOG(B22) -> 7.8131109 | E22: =D22-$H$8-$H$6*C22 -> -0.008693665
... A1001: 0.49985981 | B1001: 0.4137525 | C1001: =LOG(A1001) -> -0.30115178 | D1001: =LOG(B1001) -> -0.38325937 | E1001: =D1001-$H$8-$H$6*C1001 -> 0.056832715

Sheet efbm_H1Mach1_1
A1: k | B1: P(k) | C1: log(k) | D1: log(P(k)) | E1: Residuos | F1: Archivo | G1: H | H1: Mach | I1: beta | J1: beta_err | K1: intercept | L1: intercept_err
A2: 0.0041401922 | B2: 1.7014702e+08 | C2: =LOG(A2) -> -2.3829795 | D2: =LOG(B2) -> 8.2308244 | E2: =D2-$H$8-$H$6*C2 -> -0.11704049 | F2: efbm_H1Mach1_1.fits | G2: 1 | H2: 1 | I2: -3.9893761 | J2: 0.01847591 | K2: -1.3412665 | L2: 0.2222083
A3: 0.0041601062 | B3: 1.6987591e+08 | C3: =LOG(A3) -> -2.3808956 | D3: =LOG(B3) -> 8.2301318 | E3: =D3-$H$8-$H$6*C3 -> -0.10905412
A4: 0.0041801159 | B4: 1.6960523e+08 | C4: =LOG(A4) -> -2.3788117 | D4: =LOG(B4) -> 8.2294392 | E4: =D4-$H$8-$H$6*C4 -> -0.10106775 | H4: Ajuste: log P(k)=a+b log(k)
A5: 0.0042002219 | B5: 1.6933497e+08 | C5: =LOG(A5) -> -2.3767278 | D5: =LOG(B5) -> 8.2287467 | E5: =D5-$H$8-$H$6*C5 -> -0.09308138 | H5: Pendiente (b)
A6: 0.0042204246 | B6: 1.6906515e+08 | C6: =LOG(A6) -> -2.3746439 | D6: =LOG(B6) -> 8.2280541 | E6: =D6-$H$8-$H$6*C6 -> -0.08509501 | H6: =SLOPE(D2:D1001,C2:C1001) -> -4.1647314
A7: 0.0042407245 | B7: 1.6879576e+08 | C7: =LOG(A7) -> -2.3725599 | D7: =LOG(B7) -> 8.2273615 | E7: =D7-$H$8-$H$6*C7 -> -0.07710864 | H7: Intersección eje y (a)
A8: 0.004261122 | B8: 1.685268e+08 | C8: =LOG(A8) -> -2.370476 | D8: =LOG(B8) -> 8.226669 | E8: =D8-$H$8-$H$6*C8 -> -0.069122271 | H8: =INTERCEPT(D2:D1001,C2:C1001) -> -1.5766048
A9: 0.0042816177 | B9: 1.6825827e+08 | C9: =LOG(A9) -> -2.3683921 | D9: =LOG(B9) -> 8.2259764 | E9: =D9-$H$8-$H$6*C9 -> -0.061135901 | H9: R2
A10: 0.0043022119 | B10: 1.6799016e+08 | C10: =LOG(A10) -> -2.3663082 | D10: =LOG(B10) -> 8.2252839 | E10: =D10-$H$8-$H$6*C10 -> -0.053149532 | H10: =CORREL(C2:C1001,D2:D1001)^2 -> 0.99394344
A11: 0.0043229052 | B11: 1.6772249e+08 | C11: =LOG(A11) -> -2.3642243 | D11: =LOG(B11) -> 8.2245913 | E11: =D11-$H$8-$H$6*C11 -> -0.045163162
A12: 0.004343698 | B12: 1.6745523e+08 | C12: =LOG(A12) -> -2.3621404 | D12: =LOG(B12) -> 8.2238987 | E12: =D12-$H$8-$H$6*C12 -> -0.037176792
A13: 0.0043645908 | B13: 1.6718841e+08 | C13: =LOG(A13) -> -2.3600565 | D13: =LOG(B13) -> 8.2232062 | E13: =D13-$H$8-$H$6*C13 -> -0.029190423
A14: 0.0043855841 | B14: 1.6692201e+08 | C14: =LOG(A14) -> -2.3579726 | D14: =LOG(B14) -> 8.2225136 | E14: =D14-$H$8-$H$6*C14 -> -0.021204053
A15: 0.0044066784 | B15: 1.6665603e+08 | C15: =LOG(A15) -> -2.3558886 | D15: =LOG(B15) -> 8.221821 | E15: =D15-$H$8-$H$6*C15 -> -0.013217683
A16: 0.0044278741 | B16: 1.6639048e+08 | C16: =LOG(A16) -> -2.3538047 | D16: =LOG(B16) -> 8.2211285 | E16: =D16-$H$8-$H$6*C16 -> -0.0052313138
A17: 0.0044491718 | B17: 1.6612535e+08 | C17: =LOG(A17) -> -2.3517208 | D17: =LOG(B17) -> 8.2204359 | E17: =D17-$H$8-$H$6*C17 -> 0.0027550559
A18: 0.0044705719 | B18: 1.6586065e+08 | C18: =LOG(A18) -> -2.3496369 | D18: =LOG(B18) -> 8.2197434 | E18: =D18-$H$8-$H$6*C18 -> 0.010741425
A19: 0.004492075 | B19: 1.6559636e+08 | C19: =LOG(A19) -> -2.347553 | D19: =LOG(B19) -> 8.2190508 | E19: =D19-$H$8-$H$6*C19 -> 0.018727795
A20: 0.0045136815 | B20: 1.653325e+08 | C20: =LOG(A20) -> -2.3454691 | D20: =LOG(B20) -> 8.2183582 | E20: =D20-$H$8-$H$6*C20 -> 0.026714165
A21: 0.0045353919 | B21: 1.6506905e+08 | C21: =LOG(A21) -> -2.3433852 | D21: =LOG(B21) -> 8.2176657 | E21: =D21-$H$8-$H$6*C21 -> 0.034700534
A22: 0.0045572068 | B22: 1.6480603e+08 | C22: =LOG(A22) -> -2.3413013 | D22: =LOG(B22) -> 8.2169731 | E22: =D22-$H$8-$H$6*C22 -> 0.042686904
... A1001: 0.49985981 | B1001: 0.63549061 | C1001: =LOG(A1001) -> -0.30115178 | D1001: =LOG(B1001) -> -0.19689086 | E1001: =D1001-$H$8-$H$6*C1001 -> 0.12549764

Sheet efbm_H1Mach1_2
A1: k | B1: P(k) | C1: log(k) | D1: log(P(k)) | E1: Residuos | F1: Archivo | G1: H | H1: Mach | I1: beta | J1: beta_err | K1: intercept | L1: intercept_err
A2: 0.0041401922 | B2: 1.2436529e+08 | C2: =LOG(A2) -> -2.3829795 | D2: =LOG(B2) -> 8.0946992 | E2: =D2-$H$8-$H$6*C2 -> 0.21792551 | F2: efbm_H1Mach1_2.fits | G2: 1 | H2: 1 | I2: -3.9753065 | J2: 0.016461444 | K2: -1.5411591 | L2: 0.18724693
A3: 0.0041601062 | B3: 1.1851253e+08 | C3: =LOG(A3) -> -2.3808956 | D3: =LOG(B3) -> 8.0737643 | E3: =D3-$H$8-$H$6*C3 -> 0.20516438
A4: 0.0041801159 | B4: 1.1293521e+08 | C4: =LOG(A4) -> -2.3788117 | D4: =LOG(B4) -> 8.0528293 | E4: =D4-$H$8-$H$6*C4 -> 0.19240325 | H4: Ajuste: log P(k)=a+b log(k)
A5: 0.0042002219 | B5: 1.0762036e+08 | C5: =LOG(A5) -> -2.3767278 | D5: =LOG(B5) -> 8.0318944 | E5: =D5-$H$8-$H$6*C5 -> 0.17964212 | H5: Pendiente (b)
A6: 0.0042204246 | B6: 1.0255563e+08 | C6: =LOG(A6) -> -2.3746439 | D6: =LOG(B6) -> 8.0109595 | E6: =D6-$H$8-$H$6*C6 -> 0.166881 | H6: =SLOPE(D2:D1001,C2:C1001) -> -3.9223328
A7: 0.0042407245 | B7: 97729254 | C7: =LOG(A7) -> -2.3725599 | D7: =LOG(B7) -> 7.9900246 | E7: =D7-$H$8-$H$6*C7 -> 0.15411987 | H7: Intersección eje y (a)
A8: 0.004261122 | B8: 93130012 | C8: =LOG(A8) -> -2.370476 | D8: =LOG(B8) -> 7.9690897 | E8: =D8-$H$8-$H$6*C8 -> 0.14135874 | H8: =INTERCEPT(D2:D1001,C2:C1001) -> -1.4700649
A9: 0.0042816177 | B9: 88747216 | C9: =LOG(A9) -> -2.3683921 | D9: =LOG(B9) -> 7.9481547 | E9: =D9-$H$8-$H$6*C9 -> 0.12859761 | H9: R2
A10: 0.0043022119 | B10: 84570679 | C10: =LOG(A10) -> -2.3663082 | D10: =LOG(B10) -> 7.9272198 | E10: =D10-$H$8-$H$6*C10 -> 0.11583649 | H10: =CORREL(C2:C1001,D2:D1001)^2 -> 0.99392213
A11: 0.0043229052 | B11: 80590694 | C11: =LOG(A11) -> -2.3642243 | D11: =LOG(B11) -> 7.9062849 | E11: =D11-$H$8-$H$6*C11 -> 0.10307536
A12: 0.004343698 | B12: 76798011 | C12: =LOG(A12) -> -2.3621404 | D12: =LOG(B12) -> 7.88535 | E12: =D12-$H$8-$H$6*C12 -> 0.090314232
A13: 0.0043645908 | B13: 73183816 | C13: =LOG(A13) -> -2.3600565 | D13: =LOG(B13) -> 7.864415 | E13: =D13-$H$8-$H$6*C13 -> 0.077553104
A14: 0.0043855841 | B14: 69739708 | C14: =LOG(A14) -> -2.3579726 | D14: =LOG(B14) -> 7.8434801 | E14: =D14-$H$8-$H$6*C14 -> 0.064791977
A15: 0.0044066784 | B15: 66457684 | C15: =LOG(A15) -> -2.3558886 | D15: =LOG(B15) -> 7.8225452 | E15: =D15-$H$8-$H$6*C15 -> 0.05203085
A16: 0.0044278741 | B16: 63330116 | C16: =LOG(A16) -> -2.3538047 | D16: =LOG(B16) -> 7.8016103 | E16: =D16-$H$8-$H$6*C16 -> 0.039269722
A17: 0.0044491718 | B17: 60349734 | C17: =LOG(A17) -> -2.3517208 | D17: =LOG(B17) -> 7.7806754 | E17: =D17-$H$8-$H$6*C17 -> 0.026508595
A18: 0.0044705719 | B18: 57509612 | C18: =LOG(A18) -> -2.3496369 | D18: =LOG(B18) -> 7.7597404 | E18: =D18-$H$8-$H$6*C18 -> 0.013747467
A19: 0.004492075 | B19: 54803149 | C19: =LOG(A19) -> -2.347553 | D19: =LOG(B19) -> 7.7388055 | E19: =D19-$H$8-$H$6*C19 -> 0.00098634008
A20: 0.0045136815 | B20: 52224055 | C20: =LOG(A20) -> -2.3454691 | D20: =LOG(B20) -> 7.7178706 | E20: =D20-$H$8-$H$6*C20 -> -0.011774787
A21: 0.0045353919 | B21: 49766336 | C21: =LOG(A21) -> -2.3433852 | D21: =LOG(B21) -> 7.6969357 | E21: =D21-$H$8-$H$6*C21 -> -0.024535915
A22: 0.0045572068 | B22: 47424280 | C22: =LOG(A22) -> -2.3413013 | D22: =LOG(B22) -> 7.6760007 | E22: =D22-$H$8-$H$6*C22 -> -0.037297042
... A1001: 0.49985981 | B1001: 0.26883429 | C1001: =LOG(A1001) -> -0.30115178 | D1001: =LOG(B1001) -> -0.57051534 | E1001: =D1001-$H$8-$H$6*C1001 -> -0.28166795

Sheet efbm_H1Mach1_3
A1: k | B1: P(k) | C1: log(k) | D1: log(P(k)) | E1: Residuos | F1: Archivo | G1: H | H1: Mach | I1: beta | J1: beta_err | K1: intercept | L1: intercept_err
A2: 0.0041401922 | B2: 2.1475392e+08 | C2: =LOG(A2) -> -2.3829795 | D2: =LOG(B2) -> 8.3319411 | E2: =D2-$H$8-$H$6*C2 -> 0.18268353 | F2: efbm_H1Mach1_3.fits | G2: 1 | H2: 1 | I2: -4.0106297 | J2: 0.019292371 | K2: -1.7027697 | L2: 0.25691669
A3: 0.0041601062 | B3: 2.0869735e+08 | C3: =LOG(A3) -> -2.3808956 | D3: =LOG(B3) -> 8.3195169 | E3: =D3-$H$8-$H$6*C3 -> 0.17920731
A4: 0.0041801159 | B4: 2.0281159e+08 | C4: =LOG(A4) -> -2.3788117 | D4: =LOG(B4) -> 8.3070928 | E4: =D4-$H$8-$H$6*C4 -> 0.17573109 | H4: Ajuste: log P(k)=a+b log(k)
A5: 0.0042002219 | B5: 1.9709182e+08 | C5: =LOG(A5) -> -2.3767278 | D5: =LOG(B5) -> 8.2946686 | E5: =D5-$H$8-$H$6*C5 -> 0.17225487 | H5: Pendiente (b)
A6: 0.0042204246 | B6: 1.9153336e+08 | C6: =LOG(A6) -> -2.3746439 | D6: =LOG(B6) -> 8.2822444 | E6: =D6-$H$8-$H$6*C6 -> 0.16877864 | H6: =SLOPE(D2:D1001,C2:C1001) -> -4.2938221
A7: 0.0042407245 | B7: 1.8613167e+08 | C7: =LOG(A7) -> -2.3725599 | D7: =LOG(B7) -> 8.2698203 | E7: =D7-$H$8-$H$6*C7 -> 0.16530242 | H7: Intersección eje y (a)
A8: 0.004261122 | B8: 1.8088231e+08 | C8: =LOG(A8) -> -2.370476 | D8: =LOG(B8) -> 8.2573961 | E8: =D8-$H$8-$H$6*C8 -> 0.1618262 | H8: =INTERCEPT(D2:D1001,C2:C1001) -> -2.0828325
A9: 0.0042816177 | B9: 1.75781e+08 | C9: =LOG(A9) -> -2.3683921 | D9: =LOG(B9) -> 8.2449719 | E9: =D9-$H$8-$H$6*C9 -> 0.15834998 | H9: R2
A10: 0.0043022119 | B10: 1.7082356e+08 | C10: =LOG(A10) -> -2.3663082 | D10: =LOG(B10) -> 8.2325478 | E10: =D10-$H$8-$H$6*C10 -> 0.15487376 | H10: =CORREL(C2:C1001,D2:D1001)^2 -> 0.99448761
A11: 0.0043229052 | B11: 1.6600593e+08 | C11: =LOG(A11) -> -2.3642243 | D11: =LOG(B11) -> 8.2201236 | E11: =D11-$H$8-$H$6*C11 -> 0.15139753
A12: 0.004343698 | B12: 1.6132417e+08 | C12: =LOG(A12) -> -2.3621404 | D12: =LOG(B12) -> 8.2076994 | E12: =D12-$H$8-$H$6*C12 -> 0.14792131
A13: 0.0043645908 | B13: 1.5677444e+08 | C13: =LOG(A13) -> -2.3600565 | D13: =LOG(B13) -> 8.1952753 | E13: =D13-$H$8-$H$6*C13 -> 0.14444509
A14: 0.0043855841 | B14: 1.5235303e+08 | C14: =LOG(A14) -> -2.3579726 | D14: =LOG(B14) -> 8.1828511 | E14: =D14-$H$8-$H$6*C14 -> 0.14096887
A15: 0.0044066784 | B15: 1.4805631e+08 | C15: =LOG(A15) -> -2.3558886 | D15: =LOG(B15) -> 8.1704269 | E15: =D15-$H$8-$H$6*C15 -> 0.13749265
A16: 0.0044278741 | B16: 1.4388077e+08 | C16: =LOG(A16) -> -2.3538047 | D16: =LOG(B16) -> 8.1580028 | E16: =D16-$H$8-$H$6*C16 -> 0.13401642
A17: 0.0044491718 | B17: 1.3982299e+08 | C17: =LOG(A17) -> -2.3517208 | D17: =LOG(B17) -> 8.1455786 | E17: =D17-$H$8-$H$6*C17 -> 0.1305402
A18: 0.0044705719 | B18: 1.3587965e+08 | C18: =LOG(A18) -> -2.3496369 | D18: =LOG(B18) -> 8.1331544 | E18: =D18-$H$8-$H$6*C18 -> 0.12706398
A19: 0.004492075 | B19: 1.3204752e+08 | C19: =LOG(A19) -> -2.347553 | D19: =LOG(B19) -> 8.1207303 | E19: =D19-$H$8-$H$6*C19 -> 0.12358776
A20: 0.0045136815 | B20: 1.2832347e+08 | C20: =LOG(A20) -> -2.3454691 | D20: =LOG(B20) -> 8.1083061 | E20: =D20-$H$8-$H$6*C20 -> 0.12011154
A21: 0.0045353919 | B21: 1.2470444e+08 | C21: =LOG(A21) -> -2.3433852 | D21: =LOG(B21) -> 8.0958819 | E21: =D21-$H$8-$H$6*C21 -> 0.11663531
A22: 0.0045572068 | B22: 1.2118748e+08 | C22: =LOG(A22) -> -2.3413013 | D22: =LOG(B22) -> 8.0834577 | E22: =D22-$H$8-$H$6*C22 -> 0.11315909
... A1001: 0.49985981 | B1001: 0.21369782 | C1001: =LOG(A1001) -> -0.30115178 | D1001: =LOG(B1001) -> -0.67019991 | E1001: =D1001-$H$8-$H$6*C1001 -> 0.11954041

Sheet efbm_H1Mach1_4
A1: k | B1: P(k) | C1: log(k) | D1: log(P(k)) | E1: Residuos | F1: Archivo | G1: H | H1: Mach | I1: beta | J1: beta_err | K1: intercept | L1: intercept_err
A2: 0.0041401922 | B2: 62610628 | C2: =LOG(A2) -> -2.3829795 | D2: =LOG(B2) -> 7.7966481 | E2: =D2-$H$8-$H$6*C2 -> -0.16839957 | F2: efbm_H1Mach1_4.fits | G2: 1 | H2: 1 | I2: -3.9563349 | J2: 0.019743721 | K2: -1.3643328 | L2: 0.20759389
A3: 0.0041601062 | B3: 61624378 | C3: =LOG(A3) -> -2.3808956 | D3: =LOG(B3) -> 7.7897526 | E3: =D3-$H$8-$H$6*C3 -> -0.16724759
A4: 0.0041801159 | B4: 60653664 | C4: =LOG(A4) -> -2.3788117 | D4: =LOG(B4) -> 7.782857 | E4: =D4-$H$8-$H$6*C4 -> -0.16609562 | H4: Ajuste: log P(k)=a+b log(k)
A5: 0.0042002219 | B5: 59698240 | C5: =LOG(A5) -> -2.3767278 | D5: =LOG(B5) -> 7.7759615 | E5: =D5-$H$8-$H$6*C5 -> -0.16494364 | H5: Pendiente (b)
A6: 0.0042204246 | B6: 58757867 | C6: =LOG(A6) -> -2.3746439 | D6: =LOG(B6) -> 7.769066 | E6: =D6-$H$8-$H$6*C6 -> -0.16379167 | H6: =SLOPE(D2:D1001,C2:C1001) -> -3.8617214
A7: 0.0042407245 | B7: 57832306 | C7: =LOG(A7) -> -2.3725599 | D7: =LOG(B7) -> 7.7621705 | E7: =D7-$H$8-$H$6*C7 -> -0.16263969 | H7: Intersección eje y (a)
A8: 0.004261122 | B8: 56921325 | C8: =LOG(A8) -> -2.370476 | D8: =LOG(B8) -> 7.755275 | E8: =D8-$H$8-$H$6*C8 -> -0.16148772 | H8: =INTERCEPT(D2:D1001,C2:C1001) -> -1.2373553
A9: 0.0042816177 | B9: 56024693 | C9: =LOG(A9) -> -2.3683921 | D9: =LOG(B9) -> 7.7483795 | E9: =D9-$H$8-$H$6*C9 -> -0.16033574 | H9: R2
A10: 0.0043022119 | B10: 55142186 | C10: =LOG(A10) -> -2.3663082 | D10: =LOG(B10) -> 7.741484 | E10: =D10-$H$8-$H$6*C10 -> -0.15918376 | H10: =CORREL(C2:C1001,D2:D1001)^2 -> 0.99266912
A11: 0.0043229052 | B11: 54273580 | C11: =LOG(A11) -> -2.3642243 | D11: =LOG(B11) -> 7.7345885 | E11: =D11-$H$8-$H$6*C11 -> -0.15803179
A12: 0.004343698 | B12: 53418656 | C12: =LOG(A12) -> -2.3621404 | D12: =LOG(B12) -> 7.727693 | E12: =D12-$H$8-$H$6*C12 -> -0.15687981
A13: 0.0043645908 | B13: 52577199 | C13: =LOG(A13) -> -2.3600565 | D13: =LOG(B13) -> 7.7207974 | E13: =D13-$H$8-$H$6*C13 -> -0.15572784
A14: 0.0043855841 | B14: 51748997 | C14: =LOG(A14) -> -2.3579726 | D14: =LOG(B14) -> 7.7139019 | E14: =D14-$H$8-$H$6*C14 -> -0.15457586
A15: 0.0044066784 | B15: 50933841 | C15: =LOG(A15) -> -2.3558886 | D15: =LOG(B15) -> 7.7070064 | E15: =D15-$H$8-$H$6*C15 -> -0.15342389
A16: 0.0044278741 | B16: 50131525 | C16: =LOG(A16) -> -2.3538047 | D16: =LOG(B16) -> 7.7001109 | E16: =D16-$H$8-$H$6*C16 -> -0.15227191
A17: 0.0044491718 | B17: 49341847 | C17: =LOG(A17) -> -2.3517208 | D17: =LOG(B17) -> 7.6932154 | E17: =D17-$H$8-$H$6*C17 -> -0.15111994
A18: 0.0044705719 | B18: 48564609 | C18: =LOG(A18) -> -2.3496369 | D18: =LOG(B18) -> 7.6863199 | E18: =D18-$H$8-$H$6*C18 -> -0.14996796
A19: 0.004492075 | B19: 47799613 | C19: =LOG(A19) -> -2.347553 | D19: =LOG(B19) -> 7.6794244 | E19: =D19-$H$8-$H$6*C19 -> -0.14881598
A20: 0.0045136815 | B20: 47046668 | C20: =LOG(A20) -> -2.3454691 | D20: =LOG(B20) -> 7.6725289 | E20: =D20-$H$8-$H$6*C20 -> -0.14766401
A21: 0.0045353919 | B21: 46305583 | C21: =LOG(A21) -> -2.3433852 | D21: =LOG(B21) -> 7.6656334 | E21: =D21-$H$8-$H$6*C21 -> -0.14651203
A22: 0.0045572068 | B22: 45576172 | C22: =LOG(A22) -> -2.3413013 | D22: =LOG(B22) -> 7.6587379 | E22: =D22-$H$8-$H$6*C22 -> -0.14536006
... A1001: 0.49985981 | B1001: 0.85809085 | C1001: =LOG(A1001) -> -0.30115178 | D1001: =LOG(B1001) -> -0.066466731 | E1001: =D1001-$H$8-$H$6*C1001 -> 0.0079243237

Sheet efbm_H1Mach1_5
A1: k | B1: P(k) | C1: log(k) | D1: log(P(k)) | E1: Residuos | F1: Archivo | G1: H | H1: Mach | I1: beta | J1: beta_err | K1: intercept | L1: intercept_err
A2: 0.0041401922 | B2: 1.4786842e+08 | C2: =LOG(A2) -> -2.3829795 | D2: =LOG(B2) -> 8.1698754 | E2: =D2-$H$8-$H$6*C2 -> -0.43343109 | F2: efbm_H1Mach1_5.fits | G2: 1 | H2: 1 | I2: -4.0161235 | J2: 0.017180395 | K2: -1.0753712 | L2: 0.16837048
A3: 0.0041601062 | B3: 1.4777732e+08 | C3: =LOG(A3) -> -2.3808956 | D3: =LOG(B3) -> 8.1696078 | E3: =D3-$H$8-$H$6*C3 -> -0.4251126
A4: 0.0041801159 | B4: 1.4768627e+08 | C4: =LOG(A4) -> -2.3788117 | D4: =LOG(B4) -> 8.1693401 | E4: =D4-$H$8-$H$6*C4 -> -0.41679411 | H4: Ajuste: log P(k)=a+b log(k)
A5: 0.0042002219 | B5: 1.4759529e+08 | C5: =LOG(A5) -> -2.3767278 | D5: =LOG(B5) -> 8.1690725 | E5: =D5-$H$8-$H$6*C5 -> -0.40847562 | H5: Pendiente (b)
A6: 0.0042204246 | B6: 1.4750435e+08 | C6: =LOG(A6) -> -2.3746439 | D6: =LOG(B6) -> 8.1688048 | E6: =D6-$H$8-$H$6*C6 -> -0.40015713 | H6: =SLOPE(D2:D1001,C2:C1001) -> -4.1202031
A7: 0.0042407245 | B7: 1.4741348e+08 | C7: =LOG(A7) -> -2.3725599 | D7: =LOG(B7) -> 8.1685372 | E7: =D7-$H$8-$H$6*C7 -> -0.39183863 | H7: Intersección eje y (a)
A8: 0.004261122 | B8: 1.4732266e+08 | C8: =LOG(A8) -> -2.370476 | D8: =LOG(B8) -> 8.1682695 | E8: =D8-$H$8-$H$6*C8 -> -0.38352014 | H8: =INTERCEPT(D2:D1001,C2:C1001) -> -1.2150529
A9: 0.0042816177 | B9: 1.4723189e+08 | C9: =LOG(A9) -> -2.3683921 | D9: =LOG(B9) -> 8.1680019 | E9: =D9-$H$8-$H$6*C9 -> -0.37520165 | H9: R2
A10: 0.0043022119 | B10: 1.4714118e+08 | C10: =LOG(A10) -> -2.3663082 | D10: =LOG(B10) -> 8.1677342 | E10: =D10-$H$8-$H$6*C10 -> -0.36688316 | H10: =CORREL(C2:C1001,D2:D1001)^2 -> 0.99603943
A11: 0.0043229052 | B11: 1.4705053e+08 | C11: =LOG(A11) -> -2.3642243 | D11: =LOG(B11) -> 8.1674666 | E11: =D11-$H$8-$H$6*C11 -> -0.35856467
A12: 0.004343698 | B12: 1.4695993e+08 | C12: =LOG(A12) -> -2.3621404 | D12: =LOG(B12) -> 8.1671989 | E12: =D12-$H$8-$H$6*C12 -> -0.35024618
A13: 0.0043645908 | B13: 1.4686939e+08 | C13: =LOG(A13) -> -2.3600565 | D13: =LOG(B13) -> 8.1669313 | E13: =D13-$H$8-$H$6*C13 -> -0.34192769
A14: 0.0043855841 | B14: 1.4677891e+08 | C14: =LOG(A14) -> -2.3579726 | D14: =LOG(B14) -> 8.1666637 | E14: =D14-$H$8-$H$6*C14 -> -0.3336092
A15: 0.0044066784 | B15: 1.4668848e+08 | C15: =LOG(A15) -> -2.3558886 | D15: =LOG(B15) -> 8.166396 | E15: =D15-$H$8-$H$6*C15 -> -0.32529071
A16: 0.0044278741 | B16: 1.465981e+08 | C16: =LOG(A16) -> -2.3538047 | D16: =LOG(B16) -> 8.1661284 | E16: =D16-$H$8-$H$6*C16 -> -0.31697222
A17: 0.0044491718 | B17: 1.4650779e+08 | C17: =LOG(A17) -> -2.3517208 | D17: =LOG(B17) -> 8.1658607 | E17: =D17-$H$8-$H$6*C17 -> -0.30865373
A18: 0.0044705719 | B18: 1.4641752e+08 | C18: =LOG(A18) -> -2.3496369 | D18: =LOG(B18) -> 8.1655931 | E18: =D18-$H$8-$H$6*C18 -> -0.30033523
A19: 0.004492075 | B19: 1.4632732e+08 | C19: =LOG(A19) -> -2.347553 | D19: =LOG(B19) -> 8.1653254 | E19: =D19-$H$8-$H$6*C19 -> -0.29201674
A20: 0.0045136815 | B20: 1.4623717e+08 | C20: =LOG(A20) -> -2.3454691 | D20: =LOG(B20) -> 8.1650578 | E20: =D20-$H$8-$H$6*C20 -> -0.28369825
A21: 0.0045353919 | B21: 1.4614707e+08 | C21: =LOG(A21) -> -2.3433852 | D21: =LOG(B21) -> 8.1647901 | E21: =D21-$H$8-$H$6*C21 -> -0.27537976
A22: 0.0045572068 | B22: 1.4605703e+08 | C22: =LOG(A22) -> -2.3413013 | D22: =LOG(B22) -> 8.1645225 | E22: =D22-$H$8-$H$6*C22 -> -0.26706127
... A1001: 0.49985981 | B1001: 1.8652729 | C1001: =LOG(A1001) -> -0.30115178 | D1001: =LOG(B1001) -> 0.27074238 | E1001: =D1001-$H$8-$H$6*C1001 -> 0.24498878

Sheet efbm_H1Mach1_6
A1: k | B1: P(k) | C1: log(k) | D1: log(P(k)) | E1: Residuos | F1: Archivo | G1: H | H1: Mach | I1: beta | J1: beta_err | K1: intercept | L1: intercept_err
A2: 0.0041401922 | B2: 61651191 | C2: =LOG(A2) -> -2.3829795 | D2: =LOG(B2) -> 7.7899415 | E2: =D2-$H$8-$H$6*C2 -> 0.20360532 | F2: efbm_H1Mach1_6.fits | G2: 1 | H2: 1 | I2: -3.9116931 | J2: 0.018753505 | K2: -1.8072154 | L2: 0.1795094
A3: 0.0041601062 | B3: 59449096 | C3: =LOG(A3) -> -2.3808956 | D3: =LOG(B3) -> 7.7741453 | E3: =D3-$H$8-$H$6*C3 -> 0.196105
A4: 0.0041801159 | B4: 57325657 | C4: =LOG(A4) -> -2.3788117 | D4: =LOG(B4) -> 7.758349 | E4: =D4-$H$8-$H$6*C4 -> 0.18860469 | H4: Ajuste: log P(k)=a+b log(k)
A5: 0.0042002219 | B5: 55278065 | C5: =LOG(A5) -> -2.3767278 | D5: =LOG(B5) -> 7.7425528 | E5: =D5-$H$8-$H$6*C5 -> 0.18110438 | H5: Pendiente (b)
A6: 0.0042204246 | B6: 53303609 | C6: =LOG(A6) -> -2.3746439 | D6: =LOG(B6) -> 7.7267566 | E6: =D6-$H$8-$H$6*C6 -> 0.17360407 | H6: =SLOPE(D2:D1001,C2:C1001) -> -3.9809275
A7: 0.0042407245 | B7: 51399679 | C7: =LOG(A7) -> -2.3725599 | D7: =LOG(B7) -> 7.7109604 | E7: =D7-$H$8-$H$6*C7 -> 0.16610375 | H7: Intersección eje y (a)
A8: 0.004261122 | B8: 49563754 | C8: =LOG(A8) -> -2.370476 | D8: =LOG(B8) -> 7.6951642 | E8: =D8-$H$8-$H$6*C8 -> 0.15860344 | H8: =INTERCEPT(D2:D1001,C2:C1001) -> -1.9001325
A9: 0.0042816177 | B9: 47793405 | C9: =LOG(A9) -> -2.3683921 | D9: =LOG(B9) -> 7.679368 | E9: =D9-$H$8-$H$6*C9 -> 0.15110313 | H9: R2
A10: 0.0043022119 | B10: 46086291 | C10: =LOG(A10) -> -2.3663082 | D10: =LOG(B10) -> 7.6635718 | E10: =D10-$H$8-$H$6*C10 -> 0.14360282 | H10: =CORREL(C2:C1001,D2:D1001)^2 -> 0.99471197
A11: 0.0043229052 | B11: 44440153 | C11: =LOG(A11) -> -2.3642243 | D11: =LOG(B11) -> 7.6477755 | E11: =D11-$H$8-$H$6*C11 -> 0.1361025
A12: 0.004343698 | B12: 42852813 | C12: =LOG(A12) -> -2.3621404 | D12: =LOG(B12) -> 7.6319793 | E12: =D12-$H$8-$H$6*C12 -> 0.12860219
A13: 0.0043645908 | B13: 41322170 | C13: =LOG(A13) -> -2.3600565 | D13: =LOG(B13) -> 7.6161831 | E13: =D13-$H$8-$H$6*C13 -> 0.12110188
A14: 0.0043855841 | B14: 39846200 | C14: =LOG(A14) -> -2.3579726 | D14: =LOG(B14) -> 7.6003869 | E14: =D14-$H$8-$H$6*C14 -> 0.11360157
A15: 0.0044066784 | B15: 38422949 | C15: =LOG(A15) -> -2.3558886 | D15: =LOG(B15) -> 7.5845907 | E15: =D15-$H$8-$H$6*C15 -> 0.10610125
A16: 0.0044278741 | B16: 37050535 | C16: =LOG(A16) -> -2.3538047 | D16: =LOG(B16) -> 7.5687945 | E16: =D16-$H$8-$H$6*C16 -> 0.09860094
A17: 0.0044491718 | B17: 35727141 | C17: =LOG(A17) -> -2.3517208 | D17: =LOG(B17) -> 7.5529983 | E17: =D17-$H$8-$H$6*C17 -> 0.091100628
A18: 0.0044705719 | B18: 34451017 | C18: =LOG(A18) -> -2.3496369 | D18: =LOG(B18) -> 7.5372021 | E18: =D18-$H$8-$H$6*C18 -> 0.083600315
A19: 0.004492075 | B19: 33220475 | C19: =LOG(A19) -> -2.347553 | D19: =LOG(B19) -> 7.5214058 | E19: =D19-$H$8-$H$6*C19 -> 0.076100003
A20: 0.0045136815 | B20: 32033886 | C20: =LOG(A20) -> -2.3454691 | D20: =LOG(B20) -> 7.5056096 | E20: =D20-$H$8-$H$6*C20 -> 0.06859969
A21: 0.0045353919 | B21: 30889680 | C21: =LOG(A21) -> -2.3433852 | D21: =LOG(B21) -> 7.4898134 | E21: =D21-$H$8-$H$6*C21 -> 0.061099377
A22: 0.0045572068 | B22: 29786344 | C22: =LOG(A22) -> -2.3413013 | D22: =LOG(B22) -> 7.4740172 | E22: =D22-$H$8-$H$6*C22 -> 0.053599065
... A1001: 0.49985981 | B1001: 0.23345779 | C1001: =LOG(A1001) -> -0.30115178 | D1001: =LOG(B1001) -> -0.63179162 | E1001: =D1001-$H$8-$H$6*C1001 -> 0.069477459

Sheet efbm_H1Mach1_7
A1: k | B1: P(k) | C1: log(k) | D1: log(P(k)) | E1: Residuos | F1: Archivo | G1: H | H1: Mach | I1: beta | J1: beta_err | K1: intercept | L1: intercept_err
A2: 0.0041401922 | B2: 1.0304416e+08 | C2: =LOG(A2) -> -2.3829795 | D2: =LOG(B2) -> 8.0130234 | E2: =D2-$H$8-$H$6*C2 -> 0.26460789 | F2: efbm_H1Mach1_7.fits | G2: 1 | H2: 1 | I2: -3.9855132 | J2: 0.017875864 | K2: -1.945219 | L2: 0.21696992
A3: 0.0041601062 | B3: 1.0107645e+08 | C3: =LOG(A3) -> -2.3808956 | D3: =LOG(B3) -> 8.00465 | E3: =D3-$H$8-$H$6*C3 -> 0.26493281
A4: 0.0041801159 | B4: 99146316 | C4: =LOG(A4) -> -2.3788117 | D4: =LOG(B4) -> 7.9962766 | E4: =D4-$H$8-$H$6*C4 -> 0.26525774 | H4: Ajuste: log P(k)=a+b log(k)
A5: 0.0042002219 | B5: 97253040 | C5: =LOG(A5) -> -2.3767278 | D5: =LOG(B5) -> 7.9879032 | E5: =D5-$H$8-$H$6*C5 -> 0.26558266 | H5: Pendiente (b)
A6: 0.0042204246 | B6: 95395916 | C6: =LOG(A6) -> -2.3746439 | D6: =LOG(B6) -> 7.9795298 | E6: =D6-$H$8-$H$6*C6 -> 0.26590759 | H6: =SLOPE(D2:D1001,C2:C1001) -> -4.1740381
A7: 0.0042407245 | B7: 93574256 | C7: =LOG(A7) -> -2.3725599 | D7: =LOG(B7) -> 7.9711564 | E7: =D7-$H$8-$H$6*C7 -> 0.26623252 | H7: Intersección eje y (a)
A8: 0.004261122 | B8: 91787382 | C8: =LOG(A8) -> -2.370476 | D8: =LOG(B8) -> 7.962783 | E8: =D8-$H$8-$H$6*C8 -> 0.26655744 | H8: =INTERCEPT(D2:D1001,C2:C1001) -> -2.1982317
A9: 0.0042816177 | B9: 90034630 | C9: =LOG(A9) -> -2.3683921 | D9: =LOG(B9) -> 7.9544096 | E9: =D9-$H$8-$H$6*C9 -> 0.26688237 | H9: R2
A10: 0.0043022119 | B10: 88315348 | C10: =LOG(A10) -> -2.3663082 | D10: =LOG(B10) -> 7.9460362 | E10: =D10-$H$8-$H$6*C10 -> 0.2672073 | H10: =CORREL(C2:C1001,D2:D1001)^2 -> 0.99460289
A11: 0.0043229052 | B11: 86628896 | C11: =LOG(A11) -> -2.3642243 | D11: =LOG(B11) -> 7.9376628 | E11: =D11-$H$8-$H$6*C11 -> 0.26753222
A12: 0.004343698 | B12: 84974649 | C12: =LOG(A12) -> -2.3621404 | D12: =LOG(B12) -> 7.9292894 | E12: =D12-$H$8-$H$6*C12 -> 0.26785715
A13: 0.0043645908 | B13: 83351992 | C13: =LOG(A13) -> -2.3600565 | D13: =LOG(B13) -> 7.920916 | E13: =D13-$H$8-$H$6*C13 -> 0.26818207
A14: 0.0043855841 | B14: 81760320 | C14: =LOG(A14) -> -2.3579726 | D14: =LOG(B14) -> 7.9125426 | E14: =D14-$H$8-$H$6*C14 -> 0.268507
A15: 0.0044066784 | B15: 80199042 | C15: =LOG(A15) -> -2.3558886 | D15: =LOG(B15) -> 7.9041692 | E15: =D15-$H$8-$H$6*C15 -> 0.26883193
A16: 0.0044278741 | B16: 78667578 | C16: =LOG(A16) -> -2.3538047 | D16: =LOG(B16) -> 7.8957958 | E16: =D16-$H$8-$H$6*C16 -> 0.26915685
A17: 0.0044491718 | B17: 77165359 | C17: =LOG(A17) -> -2.3517208 | D17: =LOG(B17) -> 7.8874224 | E17: =D17-$H$8-$H$6*C17 -> 0.26948178
A18: 0.0044705719 | B18: 75691826 | C18: =LOG(A18) -> -2.3496369 | D18: =LOG(B18) -> 7.879049 | E18: =D18-$H$8-$H$6*C18 -> 0.26980671
A19: 0.004492075 | B19: 74246431 | C19: =LOG(A19) -> -2.347553 | D19: =LOG(B19) -> 7.8706756 | E19: =D19-$H$8-$H$6*C19 -> 0.27013163
A20: 0.0045136815 | B20: 72828637 | C20: =LOG(A20) -> -2.3454691 | D20: =LOG(B20) -> 7.8623022 | E20: =D20-$H$8-$H$6*C20 -> 0.27045656
A21: 0.0045353919 | B21: 71437917 | C21: =LOG(A21) -> -2.3433852 | D21: =LOG(B21) -> 7.8539288 | E21: =D21-$H$8-$H$6*C21 -> 0.27078148
A22: 0.0045572068 | B22: 70073753 | C22: =LOG(A22) -> -2.3413013 | D22: =LOG(B22) -> 7.8455554 | E22: =D22-$H$8-$H$6*C22 -> 0.27110641
... A1001: 0.49985981 | B1001: 0.14712719 | C1001: =LOG(A1001) -> -0.30115178 | D1001: =LOG(B1001) -> -0.83230707 | E1001: =D1001-$H$8-$H$6*C1001 -> 0.10890562

Sheet efbm_H1Mach1_8
A1: k | B1: P(k) | C1: log(k) | D1: log(P(k)) | E1: Residuos | F1: Archivo | G1: H | H1: Mach | I1: beta | J1: beta_err | K1: intercept | L1: intercept_err
A2: 0.0041401922 | B2: 1.0713383e+08 | C2: =LOG(A2) -> -2.3829795 | D2: =LOG(B2) -> 8.0299266 | E2: =D2-$H$8-$H$6*C2 -> -0.051343952 | F2: efbm_H1Mach1_8.fits | G2: 1 | H2: 1 | I2: -3.9718041 | J2: 0.019683044 | K2: -1.6854752 | L2: 0.28295459
A3: 0.0041601062 | B3: 1.0695769e+08 | C3: =LOG(A3) -> -2.3808956 | D3: =LOG(B3) -> 8.029212 | E3: =D3-$H$8-$H$6*C3 -> -0.043177046
A4: 0.0041801159 | B4: 1.0678184e+08 | C4: =LOG(A4) -> -2.3788117 | D4: =LOG(B4) -> 8.0284974 | E4: =D4-$H$8-$H$6*C4 -> -0.035010141 | H4: Ajuste: log P(k)=a+b log(k)
A5: 0.0042002219 | B5: 1.0660628e+08 | C5: =LOG(A5) -> -2.3767278 | D5: =LOG(B5) -> 8.0277828 | E5: =D5-$H$8-$H$6*C5 -> -0.026843235 | H5: Pendiente (b)
A6: 0.0042204246 | B6: 1.06431e+08 | C6: =LOG(A6) -> -2.3746439 | D6: =LOG(B6) -> 8.0270681 | E6: =D6-$H$8-$H$6*C6 -> -0.018676329 | H6: =SLOPE(D2:D1001,C2:C1001) -> -4.2619512
A7: 0.0042407245 | B7: 1.0625601e+08 | C7: =LOG(A7) -> -2.3725599 | D7: =LOG(B7) -> 8.0263535 | E7: =D7-$H$8-$H$6*C7 -> -0.010509424 | H7: Intersección eje y (a)
A8: 0.004261122 | B8: 1.0608132e+08 | C8: =LOG(A8) -> -2.370476 | D8: =LOG(B8) -> 8.0256389 | E8: =D8-$H$8-$H$6*C8 -> -0.0023425181 | H8: =INTERCEPT(D2:D1001,C2:C1001) -> -2.0748717
A9: 0.0042816177 | B9: 1.059069e+08 | C9: =LOG(A9) -> -2.3683921 | D9: =LOG(B9) -> 8.0249243 | E9: =D9-$H$8-$H$6*C9 -> 0.0058243875 | H9: R2
A10: 0.0043022119 | B10: 1.0573278e+08 | C10: =LOG(A10) -> -2.3663082 | D10: =LOG(B10) -> 8.0242097 | E10: =D10-$H$8-$H$6*C10 -> 0.013991293 | H10: =CORREL(C2:C1001,D2:D1001)^2 -> 0.99251139
A11: 0.0043229052 | B11: 1.0555894e+08 | C11: =LOG(A11) -> -2.3642243 | D11: =LOG(B11) -> 8.023495 | E11: =D11-$H$8-$H$6*C11 -> 0.022158199
A12: 0.004343698 | B12: 1.0538539e+08 | C12: =LOG(A12) -> -2.3621404 | D12: =LOG(B12) -> 8.0227804 | E12: =D12-$H$8-$H$6*C12 -> 0.030325104
A13: 0.0043645908 | B13: 1.0521212e+08 | C13: =LOG(A13) -> -2.3600565 | D13: =LOG(B13) -> 8.0220658 | E13: =D13-$H$8-$H$6*C13 -> 0.03849201
A14: 0.0043855841 | B14: 1.0503914e+08 | C14: =LOG(A14) -> -2.3579726 | D14: =LOG(B14) -> 8.0213512 | E14: =D14-$H$8-$H$6*C14 -> 0.046658916
A15: 0.0044066784 | B15: 1.0486644e+08 | C15: =LOG(A15) -> -2.3558886 | D15: =LOG(B15) -> 8.0206365 | E15: =D15-$H$8-$H$6*C15 -> 0.054825821
A16: 0.0044278741 | B16: 1.0469403e+08 | C16: =LOG(A16) -> -2.3538047 | D16: =LOG(B16) -> 8.0199219 | E16: =D16-$H$8-$H$6*C16 -> 0.062992727
A17: 0.0044491718 | B17: 1.045219e+08 | C17: =LOG(A17) -> -2.3517208 | D17: =LOG(B17) -> 8.0192073 | E17: =D17-$H$8-$H$6*C17 -> 0.071159632
A18: 0.0044705719 | B18: 1.0435005e+08 | C18: =LOG(A18) -> -2.3496369 | D18: =LOG(B18) -> 8.0184927 | E18: =D18-$H$8-$H$6*C18 -> 0.079326538
A19: 0.004492075 | B19: 1.0417848e+08 | C19: =LOG(A19) -> -2.347553 | D19: =LOG(B19) -> 8.017778 | E19: =D19-$H$8-$H$6*C19 -> 0.087493444
A20: 0.0045136815 | B20: 1.040072e+08 | C20: =LOG(A20) -> -2.3454691 | D20: =LOG(B20) -> 8.0170634 | E20: =D20-$H$8-$H$6*C20 -> 0.095660349
A21: 0.0045353919 | B21: 1.038362e+08 | C21: =LOG(A21) -> -2.3433852 | D21: =LOG(B21) -> 8.0163488 | E21: =D21-$H$8-$H$6*C21 -> 0.10382725
A22: 0.0045572068 | B22: 1.0366548e+08 | C22: =LOG(A22) -> -2.3413013 | D22: =LOG(B22) -> 8.0156342 | E22: =D22-$H$8-$H$6*C22 -> 0.11199416
... A1001: 0.49985981 | B1001: 0.15581775 | C1001: =LOG(A1001) -> -0.30115178 | D1001: =LOG(B1001) -> -0.80738306 | E1001: =D1001-$H$8-$H$6*C1001 -> -0.01600558

Sheet efbm_H1Mach1_9
A1: k | B1: P(k) | C1: log(k) | D1: log(P(k)) | E1: Residuos | F1: Archivo | G1: H | H1: Mach | I1: beta | J1: beta_err | K1: intercept | L1: intercept_err
A2: 0.0041401922 | B2: 61441510 | C2: =LOG(A2) -> -2.3829795 | D2: =LOG(B2) -> 7.7884619 | E2: =D2-$H$8-$H$6*C2 -> 0.063982602 | F2: efbm_H1Mach1_9.fits | G2: 1 | H2: 1 | I2: -3.9861958 | J2: 0.018109061 | K2: -2.0473558 | L2: 0.25327609
A3: 0.0041601062 | B3: 61198997 | C3: =LOG(A3) -> -2.3808956 | D3: =LOG(B3) -> 7.7867443 | E3: =D3-$H$8-$H$6*C3 -> 0.071118082
A4: 0.0041801159 | B4: 60957442 | C4: =LOG(A4) -> -2.3788117 | D4: =LOG(B4) -> 7.7850267 | E4: =D4-$H$8-$H$6*C4 -> 0.078253563 | H4: Ajuste: log P(k)=a+b log(k)
A5: 0.0042002219 | B5: 60716841 | C5: =LOG(A5) -> -2.3767278 | D5: =LOG(B5) -> 7.7833092 | E5: =D5-$H$8-$H$6*C5 -> 0.085389044 | H5: Pendiente (b)
A6: 0.0042204246 | B6: 60477189 | C6: =LOG(A6) -> -2.3746439 | D6: =LOG(B6) -> 7.7815916 | E6: =D6-$H$8-$H$6*C6 -> 0.092524524 | H6: =SLOPE(D2:D1001,C2:C1001) -> -4.2482849
A7: 0.0042407245 | B7: 60238483 | C7: =LOG(A7) -> -2.3725599 | D7: =LOG(B7) -> 7.779874 | E7: =D7-$H$8-$H$6*C7 -> 0.099660005 | H7: Intersección eje y (a)
A8: 0.004261122 | B8: 60000720 | C8: =LOG(A8) -> -2.370476 | D8: =LOG(B8) -> 7.7781565 | E8: =D8-$H$8-$H$6*C8 -> 0.10679549 | H8: =INTERCEPT(D2:D1001,C2:C1001) -> -2.3990965
A9: 0.0042816177 | B9: 59763894 | C9: =LOG(A9) -> -2.3683921 | D9: =LOG(B9) -> 7.7764389 | E9: =D9-$H$8-$H$6*C9 -> 0.11393097 | H9: R2
A10: 0.0043022119 | B10: 59528004 | C10: =LOG(A10) -> -2.3663082 | D10: =LOG(B10) -> 7.7747213 | E10: =D10-$H$8-$H$6*C10 -> 0.12106645 | H10: =CORREL(C2:C1001,D2:D1001)^2 -> 0.99402034
A11: 0.0043229052 | B11: 59293044 | C11: =LOG(A11) -> -2.3642243 | D11: =LOG(B11) -> 7.7730038 | E11: =D11-$H$8-$H$6*C11 -> 0.12820193
A12: 0.004343698 | B12: 59059012 | C12: =LOG(A12) -> -2.3621404 | D12: =LOG(B12) -> 7.7712862 | E12: =D12-$H$8-$H$6*C12 -> 0.13533741
A13: 0.0043645908 | B13: 58825904 | C13: =LOG(A13) -> -2.3600565 | D13: =LOG(B13) -> 7.7695686 | E13: =D13-$H$8-$H$6*C13 -> 0.14247289
A14: 0.0043855841 | B14: 58593716 | C14: =LOG(A14) -> -2.3579726 | D14: =LOG(B14) -> 7.767851 | E14: =D14-$H$8-$H$6*C14 -> 0.14960837
A15: 0.0044066784 | B15: 58362444 | C15: =LOG(A15) -> -2.3558886 | D15: =LOG(B15) -> 7.7661335 | E15: =D15-$H$8-$H$6*C15 -> 0.15674385
A16: 0.0044278741 | B16: 58132085 | C16: =LOG(A16) -> -2.3538047 | D16: =LOG(B16) -> 7.7644159 | E16: =D16-$H$8-$H$6*C16 -> 0.16387933
A17: 0.0044491718 | B17: 57902636 | C17: =LOG(A17) -> -2.3517208 | D17: =LOG(B17) -> 7.7626983 | E17: =D17-$H$8-$H$6*C17 -> 0.17101481
A18: 0.0044705719 | B18: 57674092 | C18: =LOG(A18) -> -2.3496369 | D18: =LOG(B18) -> 7.7609808 | E18: =D18-$H$8-$H$6*C18 -> 0.17815029
A19: 0.004492075 | B19: 57446450 | C19: =LOG(A19) -> -2.347553 | D19: =LOG(B19) -> 7.7592632 | E19: =D19-$H$8-$H$6*C19 -> 0.18528577
A20: 0.0045136815 | B20: 57219706 | C20: =LOG(A20) -> -2.3454691 | D20: =LOG(B20) -> 7.7575456 | E20: =D20-$H$8-$H$6*C20 -> 0.19242125
A21: 0.0045353919 | B21: 56993858 | C21: =LOG(A21) -> -2.3433852 | D21: =LOG(B21) -> 7.7558281 | E21: =D21-$H$8-$H$6*C21 -> 0.19955673
A22: 0.0045572068 | B22: 56768901 | C22: =LOG(A22) -> -2.3413013 | D22: =LOG(B22) -> 7.7541105 | E22: =D22-$H$8-$H$6*C22 -> 0.20669221
... A1001: 0.49985981 | B1001: 0.13085717 | C1001: =LOG(A1001) -> -0.30115178 | D1001: =LOG(B1001) -> -0.88320247 | E1001: =D1001-$H$8-$H$6*C1001 -> 0.23651546

Sheet efbm_H1Mach2.5_0
A1: k | B1: P(k) | C1: log(k) | D1: log(P(k)) | E1: Residuos | F1: Archivo | G1: H | H1: Mach | I1: beta | J1: beta_err | K1: intercept | L1: intercept_err
A2: 0.0041401922 | B2: 3.5450376e+08 | C2: =LOG(A2) -> -2.3829795 | D2: =LOG(B2) -> 8.5496209 | E2: =D2-$H$8-$H$6*C2 -> -0.19579561 | F2: efbm_H1Mach2.5_0.fits | G2: 1 | H2: 2.5 | I2: -3.9619911 | J2: 0.01707815 | K2: -0.70833382 | L2: 0.15878808
A3: 0.0041601062 | B3: 3.4944518e+08 | C3: =LOG(A3) -> -2.3808956 | D3: =LOG(B3) -> 8.5433791 | E3: =D3-$H$8-$H$6*C3 -> -0.19375613
A4: 0.0041801159 | B4: 3.4445879e+08 | C4: =LOG(A4) -> -2.3788117 | D4: =LOG(B4) -> 8.5371373 | E4: =D4-$H$8-$H$6*C4 -> -0.19171664 | H4: Ajuste: log P(k)=a+b log(k)
A5: 0.0042002219 | B5: 3.3954354e+08 | C5: =LOG(A5) -> -2.3767278 | D5: =LOG(B5) -> 8.5308955 | E5: =D5-$H$8-$H$6*C5 -> -0.18967715 | H5: Pendiente (b)
A6: 0.0042204246 | B6: 3.3469844e+08 | C6: =LOG(A6) -> -2.3746439 | D6: =LOG(B6) -> 8.5246537 | E6: =D6-$H$8-$H$6*C6 -> -0.18763767 | H6: =SLOPE(D2:D1001,C2:C1001) -> -3.9739102
A7: 0.0042407245 | B7: 3.2992247e+08 | C7: =LOG(A7) -> -2.3725599 | D7: =LOG(B7) -> 8.5184119 | E7: =D7-$H$8-$H$6*C7 -> -0.18559818 | H7: Intersección eje y (a)
A8: 0.004261122 | B8: 3.2521465e+08 | C8: =LOG(A8) -> -2.370476 | D8: =LOG(B8) -> 8.5121701 | E8: =D8-$H$8-$H$6*C8 -> -0.18355869 | H8: =INTERCEPT(D2:D1001,C2:C1001) -> -0.72433011
A9: 0.0042816177 | B9: 3.2057401e+08 | C9: =LOG(A9) -> -2.3683921 | D9: =LOG(B9) -> 8.5059283 | E9: =D9-$H$8-$H$6*C9 -> -0.18151921 | H9: R2
A10: 0.0043022119 | B10: 3.1599959e+08 | C10: =LOG(A10) -> -2.3663082 | D10: =LOG(B10) -> 8.4996865 | E10: =D10-$H$8-$H$6*C10 -> -0.17947972 | H10: =CORREL(C2:C1001,D2:D1001)^2 -> 0.99561643
A11: 0.0043229052 | B11: 3.1149044e+08 | C11: =LOG(A11) -> -2.3642243 | D11: =LOG(B11) -> 8.4934447 | E11: =D11-$H$8-$H$6*C11 -> -0.17744024
A12: 0.004343698 | B12: 3.0704564e+08 | C12: =LOG(A12) -> -2.3621404 | D12: =LOG(B12) -> 8.4872029 | E12: =D12-$H$8-$H$6*C12 -> -0.17540075
A13: 0.0043645908 | B13: 3.0266426e+08 | C13: =LOG(A13) -> -2.3600565 | D13: =LOG(B13) -> 8.4809611 | E13: =D13-$H$8-$H$6*C13 -> -0.17336126
A14: 0.0043855841 | B14: 2.9834541e+08 | C14: =LOG(A14) -> -2.3579726 | D14: =LOG(B14) -> 8.4747194 | E14: =D14-$H$8-$H$6*C14 -> -0.17132178
A15: 0.0044066784 | B15: 2.9408818e+08 | C15: =LOG(A15) -> -2.3558886 | D15: =LOG(B15) -> 8.4684776 | E15: =D15-$H$8-$H$6*C15 -> -0.16928229
A16: 0.0044278741 | B16: 2.8989169e+08 | C16: =LOG(A16) -> -2.3538047 | D16: =LOG(B16) -> 8.4622358 | E16: =D16-$H$8-$H$6*C16 -> -0.1672428
A17: 0.0044491718 | B17: 2.8575509e+08 | C17: =LOG(A17) -> -2.3517208 | D17: =LOG(B17) -> 8.455994 | E17: =D17-$H$8-$H$6*C17 -> -0.16520332
A18: 0.0044705719 | B18: 2.8167752e+08 | C18: =LOG(A18) -> -2.3496369 | D18: =LOG(B18) -> 8.4497522 | E18: =D18-$H$8-$H$6*C18 -> -0.16316383
A19: 0.004492075 | B19: 2.7765813e+08 | C19: =LOG(A19) -> -2.347553 | D19: =LOG(B19) -> 8.4435104 | E19: =D19-$H$8-$H$6*C19 -> -0.16112434
A20: 0.0045136815 | B20: 2.736961e+08 | C20: =LOG(A20) -> -2.3454691 | D20: =LOG(B20) -> 8.4372686 | E20: =D20-$H$8-$H$6*C20 -> -0.15908486
A21: 0.0045353919 | B21: 2.697906e+08 | C21: =LOG(A21) -> -2.3433852 | D21: =LOG(B21) -> 8.4310268 | E21: =D21-$H$8-$H$6*C21 -> -0.15704537
A22: 0.0045572068 | B22: 2.6594083e+08 | C22: =LOG(A22) -> -2.3413013 | D22: =LOG(B22) -> 8.424785 | E22: =D22-$H$8-$H$6*C22 -> -0.15500588
... A1001: 0.49985981 | B1001: 2.6263857 | C1001: =LOG(A1001) -> -0.30115178 | D1001: =LOG(B1001) -> 0.41935851 | E1001: =D1001-$H$8-$H$6*C1001 -> -0.053061523

Sheet efbm_H1Mach2.5_1
A1: k | B1: P(k) | C1: log(k) | D1: log(P(k)) | E1: Residuos | F1: Archivo | G1: H | H1: Mach | I1: beta | J1: beta_err | K1: intercept | L1: intercept_err
A2: 0.0041401922 | B2: 1.6668252e+09 | C2: =LOG(A2) -> -2.3829795 | D2: =LOG(B2) -> 9.2218901 | E2: =D2-$H$8-$H$6*C2 -> -0.3346618 | F2: efbm_H1Mach2.5_1.fits | G2: 1 | H2: 2.5 | I2: -4.0125821 | J2: 0.016166524 | K2: -0.10369012 | L2: 0.16626348
A3: 0.0041601062 | B3: 1.666066e+09 | C3: =LOG(A3) -> -2.3808956 | D3: =LOG(B3) -> 9.2216922 | E3: =D3-$H$8-$H$6*C3 -> -0.32630092
A4: 0.0041801159 | B4: 1.6653071e+09 | C4: =LOG(A4) -> -2.3788117 | D4: =LOG(B4) -> 9.2214943 | E4: =D4-$H$8-$H$6*C4 -> -0.31794003 | H4: Ajuste: log P(k)=a+b log(k)
A5: 0.0042002219 | B5: 1.6645486e+09 | C5: =LOG(A5) -> -2.3767278 | D5: =LOG(B5) -> 9.2212965 | E5: =D5-$H$8-$H$6*C5 -> -0.30957914 | H5: Pendiente (b)
A6: 0.0042204246 | B6: 1.6637904e+09 | C6: =LOG(A6) -> -2.3746439 | D6: =LOG(B6) -> 9.2210986 | E6: =D6-$H$8-$H$6*C6 -> -0.30121825 | H6: =SLOPE(D2:D1001,C2:C1001) -> -4.1070578
A7: 0.0042407245 | B7: 1.6630326e+09 | C7: =LOG(A7) -> -2.3725599 | D7: =LOG(B7) -> 9.2209008 | E7: =D7-$H$8-$H$6*C7 -> -0.29285736 | H7: Intersección eje y (a)
A8: 0.004261122 | B8: 1.6622751e+09 | C8: =LOG(A8) -> -2.370476 | D8: =LOG(B8) -> 9.2207029 | E8: =D8-$H$8-$H$6*C8 -> -0.28449647 | H8: =INTERCEPT(D2:D1001,C2:C1001) -> -0.23048261
A9: 0.0042816177 | B9: 1.661518e+09 | C9: =LOG(A9) -> -2.3683921 | D9: =LOG(B9) -> 9.2205051 | E9: =D9-$H$8-$H$6*C9 -> -0.27613559 | H9: R2
A10: 0.0043022119 | B10: 1.6607612e+09 | C10: =LOG(A10) -> -2.3663082 | D10: =LOG(B10) -> 9.2203072 | E10: =D10-$H$8-$H$6*C10 -> -0.2677747 | H10: =CORREL(C2:C1001,D2:D1001)^2 -> 0.99601657
A11: 0.0043229052 | B11: 1.6600048e+09 | C11: =LOG(A11) -> -2.3642243 | D11: =LOG(B11) -> 9.2201093 | E11: =D11-$H$8-$H$6*C11 -> -0.25941381
A12: 0.004343698 | B12: 1.6592487e+09 | C12: =LOG(A12) -> -2.3621404 | D12: =LOG(B12) -> 9.2199115 | E12: =D12-$H$8-$H$6*C12 -> -0.25105292
A13: 0.0043645908 | B13: 1.6584929e+09 | C13: =LOG(A13) -> -2.3600565 | D13: =LOG(B13) -> 9.2197136 | E13: =D13-$H$8-$H$6*C13 -> -0.24269203
A14: 0.0043855841 | B14: 1.6577375e+09 | C14: =LOG(A14) -> -2.3579726 | D14: =LOG(B14) -> 9.2195158 | E14: =D14-$H$8-$H$6*C14 -> -0.23433114
A15: 0.0044066784 | B15: 1.6569825e+09 | C15: =LOG(A15) -> -2.3558886 | D15: =LOG(B15) -> 9.2193179 | E15: =D15-$H$8-$H$6*C15 -> -0.22597025
A16: 0.0044278741 | B16: 1.6562277e+09 | C16: =LOG(A16) -> -2.3538047 | D16: =LOG(B16) -> 9.2191201 | E16: =D16-$H$8-$H$6*C16 -> -0.21760937
A17: 0.0044491718 | B17: 1.6554734e+09 | C17: =LOG(A17) -> -2.3517208 | D17: =LOG(B17) -> 9.2189222 | E17: =D17-$H$8-$H$6*C17 -> -0.20924848
A18: 0.0044705719 | B18: 1.6547193e+09 | C18: =LOG(A18) -> -2.3496369 | D18: =LOG(B18) -> 9.2187243 | E18: =D18-$H$8-$H$6*C18 -> -0.20088759
A19: 0.004492075 | B19: 1.6539656e+09 | C19: =LOG(A19) -> -2.347553 | D19: =LOG(B19) -> 9.2185265 | E19: =D19-$H$8-$H$6*C19 -> -0.1925267
A20: 0.0045136815 | B20: 1.6532123e+09 | C20: =LOG(A20) -> -2.3454691 | D20: =LOG(B20) -> 9.2183286 | E20: =D20-$H$8-$H$6*C20 -> -0.18416581
A21: 0.0045353919 | B21: 1.6524593e+09 | C21: =LOG(A21) -> -2.3433852 | D21: =LOG(B21) -> 9.2181308 | E21: =D21-$H$8-$H$6*C21 -> -0.17580492
A22: 0.0045572068 | B22: 1.6517066e+09 | C22: =LOG(A22) -> -2.3413013 | D22: =LOG(B22) -> 9.2179329 | E22: =D22-$H$8-$H$6*C22 -> -0.16744404
... A1001: 0.49985981 | B1001: 12.29896 | C1001: =LOG(A1001) -> -0.30115178 | D1001: =LOG(B1001) -> 1.0898684 | E1001: =D1001-$H$8-$H$6*C1001 -> 0.083503222

Sheet efbm_H1Mach2.5_2
A1: k | B1: P(k) | C1: log(k) | D1: log(P(k)) | E1: Residuos | F1: Archivo | G1: H | H1: Mach | I1: beta | J1: beta_err | K1: intercept | L1: intercept_err
A2: 0.0041401922 | B2: 5.0709482e+08 | C2: =LOG(A2) -> -2.3829795 | D2: =LOG(B2) -> 8.7050892 | E2: =D2-$H$8-$H$6*C2 -> 0.031361276 | F2: efbm_H1Mach2.5_2.fits | G2: 1 | H2: 2.5 | I2: -3.977953 | J2: 0.01675046 | K2: -0.67960285 | L2: 0.20954364
A3: 0.0041601062 | B3: 4.8888155e+08 | C3: =LOG(A3) -> -2.3808956 | D3: =LOG(B3) -> 8.6892036 | E3: =D3-$H$8-$H$6*C3 -> 0.023513096
A4: 0.0041801159 | B4: 4.7132244e+08 | C4: =LOG(A4) -> -2.3788117 | D4: =LOG(B4) -> 8.6733181 | E4: =D4-$H$8-$H$6*C4 -> 0.015664916 | H4: Ajuste: log P(k)=a+b log(k)
A5: 0.0042002219 | B5: 4.5439399e+08 | C5: =LOG(A5) -> -2.3767278 | D5: =LOG(B5) -> 8.6574326 | E5: =D5-$H$8-$H$6*C5 -> 0.0078167354 | H5: Pendiente (b)
A6: 0.0042204246 | B6: 4.3807357e+08 | C6: =LOG(A6) -> -2.3746439 | D6: =LOG(B6) -> 8.6415471 | E6: =D6-$H$8-$H$6*C6 -> -3.1444996e-05 | H6: =SLOPE(D2:D1001,C2:C1001) -> -3.8568577
A7: 0.0042407245 | B7: 4.2233932e+08 | C7: =LOG(A7) -> -2.3725599 | D7: =LOG(B7) -> 8.6256615 | E7: =D7-$H$8-$H$6*C7 -> -0.0078796254 | H7: Intersección eje y (a)
A8: 0.004261122 | B8: 4.071702e+08 | C8: =LOG(A8) -> -2.370476 | D8: =LOG(B8) -> 8.609776 | E8: =D8-$H$8-$H$6*C8 -> -0.015727806 | H8: =INTERCEPT(D2:D1001,C2:C1001) -> -0.51708498
A9: 0.0042816177 | B9: 3.9254591e+08 | C9: =LOG(A9) -> -2.3683921 | D9: =LOG(B9) -> 8.5938905 | E9: =D9-$H$8-$H$6*C9 -> -0.023575986 | H9: R2
A10: 0.0043022119 | B10: 3.7844688e+08 | C10: =LOG(A10) -> -2.3663082 | D10: =LOG(B10) -> 8.5780049 | E10: =D10-$H$8-$H$6*C10 -> -0.031424166 | H10: =CORREL(C2:C1001,D2:D1001)^2 -> 0.99288033
A11: 0.0043229052 | B11: 3.6485424e+08 | C11: =LOG(A11) -> -2.3642243 | D11: =LOG(B11) -> 8.5621194 | E11: =D11-$H$8-$H$6*C11 -> -0.039272347
A12: 0.004343698 | B12: 3.5174981e+08 | C12: =LOG(A12) -> -2.3621404 | D12: =LOG(B12) -> 8.5462339 | E12: =D12-$H$8-$H$6*C12 -> -0.047120527
A13: 0.0043645908 | B13: 3.3911604e+08 | C13: =LOG(A13) -> -2.3600565 | D13: =LOG(B13) -> 8.5303483 | E13: =D13-$H$8-$H$6*C13 -> -0.054968708
A14: 0.0043855841 | B14: 3.2693604e+08 | C14: =LOG(A14) -> -2.3579726 | D14: =LOG(B14) -> 8.5144628 | E14: =D14-$H$8-$H$6*C14 -> -0.062816888
A15: 0.0044066784 | B15: 3.1519351e+08 | C15: =LOG(A15) -> -2.3558886 | D15: =LOG(B15) -> 8.4985773 | E15: =D15-$H$8-$H$6*C15 -> -0.070665068
A16: 0.0044278741 | B16: 3.0387274e+08 | C16: =LOG(A16) -> -2.3538047 | D16: =LOG(B16) -> 8.4826917 | E16: =D16-$H$8-$H$6*C16 -> -0.078513249
A17: 0.0044491718 | B17: 2.9295857e+08 | C17: =LOG(A17) -> -2.3517208 | D17: =LOG(B17) -> 8.4668062 | E17: =D17-$H$8-$H$6*C17 -> -0.086361429
A18: 0.0044705719 | B18: 2.8243641e+08 | C18: =LOG(A18) -> -2.3496369 | D18: =LOG(B18) -> 8.4509207 | E18: =D18-$H$8-$H$6*C18 -> -0.094209609
A19: 0.004492075 | B19: 2.7229217e+08 | C19: =LOG(A19) -> -2.347553 | D19: =LOG(B19) -> 8.4350351 | E19: =D19-$H$8-$H$6*C19 -> -0.10205779
A20: 0.0045136815 | B20: 2.6251228e+08 | C20: =LOG(A20) -> -2.3454691 | D20: =LOG(B20) -> 8.4191496 | E20: =D20-$H$8-$H$6*C20 -> -0.10990597
A21: 0.0045353919 | B21: 2.5308365e+08 | C21: =LOG(A21) -> -2.3433852 | D21: =LOG(B21) -> 8.4032641 | E21: =D21-$H$8-$H$6*C21 -> -0.11775415
A22: 0.0045572068 | B22: 2.4399367e+08 | C22: =LOG(A22) -> -2.3413013 | D22: =LOG(B22) -> 8.3873786 | E22: =D22-$H$8-$H$6*C22 -> -0.12560233
... A1001: 0.49985981 | B1001: 1.9500048 | C1001: =LOG(A1001) -> -0.30115178 | D1001: =LOG(B1001) -> 0.29003567 | E1001: =D1001-$H$8-$H$6*C1001 -> -0.35437892

Sheet efbm_H1Mach2.5_3
A1: k | B1: P(k) | C1: log(k) | D1: log(P(k)) | E1: Residuos | F1: Archivo | G1: H | H1: Mach | I1: beta | J1: beta_err | K1: intercept | L1: intercept_err
A2: 0.0041401922 | B2: 1.5250709e+09 | C2: =LOG(A2) -> -2.3829795 | D2: =LOG(B2) -> 9.18329 | E2: =D2-$H$8-$H$6*C2 -> -0.1319309 | F2: efbm_H1Mach2.5_3.fits | G2: 1 | H2: 2.5 | I2: -4.0614816 | J2: 0.018021384 | K2: -0.59201781 | L2: 0.21356862
A3: 0.0041601062 | B3: 1.4936404e+09 | C3: =LOG(A3) -> -2.3808956 | D3: =LOG(B3) -> 9.174246 | E3: =D3-$H$8-$H$6*C3 -> -0.13205304
A4: 0.0041801159 | B4: 1.4628576e+09 | C4: =LOG(A4) -> -2.3788117 | D4: =LOG(B4) -> 9.165202 | E4: =D4-$H$8-$H$6*C4 -> -0.13217518 | H4: Ajuste: log P(k)=a+b log(k)
A5: 0.0042002219 | B5: 1.4327092e+09 | C5: =LOG(A5) -> -2.3767278 | D5: =LOG(B5) -> 9.1561581 | E5: =D5-$H$8-$H$6*C5 -> -0.13229733 | H5: Pendiente (b)
A6: 0.0042204246 | B6: 1.4031822e+09 | C6: =LOG(A6) -> -2.3746439 | D6: =LOG(B6) -> 9.1471141 | E6: =D6-$H$8-$H$6*C6 -> -0.13241947 | H6: =SLOPE(D2:D1001,C2:C1001) -> -4.2812994
A7: 0.0042407245 | B7: 1.3742637e+09 | C7: =LOG(A7) -> -2.3725599 | D7: =LOG(B7) -> 9.1380701 | E7: =D7-$H$8-$H$6*C7 -> -0.13254161 | H7: Intersección eje y (a)
A8: 0.004261122 | B8: 1.3459412e+09 | C8: =LOG(A8) -> -2.370476 | D8: =LOG(B8) -> 9.1290261 | E8: =D8-$H$8-$H$6*C8 -> -0.13266375 | H8: =INTERCEPT(D2:D1001,C2:C1001) -> -0.88702767
A9: 0.0042816177 | B9: 1.3182024e+09 | C9: =LOG(A9) -> -2.3683921 | D9: =LOG(B9) -> 9.1199821 | E9: =D9-$H$8-$H$6*C9 -> -0.13278589 | H9: R2
A10: 0.0043022119 | B10: 1.2910353e+09 | C10: =LOG(A10) -> -2.3663082 | D10: =LOG(B10) -> 9.1109381 | E10: =D10-$H$8-$H$6*C10 -> -0.13290803 | H10: =CORREL(C2:C1001,D2:D1001)^2 -> 0.9957779
A11: 0.0043229052 | B11: 1.264428e+09 | C11: =LOG(A11) -> -2.3642243 | D11: =LOG(B11) -> 9.1018941 | E11: =D11-$H$8-$H$6*C11 -> -0.13303017
A12: 0.004343698 | B12: 1.2383691e+09 | C12: =LOG(A12) -> -2.3621404 | D12: =LOG(B12) -> 9.0928501 | E12: =D12-$H$8-$H$6*C12 -> -0.13315231
A13: 0.0043645908 | B13: 1.2128473e+09 | C13: =LOG(A13) -> -2.3600565 | D13: =LOG(B13) -> 9.0838061 | E13: =D13-$H$8-$H$6*C13 -> -0.13327446
A14: 0.0043855841 | B14: 1.1878515e+09 | C14: =LOG(A14) -> -2.3579726 | D14: =LOG(B14) -> 9.0747621 | E14: =D14-$H$8-$H$6*C14 -> -0.1333966
A15: 0.0044066784 | B15: 1.1633708e+09 | C15: =LOG(A15) -> -2.3558886 | D15: =LOG(B15) -> 9.0657181 | E15: =D15-$H$8-$H$6*C15 -> -0.13351874
A16: 0.0044278741 | B16: 1.1393946e+09 | C16: =LOG(A16) -> -2.3538047 | D16: =LOG(B16) -> 9.0566742 | E16: =D16-$H$8-$H$6*C16 -> -0.13364088
A17: 0.0044491718 | B17: 1.1159126e+09 | C17: =LOG(A17) -> -2.3517208 | D17: =LOG(B17) -> 9.0476302 | E17: =D17-$H$8-$H$6*C17 -> -0.13376302
A18: 0.0044705719 | B18: 1.0929145e+09 | C18: =LOG(A18) -> -2.3496369 | D18: =LOG(B18) -> 9.0385862 | E18: =D18-$H$8-$H$6*C18 -> -0.13388516
A19: 0.004492075 | B19: 1.0703904e+09 | C19: =LOG(A19) -> -2.347553 | D19: =LOG(B19) -> 9.0295422 | E19: =D19-$H$8-$H$6*C19 -> -0.1340073
A20: 0.0045136815 | B20: 1.0483304e+09 | C20: =LOG(A20) -> -2.3454691 | D20: =LOG(B20) -> 9.0204982 | E20: =D20-$H$8-$H$6*C20 -> -0.13412944
A21: 0.0045353919 | B21: 1.0267252e+09 | C21: =LOG(A21) -> -2.3433852 | D21: =LOG(B21) -> 9.0114542 | E21: =D21-$H$8-$H$6*C21 -> -0.13425159
A22: 0.0045572068 | B22: 1.0055651e+09 | C22: =LOG(A22) -> -2.3413013 | D22: =LOG(B22) -> 9.0024102 | E22: =D22-$H$8-$H$6*C22 -> -0.13437373
... A1001: 0.49985981 | B1001: 3.1213664 | C1001: =LOG(A1001) -> -0.30115178 | D1001: =LOG(B1001) -> 0.49434475 | E1001: =D1001-$H$8-$H$6*C1001 -> 0.09205148

Sheet efbm_H1Mach2.5_4
A1: k | B1: P(k) | C1: log(k) | D1: log(P(k)) | E1: Residuos | F1: Archivo | G1: H | H1: Mach | I1: beta | J1: beta_err | K1: intercept | L1: intercept_err
A2: 0.0041401922 | B2: 1.8407427e+08 | C2: =LOG(A2) -> -2.3829795 | D2: =LOG(B2) -> 8.2649931 | E2: =D2-$H$8-$H$6*C2 -> -0.39524601 | F2: efbm_H1Mach2.5_4.fits | G2: 1 | H2: 2.5 | I2: -3.9785626 | J2: 0.018508936 | K2: -0.61137924 | L2: 0.25813798
A3: 0.0041601062 | B3: 1.811965e+08 | C3: =LOG(A3) -> -2.3808956 | D3: =LOG(B3) -> 8.2581498 | E3: =D3-$H$8-$H$6*C3 -> -0.39421718
A4: 0.0041801159 | B4: 1.7836371e+08 | C4: =LOG(A4) -> -2.3788117 | D4: =LOG(B4) -> 8.2513065 | E4: =D4-$H$8-$H$6*C4 -> -0.39318836 | H4: Ajuste: log P(k)=a+b log(k)
A5: 0.0042002219 | B5: 1.7557521e+08 | C5: =LOG(A5) -> -2.3767278 | D5: =LOG(B5) -> 8.2444632 | E5: =D5-$H$8-$H$6*C5 -> -0.39215954 | H5: Pendiente (b)
A6: 0.0042204246 | B6: 1.7283031e+08 | C6: =LOG(A6) -> -2.3746439 | D6: =LOG(B6) -> 8.2376199 | E6: =D6-$H$8-$H$6*C6 -> -0.39113071 | H6: =SLOPE(D2:D1001,C2:C1001) -> -3.7775712
A7: 0.0042407245 | B7: 1.7012831e+08 | C7: =LOG(A7) -> -2.3725599 | D7: =LOG(B7) -> 8.2307766 | E7: =D7-$H$8-$H$6*C7 -> -0.39010189 | H7: Intersección eje y (a)
A8: 0.004261122 | B8: 1.6746856e+08 | C8: =LOG(A8) -> -2.370476 | D8: =LOG(B8) -> 8.2239333 | E8: =D8-$H$8-$H$6*C8 -> -0.38907306 | H8: =INTERCEPT(D2:D1001,C2:C1001) -> -0.34163564
A9: 0.0042816177 | B9: 1.648504e+08 | C9: =LOG(A9) -> -2.3683921 | D9: =LOG(B9) -> 8.21709 | E9: =D9-$H$8-$H$6*C9 -> -0.38804424 | H9: R2
A10: 0.0043022119 | B10: 1.6227316e+08 | C10: =LOG(A10) -> -2.3663082 | D10: =LOG(B10) -> 8.2102467 | E10: =D10-$H$8-$H$6*C10 -> -0.38701541 | H10: =CORREL(C2:C1001,D2:D1001)^2 -> 0.99002805
A11: 0.0043229052 | B11: 1.5973622e+08 | C11: =LOG(A11) -> -2.3642243 | D11: =LOG(B11) -> 8.2034034 | E11: =D11-$H$8-$H$6*C11 -> -0.38598659
A12: 0.004343698 | B12: 1.5723894e+08 | C12: =LOG(A12) -> -2.3621404 | D12: =LOG(B12) -> 8.1965601 | E12: =D12-$H$8-$H$6*C12 -> -0.38495776
A13: 0.0043645908 | B13: 1.547807e+08 | C13: =LOG(A13) -> -2.3600565 | D13: =LOG(B13) -> 8.1897168 | E13: =D13-$H$8-$H$6*C13 -> -0.38392894
A14: 0.0043855841 | B14: 1.5236089e+08 | C14: =LOG(A14) -> -2.3579726 | D14: =LOG(B14) -> 8.1828735 | E14: =D14-$H$8-$H$6*C14 -> -0.38290011
A15: 0.0044066784 | B15: 1.4997891e+08 | C15: =LOG(A15) -> -2.3558886 | D15: =LOG(B15) -> 8.1760302 | E15: =D15-$H$8-$H$6*C15 -> -0.38187129
A16: 0.0044278741 | B16: 1.4763417e+08 | C16: =LOG(A16) -> -2.3538047 | D16: =LOG(B16) -> 8.1691869 | E16: =D16-$H$8-$H$6*C16 -> -0.38084246
A17: 0.0044491718 | B17: 1.4532609e+08 | C17: =LOG(A17) -> -2.3517208 | D17: =LOG(B17) -> 8.1623436 | E17: =D17-$H$8-$H$6*C17 -> -0.37981364
A18: 0.0044705719 | B18: 1.430541e+08 | C18: =LOG(A18) -> -2.3496369 | D18: =LOG(B18) -> 8.1555003 | E18: =D18-$H$8-$H$6*C18 -> -0.37878482
A19: 0.004492075 | B19: 1.4081762e+08 | C19: =LOG(A19) -> -2.347553 | D19: =LOG(B19) -> 8.148657 | E19: =D19-$H$8-$H$6*C19 -> -0.37775599
A20: 0.0045136815 | B20: 1.3861611e+08 | C20: =LOG(A20) -> -2.3454691 | D20: =LOG(B20) -> 8.1418137 | E20: =D20-$H$8-$H$6*C20 -> -0.37672717
A21: 0.0045353919 | B21: 1.3644901e+08 | C21: =LOG(A21) -> -2.3433852 | D21: =LOG(B21) -> 8.1349704 | E21: =D21-$H$8-$H$6*C21 -> -0.37569834
A22: 0.0045572068 | B22: 1.343158e+08 | C22: =LOG(A22) -> -2.3413013 | D22: =LOG(B22) -> 8.1281271 | E22: =D22-$H$8-$H$6*C22 -> -0.37466952
... A1001: 0.49985981 | B1001: 5.5481274 | C1001: =LOG(A1001) -> -0.30115178 | D1001: =LOG(B1001) -> 0.74414642 | E1001: =D1001-$H$8-$H$6*C1001 -> -0.051840244

Sheet efbm_H1Mach2.5_5
A1: k | B1: P(k) | C1: log(k) | D1: log(P(k)) | E1: Residuos | F1: Archivo | G1: H | H1: Mach | I1: beta | J1: beta_err | K1: intercept | L1: intercept_err
A2: 0.0041401922 | B2: 1.6700246e+09 | C2: =LOG(A2) -> -2.3829795 | D2: =LOG(B2) -> 9.2227229 | E2: =D2-$H$8-$H$6*C2 -> -0.66702046 | F2: efbm_H1Mach2.5_5.fits | G2: 1 | H2: 2.5 | I2: -4.0544108 | J2: 0.017245183 | K2: 0.22586382 | L2: 0.20320119
A3: 0.0041601062 | B3: 1.6712346e+09 | C3: =LOG(A3) -> -2.3808956 | D3: =LOG(B3) -> 9.2230374 | E3: =D3-$H$8-$H$6*C3 -> -0.65825227
A4: 0.0041801159 | B4: 1.6724455e+09 | C4: =LOG(A4) -> -2.3788117 | D4: =LOG(B4) -> 9.223352 | E4: =D4-$H$8-$H$6*C4 -> -0.64948407 | H4: Ajuste: log P(k)=a+b log(k)
A5: 0.0042002219 | B5: 1.6736573e+09 | C5: =LOG(A5) -> -2.3767278 | D5: =LOG(B5) -> 9.2236665 | E5: =D5-$H$8-$H$6*C5 -> -0.64071587 | H5: Pendiente (b)
A6: 0.0042204246 | B6: 1.6748699e+09 | C6: =LOG(A6) -> -2.3746439 | D6: =LOG(B6) -> 9.2239811 | E6: =D6-$H$8-$H$6*C6 -> -0.63194768 | H6: =SLOPE(D2:D1001,C2:C1001) -> -4.056622
A7: 0.0042407245 | B7: 1.6760834e+09 | C7: =LOG(A7) -> -2.3725599 | D7: =LOG(B7) -> 9.2242956 | E7: =D7-$H$8-$H$6*C7 -> -0.62317948 | H7: Intersección eje y (a)
A8: 0.004261122 | B8: 1.6772978e+09 | C8: =LOG(A8) -> -2.370476 | D8: =LOG(B8) -> 9.2246102 | E8: =D8-$H$8-$H$6*C8 -> -0.61441129 | H8: =INTERCEPT(D2:D1001,C2:C1001) -> 0.22289629
A9: 0.0042816177 | B9: 1.6785131e+09 | C9: =LOG(A9) -> -2.3683921 | D9: =LOG(B9) -> 9.2249247 | E9: =D9-$H$8-$H$6*C9 -> -0.60564309 | H9: R2
A10: 0.0043022119 | B10: 1.6797293e+09 | C10: =LOG(A10) -> -2.3663082 | D10: =LOG(B10) -> 9.2252393 | E10: =D10-$H$8-$H$6*C10 -> -0.59687489 | H10: =CORREL(C2:C1001,D2:D1001)^2 -> 0.99311463
A11: 0.0043229052 | B11: 1.6809463e+09 | C11: =LOG(A11) -> -2.3642243 | D11: =LOG(B11) -> 9.2255538 | E11: =D11-$H$8-$H$6*C11 -> -0.5881067
A12: 0.004343698 | B12: 1.6821643e+09 | C12: =LOG(A12) -> -2.3621404 | D12: =LOG(B12) -> 9.2258684 | E12: =D12-$H$8-$H$6*C12 -> -0.5793385
A13: 0.0043645908 | B13: 1.6833831e+09 | C13: =LOG(A13) -> -2.3600565 | D13: =LOG(B13) -> 9.226183 | E13: =D13-$H$8-$H$6*C13 -> -0.57057031
A14: 0.0043855841 | B14: 1.6846028e+09 | C14: =LOG(A14) -> -2.3579726 | D14: =LOG(B14) -> 9.2264975 | E14: =D14-$H$8-$H$6*C14 -> -0.56180211
A15: 0.0044066784 | B15: 1.6858234e+09 | C15: =LOG(A15) -> -2.3558886 | D15: =LOG(B15) -> 9.2268121 | E15: =D15-$H$8-$H$6*C15 -> -0.55303391
A16: 0.0044278741 | B16: 1.6870448e+09 | C16: =LOG(A16) -> -2.3538047 | D16: =LOG(B16) -> 9.2271266 | E16: =D16-$H$8-$H$6*C16 -> -0.54426572
A17: 0.0044491718 | B17: 1.6882672e+09 | C17: =LOG(A17) -> -2.3517208 | D17: =LOG(B17) -> 9.2274412 | E17: =D17-$H$8-$H$6*C17 -> -0.53549752
A18: 0.0044705719 | B18: 1.6894904e+09 | C18: =LOG(A18) -> -2.3496369 | D18: =LOG(B18) -> 9.2277557 | E18: =D18-$H$8-$H$6*C18 -> -0.52672932
A19: 0.004492075 | B19: 1.6907145e+09 | C19: =LOG(A19) -> -2.347553 | D19: =LOG(B19) -> 9.2280703 | E19: =D19-$H$8-$H$6*C19 -> -0.51796113
A20: 0.0045136815 | B20: 1.6919395e+09 | C20: =LOG(A20) -> -2.3454691 | D20: =LOG(B20) -> 9.2283848 | E20: =D20-$H$8-$H$6*C20 -> -0.50919293
A21: 0.0045353919 | B21: 1.6931654e+09 | C21: =LOG(A21) -> -2.3433852 | D21: =LOG(B21) -> 9.2286994 | E21: =D21-$H$8-$H$6*C21 -> -0.50042474
A22: 0.0045572068 | B22: 1.6943922e+09 | C22: =LOG(A22) -> -2.3413013 | D22: =LOG(B22) -> 9.2290139 | E22: =D22-$H$8-$H$6*C22 -> -0.49165654
... A1001: 0.49985981 | B1001: 36.118686 | C1001: =LOG(A1001) -> -0.30115178 | D1001: =LOG(B1001) -> 1.5577319 | E1001: =D1001-$H$8-$H$6*C1001 -> 0.1131767

Sheet efbm_H1Mach2.5_6
A1: k | B1: P(k) | C1: log(k) | D1: log(P(k)) | E1: Residuos | F1: Archivo | G1: H | H1: Mach | I1: beta | J1: beta_err | K1: intercept | L1: intercept_err
A2: 0.0041401922 | B2: 1.293765e+08 | C2: =LOG(A2) -> -2.3829795 | D2: =LOG(B2) -> 8.1118554 | E2: =D2-$H$8-$H$6*C2 -> 0.063408002 | F2: efbm_H1Mach2.5_6.fits | G2: 1 | H2: 2.5 | I2: -3.89653 | J2: 0.018997414 | K2: -1.2374701 | L2: 0.2008156
A3: 0.0041601062 | B3: 1.2455108e+08 | C3: =LOG(A3) -> -2.3808956 | D3: =LOG(B3) -> 8.0953475 | E3: =D3-$H$8-$H$6*C3 -> 0.055021276
A4: 0.0041801159 | B4: 1.1990564e+08 | C4: =LOG(A4) -> -2.3788117 | D4: =LOG(B4) -> 8.0788396 | E4: =D4-$H$8-$H$6*C4 -> 0.04663455 | H4: Ajuste: log P(k)=a+b log(k)
A5: 0.0042002219 | B5: 1.1543347e+08 | C5: =LOG(A5) -> -2.3767278 | D5: =LOG(B5) -> 8.0623317 | E5: =D5-$H$8-$H$6*C5 -> 0.038247824 | H5: Pendiente (b)
A6: 0.0042204246 | B6: 1.1112809e+08 | C6: =LOG(A6) -> -2.3746439 | D6: =LOG(B6) -> 8.0458239 | E6: =D6-$H$8-$H$6*C6 -> 0.029861098 | H6: =SLOPE(D2:D1001,C2:C1001) -> -3.8970741
A7: 0.0042407245 | B7: 1.0698329e+08 | C7: =LOG(A7) -> -2.3725599 | D7: =LOG(B7) -> 8.029316 | E7: =D7-$H$8-$H$6*C7 -> 0.021474371 | H7: Intersección eje y (a)
A8: 0.004261122 | B8: 1.0299309e+08 | C8: =LOG(A8) -> -2.370476 | D8: =LOG(B8) -> 8.0128081 | E8: =D8-$H$8-$H$6*C8 -> 0.013087645 | H8: =INTERCEPT(D2:D1001,C2:C1001) -> -1.2382004
A9: 0.0042816177 | B9: 99151708 | C9: =LOG(A9) -> -2.3683921 | D9: =LOG(B9) -> 7.9963002 | E9: =D9-$H$8-$H$6*C9 -> 0.0047009193 | H9: R2
A10: 0.0043022119 | B10: 95453601 | C10: =LOG(A10) -> -2.3663082 | D10: =LOG(B10) -> 7.9797923 | E10: =D10-$H$8-$H$6*C10 -> -0.0036858068 | H10: =CORREL(C2:C1001,D2:D1001)^2 -> 0.99271609
A11: 0.0043229052 | B11: 91893423 | C11: =LOG(A11) -> -2.3642243 | D11: =LOG(B11) -> 7.9632844 | E11: =D11-$H$8-$H$6*C11 -> -0.012072533
A12: 0.004343698 | B12: 88466032 | C12: =LOG(A12) -> -2.3621404 | D12: =LOG(B12) -> 7.9467765 | E12: =D12-$H$8-$H$6*C12 -> -0.020459259
A13: 0.0043645908 | B13: 85166473 | C13: =LOG(A13) -> -2.3600565 | D13: =LOG(B13) -> 7.9302687 | E13: =D13-$H$8-$H$6*C13 -> -0.028845985
A14: 0.0043855841 | B14: 81989980 | C14: =LOG(A14) -> -2.3579726 | D14: =LOG(B14) -> 7.9137608 | E14: =D14-$H$8-$H$6*C14 -> -0.037232711
A15: 0.0044066784 | B15: 78931961 | C15: =LOG(A15) -> -2.3558886 | D15: =LOG(B15) -> 7.8972529 | E15: =D15-$H$8-$H$6*C15 -> -0.045619437
A16: 0.0044278741 | B16: 75987999 | C16: =LOG(A16) -> -2.3538047 | D16: =LOG(B16) -> 7.880745 | E16: =D16-$H$8-$H$6*C16 -> -0.054006163
A17: 0.0044491718 | B17: 73153840 | C17: =LOG(A17) -> -2.3517208 | D17: =LOG(B17) -> 7.8642371 | E17: =D17-$H$8-$H$6*C17 -> -0.062392889
A18: 0.0044705719 | B18: 70425387 | C18: =LOG(A18) -> -2.3496369 | D18: =LOG(B18) -> 7.8477292 | E18: =D18-$H$8-$H$6*C18 -> -0.070779615
A19: 0.004492075 | B19: 67798699 | C19: =LOG(A19) -> -2.347553 | D19: =LOG(B19) -> 7.8312214 | E19: =D19-$H$8-$H$6*C19 -> -0.079166342
A20: 0.0045136815 | B20: 65269979 | C20: =LOG(A20) -> -2.3454691 | D20: =LOG(B20) -> 7.8147135 | E20: =D20-$H$8-$H$6*C20 -> -0.087553068
A21: 0.0045353919 | B21: 62835574 | C21: =LOG(A21) -> -2.3433852 | D21: =LOG(B21) -> 7.7982056 | E21: =D21-$H$8-$H$6*C21 -> -0.095939794
A22: 0.0045572068 | B22: 60491967 | C22: =LOG(A22) -> -2.3413013 | D22: =LOG(B22) -> 7.7816977 | E22: =D22-$H$8-$H$6*C22 -> -0.10432652
... A1001: 0.49985981 | B1001: 0.98966278 | C1001: =LOG(A1001) -> -0.30115178 | D1001: =LOG(B1001) -> -0.0045127644 | E1001: =D1001-$H$8-$H$6*C1001 -> 0.060076787

Sheet efbm_H1Mach2.5_7
A1: k | B1: P(k) | C1: log(k) | D1: log(P(k)) | E1: Residuos | F1: Archivo | G1: H | H1: Mach | I1: beta | J1: beta_err | K1: intercept | L1: intercept_err
A2: 0.0041401922 | B2: 4.087516e+08 | C2: =LOG(A2) -> -2.3829795 | D2: =LOG(B2) -> 8.6114595 | E2: =D2-$H$8-$H$6*C2 -> -0.037999098 | F2: efbm_H1Mach2.5_7.fits | G2: 1 | H2: 2.5 | I2: -4.0097436 | J2: 0.019555425 | K2: -1.0892845 | L2: 0.21134798
A3: 0.0041601062 | B3: 4.0259513e+08 | C3: =LOG(A3) -> -2.3808956 | D3: =LOG(B3) -> 8.6048685 | E3: =D3-$H$8-$H$6*C3 -> -0.035866517
A4: 0.0041801159 | B4: 3.9653138e+08 | C4: =LOG(A4) -> -2.3788117 | D4: =LOG(B4) -> 8.5982776 | E4: =D4-$H$8-$H$6*C4 -> -0.033733935 | H4: Ajuste: log P(k)=a+b log(k)
A5: 0.0042002219 | B5: 3.9055897e+08 | C5: =LOG(A5) -> -2.3767278 | D5: =LOG(B5) -> 8.5916866 | E5: =D5-$H$8-$H$6*C5 -> -0.031601353 | H5: Pendiente (b)
A6: 0.0042204246 | B6: 3.8467651e+08 | C6: =LOG(A6) -> -2.3746439 | D6: =LOG(B6) -> 8.5850957 | E6: =D6-$H$8-$H$6*C6 -> -0.029468771 | H6: =SLOPE(D2:D1001,C2:C1001) -> -4.1861331
A7: 0.0042407245 | B7: 3.7888265e+08 | C7: =LOG(A7) -> -2.3725599 | D7: =LOG(B7) -> 8.5785047 | E7: =D7-$H$8-$H$6*C7 -> -0.02733619 | H7: Intersección eje y (a)
A8: 0.004261122 | B8: 3.7317605e+08 | C8: =LOG(A8) -> -2.370476 | D8: =LOG(B8) -> 8.5719138 | E8: =D8-$H$8-$H$6*C8 -> -0.025203608 | H8: =INTERCEPT(D2:D1001,C2:C1001) -> -1.3260108
A9: 0.0042816177 | B9: 3.6755541e+08 | C9: =LOG(A9) -> -2.3683921 | D9: =LOG(B9) -> 8.5653228 | E9: =D9-$H$8-$H$6*C9 -> -0.023071026 | H9: R2
A10: 0.0043022119 | B10: 3.6201942e+08 | C10: =LOG(A10) -> -2.3663082 | D10: =LOG(B10) -> 8.5587319 | E10: =D10-$H$8-$H$6*C10 -> -0.020938444 | H10: =CORREL(C2:C1001,D2:D1001)^2 -> 0.99475953
A11: 0.0043229052 | B11: 3.5656681e+08 | C11: =LOG(A11) -> -2.3642243 | D11: =LOG(B11) -> 8.5521409 | E11: =D11-$H$8-$H$6*C11 -> -0.018805863
A12: 0.004343698 | B12: 3.5119633e+08 | C12: =LOG(A12) -> -2.3621404 | D12: =LOG(B12) -> 8.54555 | E12: =D12-$H$8-$H$6*C12 -> -0.016673281
A13: 0.0043645908 | B13: 3.4590673e+08 | C13: =LOG(A13) -> -2.3600565 | D13: =LOG(B13) -> 8.538959 | E13: =D13-$H$8-$H$6*C13 -> -0.014540699
A14: 0.0043855841 | B14: 3.4069681e+08 | C14: =LOG(A14) -> -2.3579726 | D14: =LOG(B14) -> 8.5323681 | E14: =D14-$H$8-$H$6*C14 -> -0.012408117
A15: 0.0044066784 | B15: 3.3556536e+08 | C15: =LOG(A15) -> -2.3558886 | D15: =LOG(B15) -> 8.5257771 | E15: =D15-$H$8-$H$6*C15 -> -0.010275536
A16: 0.0044278741 | B16: 3.3051119e+08 | C16: =LOG(A16) -> -2.3538047 | D16: =LOG(B16) -> 8.5191862 | E16: =D16-$H$8-$H$6*C16 -> -0.0081429538
A17: 0.0044491718 | B17: 3.2553315e+08 | C17: =LOG(A17) -> -2.3517208 | D17: =LOG(B17) -> 8.5125952 | E17: =D17-$H$8-$H$6*C17 -> -0.006010372
A18: 0.0044705719 | B18: 3.2063008e+08 | C18: =LOG(A18) -> -2.3496369 | D18: =LOG(B18) -> 8.5060043 | E18: =D18-$H$8-$H$6*C18 -> -0.0038777903
A19: 0.004492075 | B19: 3.1580087e+08 | C19: =LOG(A19) -> -2.347553 | D19: =LOG(B19) -> 8.4994133 | E19: =D19-$H$8-$H$6*C19 -> -0.0017452085
A20: 0.0045136815 | B20: 3.1104439e+08 | C20: =LOG(A20) -> -2.3454691 | D20: =LOG(B20) -> 8.4928224 | E20: =D20-$H$8-$H$6*C20 -> 0.00038737321
A21: 0.0045353919 | B21: 3.0635955e+08 | C21: =LOG(A21) -> -2.3433852 | D21: =LOG(B21) -> 8.4862314 | E21: =D21-$H$8-$H$6*C21 -> 0.002519955
A22: 0.0045572068 | B22: 3.0174527e+08 | C22: =LOG(A22) -> -2.3413013 | D22: =LOG(B22) -> 8.4796405 | E22: =D22-$H$8-$H$6*C22 -> 0.0046525367
... A1001: 0.49985981 | B1001: 1.2628319 | C1001: =LOG(A1001) -> -0.30115178 | D1001: =LOG(B1001) -> 0.10134553 | E1001: =D1001-$H$8-$H$6*C1001 -> 0.16669486

Sheet efbm_H1Mach2.5_8
A1: k | B1: P(k) | C1: log(k) | D1: log(P(k)) | E1: Residuos | F1: Archivo | G1: H | H1: Mach | I1: beta | J1: beta_err | K1: intercept | L1: intercept_err
A2: 0.0041401922 | B2: 7.5398333e+08 | C2: =LOG(A2) -> -2.3829795 | D2: =LOG(B2) -> 8.8773617 | E2: =D2-$H$8-$H$6*C2 -> -0.3303662 | F2: efbm_H1Mach2.5_8.fits | G2: 1 | H2: 2.5 | I2: -3.9891452 | J2: 0.021651339 | K2: -0.59807055 | L2: 0.26662303
A3: 0.0041601062 | B3: 7.5195678e+08 | C3: =LOG(A3) -> -2.3808956 | D3: =LOG(B3) -> 8.8761929 | E3: =D3-$H$8-$H$6*C3 -> -0.32262195
A4: 0.0041801159 | B4: 7.4993568e+08 | C4: =LOG(A4) -> -2.3788117 | D4: =LOG(B4) -> 8.875024 | E4: =D4-$H$8-$H$6*C4 -> -0.31487769 | H4: Ajuste: log P(k)=a+b log(k)
A5: 0.0042002219 | B5: 7.4792001e+08 | C5: =LOG(A5) -> -2.3767278 | D5: =LOG(B5) -> 8.8738552 | E5: =D5-$H$8-$H$6*C5 -> -0.30713343 | H5: Pendiente (b)
A6: 0.0042204246 | B6: 7.4590976e+08 | C6: =LOG(A6) -> -2.3746439 | D6: =LOG(B6) -> 8.8726863 | E6: =D6-$H$8-$H$6*C6 -> -0.29938917 | H6: =SLOPE(D2:D1001,C2:C1001) -> -4.2771107
A7: 0.0042407245 | B7: 7.4390491e+08 | C7: =LOG(A7) -> -2.3725599 | D7: =LOG(B7) -> 8.8715174 | E7: =D7-$H$8-$H$6*C7 -> -0.29164492 | H7: Intersección eje y (a)
A8: 0.004261122 | B8: 7.4190545e+08 | C8: =LOG(A8) -> -2.370476 | D8: =LOG(B8) -> 8.8703486 | E8: =D8-$H$8-$H$6*C8 -> -0.28390066 | H8: =INTERCEPT(D2:D1001,C2:C1001) -> -0.98453917
A9: 0.0042816177 | B9: 7.3991137e+08 | C9: =LOG(A9) -> -2.3683921 | D9: =LOG(B9) -> 8.8691797 | E9: =D9-$H$8-$H$6*C9 -> -0.2761564 | H9: R2
A10: 0.0043022119 | B10: 7.3792264e+08 | C10: =LOG(A10) -> -2.3663082 | D10: =LOG(B10) -> 8.8680108 | E10: =D10-$H$8-$H$6*C10 -> -0.26841215 | H10: =CORREL(C2:C1001,D2:D1001)^2 -> 0.99383335
A11: 0.0043229052 | B11: 7.3593926e+08 | C11: =LOG(A11) -> -2.3642243 | D11: =LOG(B11) -> 8.866842 | E11: =D11-$H$8-$H$6*C11 -> -0.26066789
A12: 0.004343698 | B12: 7.3396121e+08 | C12: =LOG(A12) -> -2.3621404 | D12: =LOG(B12) -> 8.8656731 | E12: =D12-$H$8-$H$6*C12 -> -0.25292363
A13: 0.0043645908 | B13: 7.3198848e+08 | C13: =LOG(A13) -> -2.3600565 | D13: =LOG(B13) -> 8.8645042 | E13: =D13-$H$8-$H$6*C13 -> -0.24517938
A14: 0.0043855841 | B14: 7.3002105e+08 | C14: =LOG(A14) -> -2.3579726 | D14: =LOG(B14) -> 8.8633354 | E14: =D14-$H$8-$H$6*C14 -> -0.23743512
A15: 0.0044066784 | B15: 7.280589e+08 | C15: =LOG(A15) -> -2.3558886 | D15: =LOG(B15) -> 8.8621665 | E15: =D15-$H$8-$H$6*C15 -> -0.22969086
A16: 0.0044278741 | B16: 7.2610203e+08 | C16: =LOG(A16) -> -2.3538047 | D16: =LOG(B16) -> 8.8609977 | E16: =D16-$H$8-$H$6*C16 -> -0.2219466
A17: 0.0044491718 | B17: 7.2415042e+08 | C17: =LOG(A17) -> -2.3517208 | D17: =LOG(B17) -> 8.8598288 | E17: =D17-$H$8-$H$6*C17 -> -0.21420235
A18: 0.0044705719 | B18: 7.2220406e+08 | C18: =LOG(A18) -> -2.3496369 | D18: =LOG(B18) -> 8.8586599 | E18: =D18-$H$8-$H$6*C18 -> -0.20645809
A19: 0.004492075 | B19: 7.2026293e+08 | C19: =LOG(A19) -> -2.347553 | D19: =LOG(B19) -> 8.8574911 | E19: =D19-$H$8-$H$6*C19 -> -0.19871383
A20: 0.0045136815 | B20: 7.1832701e+08 | C20: =LOG(A20) -> -2.3454691 | D20: =LOG(B20) -> 8.8563222 | E20: =D20-$H$8-$H$6*C20 -> -0.19096958
A21: 0.0045353919 | B21: 7.163963e+08 | C21: =LOG(A21) -> -2.3433852 | D21: =LOG(B21) -> 8.8551533 | E21: =D21-$H$8-$H$6*C21 -> -0.18322532
A22: 0.0045572068 | B22: 7.1447078e+08 | C22: =LOG(A22) -> -2.3413013 | D22: =LOG(B22) -> 8.8539845 | E22: =D22-$H$8-$H$6*C22 -> -0.17548106
... A1001: 0.49985981 | B1001: 2.2429342 | C1001: =LOG(A1001) -> -0.30115178 | D1001: =LOG(B1001) -> 0.35081652 | E1001: =D1001-$H$8-$H$6*C1001 -> 0.047296186

Sheet efbm_H1Mach2.5_9
A1: k | B1: P(k) | C1: log(k) | D1: log(P(k)) | E1: Residuos | F1: Archivo | G1: H | H1: Mach | I1: beta | J1: beta_err | K1: intercept | L1: intercept_err
A2: 0.0041401922 | B2: 1.9016931e+08 | C2: =LOG(A2) -> -2.3829795 | D2: =LOG(B2) -> 8.2791404 | E2: =D2-$H$8-$H$6*C2 -> -0.16548392 | F2: efbm_H1Mach2.5_9.fits | G2: 1 | H2: 2.5 | I2: -4.0033623 | J2: 0.018708226 | K2: -1.3246258 | L2: 0.2172586
A3: 0.0041601062 | B3: 1.8944131e+08 | C3: =LOG(A3) -> -2.3808956 | D3: =LOG(B3) -> 8.2774747 | E3: =D3-$H$8-$H$6*C3 -> -0.15834792
A4: 0.0041801159 | B4: 1.8871609e+08 | C4: =LOG(A4) -> -2.3788117 | D4: =LOG(B4) -> 8.2758089 | E4: =D4-$H$8-$H$6*C4 -> -0.15121192 | H4: Ajuste: log P(k)=a+b log(k)
A5: 0.0042002219 | B5: 1.8799365e+08 | C5: =LOG(A5) -> -2.3767278 | D5: =LOG(B5) -> 8.2741432 | E5: =D5-$H$8-$H$6*C5 -> -0.14407592 | H5: Pendiente (b)
A6: 0.0042204246 | B6: 1.8727397e+08 | C6: =LOG(A6) -> -2.3746439 | D6: =LOG(B6) -> 8.2724774 | E6: =D6-$H$8-$H$6*C6 -> -0.13693992 | H6: =SLOPE(D2:D1001,C2:C1001) -> -4.2236686
A7: 0.0042407245 | B7: 1.8655705e+08 | C7: =LOG(A7) -> -2.3725599 | D7: =LOG(B7) -> 8.2708117 | E7: =D7-$H$8-$H$6*C7 -> -0.12980392 | H7: Intersección eje y (a)
A8: 0.004261122 | B8: 1.8584288e+08 | C8: =LOG(A8) -> -2.370476 | D8: =LOG(B8) -> 8.2691459 | E8: =D8-$H$8-$H$6*C8 -> -0.12266792 | H8: =INTERCEPT(D2:D1001,C2:C1001) -> -1.6202914
A9: 0.0042816177 | B9: 1.8513143e+08 | C9: =LOG(A9) -> -2.3683921 | D9: =LOG(B9) -> 8.2674802 | E9: =D9-$H$8-$H$6*C9 -> -0.11553192 | H9: R2
A10: 0.0043022119 | B10: 1.8442272e+08 | C10: =LOG(A10) -> -2.3663082 | D10: =LOG(B10) -> 8.2658144 | E10: =D10-$H$8-$H$6*C10 -> -0.10839592 | H10: =CORREL(C2:C1001,D2:D1001)^2 -> 0.99543029
A11: 0.0043229052 | B11: 1.8371671e+08 | C11: =LOG(A11) -> -2.3642243 | D11: =LOG(B11) -> 8.2641487 | E11: =D11-$H$8-$H$6*C11 -> -0.10125992
A12: 0.004343698 | B12: 1.8301341e+08 | C12: =LOG(A12) -> -2.3621404 | D12: =LOG(B12) -> 8.2624829 | E12: =D12-$H$8-$H$6*C12 -> -0.094123919
A13: 0.0043645908 | B13: 1.823128e+08 | C13: =LOG(A13) -> -2.3600565 | D13: =LOG(B13) -> 8.2608172 | E13: =D13-$H$8-$H$6*C13 -> -0.086987919
A14: 0.0043855841 | B14: 1.8161487e+08 | C14: =LOG(A14) -> -2.3579726 | D14: =LOG(B14) -> 8.2591514 | E14: =D14-$H$8-$H$6*C14 -> -0.079851919
A15: 0.0044066784 | B15: 1.8091961e+08 | C15: =LOG(A15) -> -2.3558886 | D15: =LOG(B15) -> 8.2574857 | E15: =D15-$H$8-$H$6*C15 -> -0.072715919
A16: 0.0044278741 | B16: 1.8022702e+08 | C16: =LOG(A16) -> -2.3538047 | D16: =LOG(B16) -> 8.2558199 | E16: =D16-$H$8-$H$6*C16 -> -0.065579918
A17: 0.0044491718 | B17: 1.7953708e+08 | C17: =LOG(A17) -> -2.3517208 | D17: =LOG(B17) -> 8.2541542 | E17: =D17-$H$8-$H$6*C17 -> -0.058443918
A18: 0.0044705719 | B18: 1.7884977e+08 | C18: =LOG(A18) -> -2.3496369 | D18: =LOG(B18) -> 8.2524884 | E18: =D18-$H$8-$H$6*C18 -> -0.051307918
A19: 0.004492075 | B19: 1.781651e+08 | C19: =LOG(A19) -> -2.347553 | D19: =LOG(B19) -> 8.2508226 | E19: =D19-$H$8-$H$6*C19 -> -0.044171918
A20: 0.0045136815 | B20: 1.7748305e+08 | C20: =LOG(A20) -> -2.3454691 | D20: =LOG(B20) -> 8.2491569 | E20: =D20-$H$8-$H$6*C20 -> -0.037035918
A21: 0.0045353919 | B21: 1.7680362e+08 | C21: =LOG(A21) -> -2.3433852 | D21: =LOG(B21) -> 8.2474911 | E21: =D21-$H$8-$H$6*C21 -> -0.029899918
A22: 0.0045572068 | B22: 1.7612678e+08 | C22: =LOG(A22) -> -2.3413013 | D22: =LOG(B22) -> 8.2458254 | E22: =D22-$H$8-$H$6*C22 -> -0.022763917
... A1001: 0.49985981 | B1001: 0.72504223 | C1001: =LOG(A1001) -> -0.30115178 | D1001: =LOG(B1001) -> -0.13963669 | E1001: =D1001-$H$8-$H$6*C1001 -> 0.20868938
