Workbook

Sheet Summary
Q2: VALORES CENTRALES
B3: Archivo | C3: H | D3: pend 3-10 | E3: desv est 3-10 | F3: pend 3-20 | G3: desv est 3-20 | H3: pend 3-30 | I3: desv est 3-30 | J3: pend 3-40 | K3: desv est 3-40 | L3: pend 3-50 | M3: desv est 3-50 | O3: H=alpha/2 (stutzki et al. 1998) | P3: H | Q3: alpha teorica | R3: 3-10 | S3: 3-20 | T3: 3-30 | U3: 3-40 | V3: 3-50
B4: =efbm_H0.5Mach1_0!$E$2 -> efbm_H0.5Mach1_0.fits | C4: =efbm_H0.5Mach1_0!$F$2 -> 0.5 | D4: =efbm_H0.5Mach1_0!$H$6 -> 0.9580466 | E4: =efbm_H0.5Mach1_0!$I$6 -> 0.0024116814 | F4: =efbm_H0.5Mach1_0!$H$7 -> 0.88461503 | G4: =efbm_H0.5Mach1_0!$I$7 -> 0.002226311 | H4: =efbm_H0.5Mach1_0!$H$8 -> 0.88086556 | I4: =efbm_H0.5Mach1_0!$I$8 -> 0.0015485243 | J4: =efbm_H0.5Mach1_0!$H$9 -> 0.8872357 | K4: =efbm_H0.5Mach1_0!$I$9 -> 0.0012852058 | L4: =efbm_H0.5Mach1_0!$H$10 -> 0.89361472 | M4: =efbm_H0.5Mach1_0!$I$10 -> 0.0011744346 | P4: 0.5 | Q4: =2*P4 -> 1 | R4: =D24 -> 0.97032735 | S4: =F24 -> 0.97180517 | T4: =H24 -> 0.98350892 | U4: =J24 -> 0.99337896 | V4: =L24 -> 0.99862252
B5: =efbm_H0.5Mach1_1!$E$2 -> efbm_H0.5Mach1_1.fits | C5: =efbm_H0.5Mach1_1!$F$2 -> 0.5 | D5: =efbm_H0.5Mach1_1!$H$6 -> 0.92804484 | E5: =efbm_H0.5Mach1_1!$I$6 -> 0.0020128057 | F5: =efbm_H0.5Mach1_1!$H$7 -> 0.92715633 | G5: =efbm_H0.5Mach1_1!$I$7 -> 0.00086368125 | H5: =efbm_H0.5Mach1_1!$H$8 -> 0.94064046 | I5: =efbm_H0.5Mach1_1!$I$8 -> 0.0010080158 | J5: =efbm_H0.5Mach1_1!$H$9 -> 0.96653433 | K5: =efbm_H0.5Mach1_1!$I$9 -> 0.0017468105 | L5: =efbm_H0.5Mach1_1!$H$10 -> 0.9875694 | M5: =efbm_H0.5Mach1_1!$I$10 -> 0.0020682259 | P5: 1 | Q5: =2*P5 -> 2 | R5: =D45 -> 2.0685634 | S5: =F45 -> 2.1229141 | T5: =H45 -> 2.1465978 | U5: =J45 -> 2.1483258 | V5: =L45 -> 2.1386274
B6: =efbm_H0.5Mach1_2!$E$2 -> efbm_H0.5Mach1_2.fits | C6: =efbm_H0.5Mach1_2!$F$2 -> 0.5 | D6: =efbm_H0.5Mach1_2!$H$6 -> 1.0105329 | E6: =efbm_H0.5Mach1_2!$I$6 -> 0.0020283534 | F6: =efbm_H0.5Mach1_2!$H$7 -> 1.0025464 | G6: =efbm_H0.5Mach1_2!$I$7 -> 0.0010427444 | H6: =efbm_H0.5Mach1_2!$H$8 -> 0.99609452 | I6: =efbm_H0.5Mach1_2!$I$8 -> 0.00078972256 | J6: =efbm_H0.5Mach1_2!$H$9 -> 0.99464736 | K6: =efbm_H0.5Mach1_2!$I$9 -> 0.00064594262 | L6: =efbm_H0.5Mach1_2!$H$10 -> 0.98345968 | M6: =efbm_H0.5Mach1_2!$I$10 -> 0.0010024529
B7: =efbm_H0.5Mach1_3!$E$2 -> efbm_H0.5Mach1_3.fits | C7: =efbm_H0.5Mach1_3!$F$2 -> 0.5 | D7: =efbm_H0.5Mach1_3!$H$6 -> 1.0551075 | E7: =efbm_H0.5Mach1_3!$I$6 -> 0.0020364661 | F7: =efbm_H0.5Mach1_3!$H$7 -> 1.1195966 | G7: =efbm_H0.5Mach1_3!$I$7 -> 0.0024553816 | H7: =efbm_H0.5Mach1_3!$H$8 -> 1.1854681 | I7: =efbm_H0.5Mach1_3!$I$8 -> 0.0035527919 | J7: =efbm_H0.5Mach1_3!$H$9 -> 1.2341771 | K7: =efbm_H0.5Mach1_3!$I$9 -> 0.0040072866 | L7: =efbm_H0.5Mach1_3!$H$10 -> 1.2621833 | M7: =efbm_H0.5Mach1_3!$I$10 -> 0.0039013972 | Q7: DESVIACIONES TÍPICAS
B8: =efbm_H0.5Mach1_4!$E$2 -> efbm_H0.5Mach1_4.fits | C8: =efbm_H0.5Mach1_4!$F$2 -> 0.5 | D8: =efbm_H0.5Mach1_4!$H$6 -> 1.0234232 | E8: =efbm_H0.5Mach1_4!$I$6 -> 0.0019830017 | F8: =efbm_H0.5Mach1_4!$H$7 -> 1.0054079 | G8: =efbm_H0.5Mach1_4!$I$7 -> 0.0012860793 | H8: =efbm_H0.5Mach1_4!$H$8 -> 0.95302787 | I8: =efbm_H0.5Mach1_4!$I$8 -> 0.0027210534 | J8: =efbm_H0.5Mach1_4!$H$9 -> 0.907819 | K8: =efbm_H0.5Mach1_4!$I$9 -> 0.0034173268 | L8: =efbm_H0.5Mach1_4!$H$10 -> 0.87852242 | M8: =efbm_H0.5Mach1_4!$I$10 -> 0.0035256767 | P8: H | Q8: alpha teorica | R8: 3-10 | S8: 3-20 | T8: 3-30 | U8: 3-40 | V8: 3-50
B9: =efbm_H0.5Mach1_5!$E$2 -> efbm_H0.5Mach1_5.fits | C9: =efbm_H0.5Mach1_5!$F$2 -> 0.5 | D9: =efbm_H0.5Mach1_5!$H$6 -> 1.0370632 | E9: =efbm_H0.5Mach1_5!$I$6 -> 0.0019859629 | F9: =efbm_H0.5Mach1_5!$H$7 -> 1.0932597 | G9: =efbm_H0.5Mach1_5!$I$7 -> 0.0021691304 | H9: =efbm_H0.5Mach1_5!$H$8 -> 1.1224191 | I9: =efbm_H0.5Mach1_5!$I$8 -> 0.0019900168 | J9: =efbm_H0.5Mach1_5!$H$9 -> 1.1266311 | K9: =efbm_H0.5Mach1_5!$I$9 -> 0.0016190481 | L9: =efbm_H0.5Mach1_5!$H$10 -> 1.113334 | M9: =efbm_H0.5Mach1_5!$I$10 -> 0.0017044925 | P9: 0.5 | Q9: =2*P9 -> 1 | R9: =E24 -> 0.00054257892 | S9: =G24 -> 0.00095665397 | T9: =I24 -> 0.0011087934 | U9: =K24 -> 0.0013248064 | V9: =M24 -> 0.001272099
B10: =efbm_H0.5Mach1_6!$E$2 -> efbm_H0.5Mach1_6.fits | C10: =efbm_H0.5Mach1_6!$F$2 -> 0.5 | D10: =efbm_H0.5Mach1_6!$H$6 -> 0.82240712 | E10: =efbm_H0.5Mach1_6!$I$6 -> 0.0022318867 | F10: =efbm_H0.5Mach1_6!$H$7 -> 0.82911931 | G10: =efbm_H0.5Mach1_6!$I$7 -> 0.0014647347 | H10: =efbm_H0.5Mach1_6!$H$8 -> 0.88720833 | I10: =efbm_H0.5Mach1_6!$I$8 -> 0.0029828029 | J10: =efbm_H0.5Mach1_6!$H$9 -> 0.92858185 | K10: =efbm_H0.5Mach1_6!$I$9 -> 0.0033791611 | L10: =efbm_H0.5Mach1_6!$H$10 -> 0.94665408 | M10: =efbm_H0.5Mach1_6!$I$10 -> 0.0031267878 | P10: 1 | Q10: =2*P10 -> 2 | R10: =E45 -> 0.00057692973 | S10: =G45 -> 0.00097326211 | T10: =I45 -> 0.0012222479 | U10: =K45 -> 0.001311367 | V10: =M45 -> 0.0014096581
B11: =efbm_H0.5Mach1_7!$E$2 -> efbm_H0.5Mach1_7.fits | C11: =efbm_H0.5Mach1_7!$F$2 -> 0.5 | D11: =efbm_H0.5Mach1_7!$H$6 -> 0.95229709 | E11: =efbm_H0.5Mach1_7!$I$6 -> 0.0023136799 | F11: =efbm_H0.5Mach1_7!$H$7 -> 0.94505825 | G11: =efbm_H0.5Mach1_7!$I$7 -> 0.0011221926 | H11: =efbm_H0.5Mach1_7!$H$8 -> 0.969679 | I11: =efbm_H0.5Mach1_7!$I$8 -> 0.0014509689 | J11: =efbm_H0.5Mach1_7!$H$9 -> 0.99924778 | K11: =efbm_H0.5Mach1_7!$I$9 -> 0.0021213459 | L11: =efbm_H0.5Mach1_7!$H$10 -> 1.0308855 | M11: =efbm_H0.5Mach1_7!$I$10 -> 0.0028393916
B12: =efbm_H0.5Mach1_8!$E$2 -> efbm_H0.5Mach1_8.fits | C12: =efbm_H0.5Mach1_8!$F$2 -> 0.5 | D12: =efbm_H0.5Mach1_8!$H$6 -> 1.0061867 | E12: =efbm_H0.5Mach1_8!$I$6 -> 0.0026804941 | F12: =efbm_H0.5Mach1_8!$H$7 -> 1.0756293 | G12: =efbm_H0.5Mach1_8!$I$7 -> 0.0022570971 | H12: =efbm_H0.5Mach1_8!$H$8 -> 1.1315482 | I12: =efbm_H0.5Mach1_8!$I$8 -> 0.0031674599 | J12: =efbm_H0.5Mach1_8!$H$9 -> 1.1889131 | K12: =efbm_H0.5Mach1_8!$I$9 -> 0.00422215 | L12: =efbm_H0.5Mach1_8!$H$10 -> 1.2314436 | M12: =efbm_H0.5Mach1_8!$I$10 -> 0.0046178853
B13: =efbm_H0.5Mach1_9!$E$2 -> efbm_H0.5Mach1_9.fits | C13: =efbm_H0.5Mach1_9!$F$2 -> 0.5 | D13: =efbm_H0.5Mach1_9!$H$6 -> 1.0329239 | E13: =efbm_H0.5Mach1_9!$I$6 -> 0.0020217781 | F13: =efbm_H0.5Mach1_9!$H$7 -> 1.0445401 | G13: =efbm_H0.5Mach1_9!$I$7 -> 0.00094102389 | H13: =efbm_H0.5Mach1_9!$H$8 -> 1.0671955 | I13: =efbm_H0.5Mach1_9!$I$8 -> 0.001327043 | J13: =efbm_H0.5Mach1_9!$H$9 -> 1.0942281 | K13: =efbm_H0.5Mach1_9!$I$9 -> 0.0019275377 | L13: =efbm_H0.5Mach1_9!$H$10 -> 1.1197761 | M13: =efbm_H0.5Mach1_9!$I$10 -> 0.0024074781
B14: ='efbm_H0.5Mach2.5_0'!$E$2 -> efbm_H0.5Mach2.5_0.fits | C14: ='efbm_H0.5Mach2.5_0'!$F$2 -> 0.5 | D14: ='efbm_H0.5Mach2.5_0'!$H$6 -> 0.93450301 | E14: ='efbm_H0.5Mach2.5_0'!$I$6 -> 0.0032921638 | F14: ='efbm_H0.5Mach2.5_0'!$H$7 -> 0.77487799 | G14: ='efbm_H0.5Mach2.5_0'!$I$7 -> 0.0047289439 | H14: ='efbm_H0.5Mach2.5_0'!$H$8 -> 0.7285672 | I14: ='efbm_H0.5Mach2.5_0'!$I$8 -> 0.0038509084 | J14: ='efbm_H0.5Mach2.5_0'!$H$9 -> 0.71826339 | K14: ='efbm_H0.5Mach2.5_0'!$I$9 -> 0.0031083875 | L14: ='efbm_H0.5Mach2.5_0'!$H$10 -> 0.71819172 | M14: ='efbm_H0.5Mach2.5_0'!$I$10 -> 0.0026342024
B15: ='efbm_H0.5Mach2.5_1'!$E$2 -> efbm_H0.5Mach2.5_1.fits | C15: ='efbm_H0.5Mach2.5_1'!$F$2 -> 0.5 | D15: ='efbm_H0.5Mach2.5_1'!$H$6 -> 0.92100389 | E15: ='efbm_H0.5Mach2.5_1'!$I$6 -> 0.0024225545 | F15: ='efbm_H0.5Mach2.5_1'!$H$7 -> 0.88614512 | G15: ='efbm_H0.5Mach2.5_1'!$I$7 -> 0.001445111 | H15: ='efbm_H0.5Mach2.5_1'!$H$8 -> 0.8726152 | I15: ='efbm_H0.5Mach2.5_1'!$I$8 -> 0.0011764875 | J15: ='efbm_H0.5Mach2.5_1'!$H$9 -> 0.87510658 | K15: ='efbm_H0.5Mach2.5_1'!$I$9 -> 0.00094794864 | L15: ='efbm_H0.5Mach2.5_1'!$H$10 -> 0.87512077 | M15: ='efbm_H0.5Mach2.5_1'!$I$10 -> 0.00081308487
B16: ='efbm_H0.5Mach2.5_2'!$E$2 -> efbm_H0.5Mach2.5_2.fits | C16: =efbm_H0.5Mach1_2!$F$2 -> 0.5 | D16: ='efbm_H0.5Mach2.5_2'!$H$6 -> 0.95996826 | E16: ='efbm_H0.5Mach2.5_2'!$I$6 -> 0.0020023392 | F16: ='efbm_H0.5Mach2.5_2'!$H$7 -> 0.90299878 | G16: ='efbm_H0.5Mach2.5_2'!$I$7 -> 0.0019895706 | H16: ='efbm_H0.5Mach2.5_2'!$H$8 -> 0.87753707 | I16: ='efbm_H0.5Mach2.5_2'!$I$8 -> 0.001785963 | J16: ='efbm_H0.5Mach2.5_2'!$H$9 -> 0.8619487 | K16: ='efbm_H0.5Mach2.5_2'!$I$9 -> 0.0017057391 | L16: ='efbm_H0.5Mach2.5_2'!$H$10 -> 0.83666053 | M16: ='efbm_H0.5Mach2.5_2'!$I$10 -> 0.0023144538
B17: ='efbm_H0.5Mach2.5_3'!$E$2 -> efbm_H0.5Mach2.5_3.fits | C17: ='efbm_H0.5Mach2.5_3'!$F$2 -> 0.5 | D17: ='efbm_H0.5Mach2.5_3'!$H$6 -> 1.1038881 | E17: ='efbm_H0.5Mach2.5_3'!$I$6 -> 0.0020910133 | F17: ='efbm_H0.5Mach2.5_3'!$H$7 -> 1.1280629 | G17: ='efbm_H0.5Mach2.5_3'!$I$7 -> 0.0011553507 | H17: ='efbm_H0.5Mach2.5_3'!$H$8 -> 1.1461039 | I17: ='efbm_H0.5Mach2.5_3'!$I$8 -> 0.0012351316 | J17: ='efbm_H0.5Mach2.5_3'!$H$9 -> 1.1678186 | K17: ='efbm_H0.5Mach2.5_3'!$I$9 -> 0.0016098844 | L17: ='efbm_H0.5Mach2.5_3'!$H$10 -> 1.1770878 | M17: ='efbm_H0.5Mach2.5_3'!$I$10 -> 0.0015173203
B18: ='efbm_H0.5Mach2.5_4'!$E$2 -> efbm_H0.5Mach2.5_4.fits | C18: ='efbm_H0.5Mach2.5_4'!$F$2 -> 0.5 | D18: ='efbm_H0.5Mach2.5_4'!$H$6 -> 1.0179557 | E18: ='efbm_H0.5Mach2.5_4'!$I$6 -> 0.0020763122 | F18: ='efbm_H0.5Mach2.5_4'!$H$7 -> 0.9534189 | G18: ='efbm_H0.5Mach2.5_4'!$I$7 -> 0.0024128378 | H18: ='efbm_H0.5Mach2.5_4'!$H$8 -> 0.86707737 | I18: ='efbm_H0.5Mach2.5_4'!$I$8 -> 0.0045178182 | J18: ='efbm_H0.5Mach2.5_4'!$H$9 -> 0.79120076 | K18: ='efbm_H0.5Mach2.5_4'!$I$9 -> 0.0057189394 | L18: ='efbm_H0.5Mach2.5_4'!$H$10 -> 0.73982544 | M18: ='efbm_H0.5Mach2.5_4'!$I$10 -> 0.0059934322
B19: ='efbm_H0.5Mach2.5_5'!$E$2 -> efbm_H0.5Mach2.5_5.fits | C19: ='efbm_H0.5Mach2.5_5'!$F$2 -> 0.5 | D19: ='efbm_H0.5Mach2.5_5'!$H$6 -> 1.001553 | E19: ='efbm_H0.5Mach2.5_5'!$I$6 -> 0.0022147488 | F19: ='efbm_H0.5Mach2.5_5'!$H$7 -> 1.0828441 | G19: ='efbm_H0.5Mach2.5_5'!$I$7 -> 0.0029030573 | H19: ='efbm_H0.5Mach2.5_5'!$H$8 -> 1.0949652 | I19: ='efbm_H0.5Mach2.5_5'!$I$8 -> 0.0021647565 | J19: ='efbm_H0.5Mach2.5_5'!$H$9 -> 1.0672189 | K19: ='efbm_H0.5Mach2.5_5'!$I$9 -> 0.0024742114 | L19: ='efbm_H0.5Mach2.5_5'!$H$10 -> 1.0227508 | M19: ='efbm_H0.5Mach2.5_5'!$I$10 -> 0.0037700813
B20: ='efbm_H0.5Mach2.5_6'!$E$2 -> efbm_H0.5Mach2.5_6.fits | C20: ='efbm_H0.5Mach2.5_6'!$F$2 -> 0.5 | D20: ='efbm_H0.5Mach2.5_6'!$H$6 -> 0.73546488 | E20: ='efbm_H0.5Mach2.5_6'!$I$6 -> 0.0022369957 | F20: ='efbm_H0.5Mach2.5_6'!$H$7 -> 0.72980323 | G20: ='efbm_H0.5Mach2.5_6'!$I$7 -> 0.0011965238 | H20: ='efbm_H0.5Mach2.5_6'!$H$8 -> 0.78226366 | I20: ='efbm_H0.5Mach2.5_6'!$I$8 -> 0.0027291724 | J20: ='efbm_H0.5Mach2.5_6'!$H$9 -> 0.82304195 | K20: ='efbm_H0.5Mach2.5_6'!$I$9 -> 0.003216348 | L20: ='efbm_H0.5Mach2.5_6'!$H$10 -> 0.83853911 | M20: ='efbm_H0.5Mach2.5_6'!$I$10 -> 0.0029395063
B21: ='efbm_H0.5Mach2.5_7'!$E$2 -> efbm_H0.5Mach2.5_7.fits | C21: ='efbm_H0.5Mach2.5_7'!$F$2 -> 0.5 | D21: ='efbm_H0.5Mach2.5_7'!$H$6 -> 0.89054989 | E21: ='efbm_H0.5Mach2.5_7'!$I$6 -> 0.0034895161 | F21: ='efbm_H0.5Mach2.5_7'!$H$7 -> 0.90150756 | G21: ='efbm_H0.5Mach2.5_7'!$I$7 -> 0.0022421948 | H21: ='efbm_H0.5Mach2.5_7'!$H$8 -> 0.94772083 | I21: ='efbm_H0.5Mach2.5_7'!$I$8 -> 0.0026264023 | J21: ='efbm_H0.5Mach2.5_7'!$H$9 -> 0.96916925 | K21: ='efbm_H0.5Mach2.5_7'!$I$9 -> 0.0024252357 | L21: ='efbm_H0.5Mach2.5_7'!$H$10 -> 0.98143548 | M21: ='efbm_H0.5Mach2.5_7'!$I$10 -> 0.0022207529
B22: ='efbm_H0.5Mach2.5_8'!$E$2 -> efbm_H0.5Mach2.5_8.fits | C22: ='efbm_H0.5Mach2.5_8'!$F$2 -> 0.5 | D22: ='efbm_H0.5Mach2.5_8'!$H$6 -> 0.99188549 | E22: ='efbm_H0.5Mach2.5_8'!$I$6 -> 0.0038501039 | F22: ='efbm_H0.5Mach2.5_8'!$H$7 -> 1.0932434 | G22: ='efbm_H0.5Mach2.5_8'!$I$7 -> 0.0032466963 | H22: ='efbm_H0.5Mach2.5_8'!$H$8 -> 1.1556781 | I22: ='efbm_H0.5Mach2.5_8'!$I$8 -> 0.0036980125 | J22: ='efbm_H0.5Mach2.5_8'!$H$9 -> 1.1976021 | K22: ='efbm_H0.5Mach2.5_8'!$I$9 -> 0.0038158991 | L22: ='efbm_H0.5Mach2.5_8'!$H$10 -> 1.2156201 | M22: ='efbm_H0.5Mach2.5_8'!$I$10 -> 0.0034682498
B23: ='efbm_H0.5Mach2.5_9'!$E$2 -> efbm_H0.5Mach2.5_9.fits | C23: ='efbm_H0.5Mach2.5_9'!$F$2 -> 0.5 | D23: ='efbm_H0.5Mach2.5_9'!$H$6 -> 1.0237417 | E23: ='efbm_H0.5Mach2.5_9'!$I$6 -> 0.0021223974 | F23: ='efbm_H0.5Mach2.5_9'!$H$7 -> 1.0562723 | G23: ='efbm_H0.5Mach2.5_9'!$I$7 -> 0.0012558194 | H23: ='efbm_H0.5Mach2.5_9'!$H$8 -> 1.0635032 | I23: ='efbm_H0.5Mach2.5_9'!$I$8 -> 0.0009232121 | J23: ='efbm_H0.5Mach2.5_9'!$H$9 -> 1.0681937 | K23: ='efbm_H0.5Mach2.5_9'!$I$9 -> 0.00078125009 | L23: =efbm_H0.5Mach1_9!$H$10 -> 1.1197761 | M23: =efbm_H0.5Mach1_9!$I$10 -> 0.0024074781
B24: Medias | C24: 0.5 | D24: =AVERAGE(D4:D23) -> 0.97032735 | E24: =_xlfn.STDEV.S(E4:E23) -> 0.00054257892 | F24: =AVERAGE(F4:F23) -> 0.97180517 | G24: =_xlfn.STDEV.S(G4:G23) -> 0.00095665397 | H24: =AVERAGE(H4:H23) -> 0.98350892 | I24: =_xlfn.STDEV.S(I4:I23) -> 0.0011087934 | J24: =AVERAGE(J4:J23) -> 0.99337896 | K24: =_xlfn.STDEV.S(K4:K23) -> 0.0013248064 | L24: =AVERAGE(L4:L23) -> 0.99862252 | M24: =_xlfn.STDEV.S(M4:M23) -> 0.001272099
B25: =efbm_H1Mach1_0!$E$2 -> efbm_H1Mach1_0.fits | C25: =efbm_H1Mach1_0!$F$2 -> 1 | D25: =efbm_H1Mach1_0!$H$6 -> 1.9566376 | E25: =efbm_H1Mach1_0!$I$6 -> 0.0031297757 | F25: =efbm_H1Mach1_0!$H$7 -> 1.9482526 | G25: =efbm_H1Mach1_0!$I$7 -> 0.0014960478 | H25: =efbm_H1Mach1_0!$H$8 -> 1.9730264 | I25: =efbm_H1Mach1_0!$I$8 -> 0.0015774777 | J25: =efbm_H1Mach1_0!$H$9 -> 1.9917461 | K25: =efbm_H1Mach1_0!$I$9 -> 0.0016624163 | L25: =efbm_H1Mach1_0!$H$10 -> 2.0011474 | M25: =efbm_H1Mach1_0!$I$10 -> 0.001551554
B26: =efbm_H1Mach1_1!$E$2 -> efbm_H1Mach1_1.fits | C26: =efbm_H1Mach1_1!$F$2 -> 1 | D26: =efbm_H1Mach1_1!$H$6 -> 2.0135284 | E26: =efbm_H1Mach1_1!$I$6 -> 0.0031996668 | F26: =efbm_H1Mach1_1!$H$7 -> 2.0914356 | G26: =efbm_H1Mach1_1!$I$7 -> 0.0028582158 | H26: =efbm_H1Mach1_1!$H$8 -> 2.1546104 | I26: =efbm_H1Mach1_1!$I$8 -> 0.003559929 | J26: =efbm_H1Mach1_1!$H$9 -> 2.1951798 | K26: =efbm_H1Mach1_1!$I$9 -> 0.003681916 | L26: =efbm_H1Mach1_1!$H$10 -> 2.2143555 | M26: =efbm_H1Mach1_1!$I$10 -> 0.0033887258
B27: =efbm_H1Mach1_2!$E$2 -> efbm_H1Mach1_2.fits | C27: =efbm_H1Mach1_2!$F$2 -> 1 | D27: =efbm_H1Mach1_2!$H$6 -> 2.0439725 | E27: =efbm_H1Mach1_2!$I$6 -> 0.0030793179 | F27: =efbm_H1Mach1_2!$H$7 -> 2.044274 | G27: =efbm_H1Mach1_2!$I$7 -> 0.001323512 | H27: =efbm_H1Mach1_2!$H$8 -> 2.0421247 | I27: =efbm_H1Mach1_2!$I$8 -> 0.00092551371 | J27: =efbm_H1Mach1_2!$H$9 -> 2.0279937 | K27: =efbm_H1Mach1_2!$I$9 -> 0.0011865004 | L27: =efbm_H1Mach1_2!$H$10 -> 2.0017773 | M27: =efbm_H1Mach1_2!$I$10 -> 0.0021113483
B28: =efbm_H1Mach1_3!$E$2 -> efbm_H1Mach1_3.fits | C28: =efbm_H1Mach1_3!$F$2 -> 1 | D28: =efbm_H1Mach1_3!$H$6 -> 2.1946832 | E28: =efbm_H1Mach1_3!$I$6 -> 0.0038673055 | F28: =efbm_H1Mach1_3!$H$7 -> 2.3147402 | G28: =efbm_H1Mach1_3!$I$7 -> 0.0040187412 | H28: =efbm_H1Mach1_3!$H$8 -> 2.3764527 | I28: =efbm_H1Mach1_3!$I$8 -> 0.0039429599 | J28: =efbm_H1Mach1_3!$H$9 -> 2.4003182 | K28: =efbm_H1Mach1_3!$I$9 -> 0.003420248 | L28: =efbm_H1Mach1_3!$H$10 -> 2.4018425 | M28: =efbm_H1Mach1_3!$I$10 -> 0.0029156336
B29: =efbm_H1Mach1_4!$E$2 -> efbm_H1Mach1_4.fits | C29: =efbm_H1Mach1_4!$F$2 -> 1 | D29: =efbm_H1Mach1_4!$H$6 -> 2.0256422 | E29: =efbm_H1Mach1_4!$I$6 -> 0.0030499337 | F29: =efbm_H1Mach1_4!$H$7 -> 1.9864254 | G29: =efbm_H1Mach1_4!$I$7 -> 0.0020422443 | H29: =efbm_H1Mach1_4!$H$8 -> 1.9295269 | I29: =efbm_H1Mach1_4!$I$8 -> 0.0030584313 | J29: =efbm_H1Mach1_4!$H$9 -> 1.884066 | K29: =efbm_H1Mach1_4!$I$9 -> 0.003609857 | L29: =efbm_H1Mach1_4!$H$10 -> 1.8475637 | M29: =efbm_H1Mach1_4!$I$10 -> 0.0039645638
B30: =efbm_H1Mach1_5!$E$2 -> efbm_H1Mach1_5.fits | C30: =efbm_H1Mach1_5!$F$2 -> 1 | D30: =efbm_H1Mach1_5!$H$6 -> 2.1129294 | E30: =efbm_H1Mach1_5!$I$6 -> 0.0034026844 | F30: =efbm_H1Mach1_5!$H$7 -> 2.1771618 | G30: =efbm_H1Mach1_5!$I$7 -> 0.0023278019 | H30: =efbm_H1Mach1_5!$H$8 -> 2.1843068 | I30: =efbm_H1Mach1_5!$I$8 -> 0.0016585964 | J30: =efbm_H1Mach1_5!$H$9 -> 2.1679591 | K30: =efbm_H1Mach1_5!$I$9 -> 0.0016958414 | L30: =efbm_H1Mach1_5!$H$10 -> 2.1390325 | M30: =efbm_H1Mach1_5!$I$10 -> 0.0024999235
B31: =efbm_H1Mach1_6!$E$2 -> efbm_H1Mach1_6.fits | C31: =efbm_H1Mach1_6!$F$2 -> 1 | D31: =efbm_H1Mach1_6!$H$6 -> 1.87338 | E31: =efbm_H1Mach1_6!$I$6 -> 0.003012257 | F31: =efbm_H1Mach1_6!$H$7 -> 1.9676559 | G31: =efbm_H1Mach1_6!$I$7 -> 0.003482991 | H31: =efbm_H1Mach1_6!$H$8 -> 2.0378148 | I31: =efbm_H1Mach1_6!$I$8 -> 0.004013848 | J31: =efbm_H1Mach1_6!$H$9 -> 2.0657416 | K31: =efbm_H1Mach1_6!$I$9 -> 0.003575549 | L31: =efbm_H1Mach1_6!$H$10 -> 2.0672852 | M31: =efbm_H1Mach1_6!$I$10 -> 0.0030524898
B32: =efbm_H1Mach1_7!$E$2 -> efbm_H1Mach1_7.fits | C32: =efbm_H1Mach1_7!$F$2 -> 1 | D32: =efbm_H1Mach1_7!$H$6 -> 2.0299268 | E32: =efbm_H1Mach1_7!$I$6 -> 0.0031573453 | F32: =efbm_H1Mach1_7!$H$7 -> 2.1151661 | G32: =efbm_H1Mach1_7!$I$7 -> 0.0032031177 | H32: =efbm_H1Mach1_7!$H$8 -> 2.185495 | I32: =efbm_H1Mach1_7!$I$8 -> 0.0039557711 | J32: =efbm_H1Mach1_7!$H$9 -> 2.2326728 | K32: =efbm_H1Mach1_7!$I$9 -> 0.004177502 | L32: =efbm_H1Mach1_7!$H$10 -> 2.2620833 | M32: =efbm_H1Mach1_7!$I$10 -> 0.004073999
B33: =efbm_H1Mach1_8!$E$2 -> efbm_H1Mach1_8.fits | C33: =efbm_H1Mach1_8!$F$2 -> 1 | D33: =efbm_H1Mach1_8!$H$6 -> 2.1512023 | E33: =efbm_H1Mach1_8!$I$6 -> 0.0043633392 | F33: =efbm_H1Mach1_8!$H$7 -> 2.285147 | G33: =efbm_H1Mach1_8!$I$7 -> 0.0043922609 | H33: =efbm_H1Mach1_8!$H$8 -> 2.3587729 | I33: =efbm_H1Mach1_8!$I$8 -> 0.0045389948 | J33: =efbm_H1Mach1_8!$H$9 -> 2.3970514 | K33: =efbm_H1Mach1_8!$I$9 -> 0.0042285441 | L33: =efbm_H1Mach1_8!$H$10 -> 2.4112282 | M33: =efbm_H1Mach1_8!$I$10 -> 0.0037189965
B34: =efbm_H1Mach1_9!$E$2 -> efbm_H1Mach1_9.fits | C34: =efbm_H1Mach1_9!$F$2 -> 1 | D34: =efbm_H1Mach1_9!$H$6 -> 2.1301932 | E34: =efbm_H1Mach1_9!$I$6 -> 0.0035785689 | F34: =efbm_H1Mach1_9!$H$7 -> 2.2189783 | G34: =efbm_H1Mach1_9!$I$7 -> 0.003166964 | H34: =efbm_H1Mach1_9!$H$8 -> 2.2810769 | I34: =efbm_H1Mach1_9!$I$8 -> 0.0036231149 | J34: =efbm_H1Mach1_9!$H$9 -> 2.3213779 | K34: =efbm_H1Mach1_9!$I$9 -> 0.003713589 | L34: =efbm_H1Mach1_9!$H$10 -> 2.3452968 | M34: =efbm_H1Mach1_9!$I$10 -> 0.0035485156
B35: =efbm_H1Mach2.5_0!$E$2 -> efbm_H1Mach2.5_0.fits | C35: =efbm_H1Mach2.5_0!$F$2 -> 1 | D35: =efbm_H1Mach2.5_0!$H$6 -> 1.9361291 | E35: =efbm_H1Mach2.5_0!$I$6 -> 0.0035603132 | F35: =efbm_H1Mach2.5_0!$H$7 -> 1.8774471 | G35: =efbm_H1Mach2.5_0!$I$7 -> 0.0021520485 | H35: =efbm_H1Mach2.5_0!$H$8 -> 1.88222 | I35: =efbm_H1Mach2.5_0!$I$8 -> 0.0015150446 | J35: =efbm_H1Mach2.5_0!$H$9 -> 1.889529 | K35: =efbm_H1Mach2.5_0!$I$9 -> 0.0012734325 | L35: =efbm_H1Mach2.5_0!$H$10 -> 1.8884228 | M35: =efbm_H1Mach2.5_0!$I$10 -> 0.0011002327
B36: =efbm_H1Mach2.5_1!$E$2 -> efbm_H1Mach2.5_1.fits | C36: =efbm_H1Mach2.5_1!$F$2 -> 1 | D36: =efbm_H1Mach2.5_1!$H$6 -> 2.021979 | E36: =efbm_H1Mach2.5_1!$I$6 -> 0.0031395275 | F36: =efbm_H1Mach2.5_1!$H$7 -> 2.0824021 | G36: =efbm_H1Mach2.5_1!$I$7 -> 0.0022881456 | H36: =efbm_H1Mach2.5_1!$H$8 -> 2.1193344 | I36: =efbm_H1Mach2.5_1!$I$8 -> 0.0023200769 | J36: =efbm_H1Mach2.5_1!$H$9 -> 2.133378 | K36: =efbm_H1Mach2.5_1!$I$9 -> 0.0020220659 | L36: =efbm_H1Mach2.5_1!$H$10 -> 2.1276848 | M36: =efbm_H1Mach2.5_1!$I$10 -> 0.0017973116
B37: =efbm_H1Mach2.5_2!$E$2 -> efbm_H1Mach2.5_2.fits | C37: =efbm_H1Mach1_2!$F$2 -> 1 | D37: =efbm_H1Mach2.5_2!$H$6 -> 2.0291341 | E37: =efbm_H1Mach2.5_2!$I$6 -> 0.0030472496 | F37: =efbm_H1Mach2.5_2!$H$7 -> 1.9963306 | G37: =efbm_H1Mach2.5_2!$I$7 -> 0.0016425698 | H37: =efbm_H1Mach2.5_2!$H$8 -> 1.9717432 | I37: =efbm_H1Mach2.5_2!$I$8 -> 0.0016521345 | J37: =efbm_H1Mach2.5_2!$H$9 -> 1.9353631 | K37: =efbm_H1Mach2.5_2!$I$9 -> 0.0025990183 | L37: =efbm_H1Mach2.5_2!$H$10 -> 1.8865488 | M37: =efbm_H1Mach2.5_2!$I$10 -> 0.0040695669
B38: =efbm_H1Mach2.5_3!$E$2 -> efbm_H1Mach2.5_3.fits | C38: =efbm_H1Mach2.5_3!$F$2 -> 1 | D38: =efbm_H1Mach2.5_3!$H$6 -> 2.2772252 | E38: =efbm_H1Mach2.5_3!$I$6 -> 0.0037306636 | F38: =efbm_H1Mach2.5_3!$H$7 -> 2.3539848 | G38: =efbm_H1Mach2.5_3!$I$7 -> 0.0027386377 | H38: =efbm_H1Mach2.5_3!$H$8 -> 2.379392 | I38: =efbm_H1Mach2.5_3!$I$8 -> 0.002204521 | J38: =efbm_H1Mach2.5_3!$H$9 -> 2.3735609 | K38: =efbm_H1Mach2.5_3!$I$9 -> 0.0018483599 | L38: =efbm_H1Mach2.5_3!$H$10 -> 2.3480146 | M38: =efbm_H1Mach2.5_3!$I$10 -> 0.0024167447
B39: =efbm_H1Mach2.5_4!$E$2 -> efbm_H1Mach2.5_4.fits | C39: =efbm_H1Mach2.5_4!$F$2 -> 1 | D39: =efbm_H1Mach2.5_4!$H$6 -> 2.0727378 | E39: =efbm_H1Mach2.5_4!$I$6 -> 0.0032082575 | F39: =efbm_H1Mach2.5_4!$H$7 -> 1.9811648 | G39: =efbm_H1Mach2.5_4!$I$7 -> 0.0035128372 | H39: =efbm_H1Mach2.5_4!$H$8 -> 1.8782123 | I39: =efbm_H1Mach2.5_4!$I$8 -> 0.0054677257 | J39: =efbm_H1Mach2.5_4!$H$9 -> 1.79545 | K39: =efbm_H1Mach2.5_4!$I$9 -> 0.0065191962 | L39: =efbm_H1Mach2.5_4!$H$10 -> 1.7312482 | M39: =efbm_H1Mach2.5_4!$I$10 -> 0.0070781087
B40: =efbm_H1Mach2.5_5!$E$2 -> efbm_H1Mach2.5_5.fits | C40: =efbm_H1Mach2.5_5!$F$2 -> 1 | D40: =efbm_H1Mach2.5_5!$H$6 -> 2.1853264 | E40: =efbm_H1Mach2.5_5!$I$6 -> 0.0038376277 | F40: =efbm_H1Mach2.5_5!$H$7 -> 2.2454378 | G40: =efbm_H1Mach2.5_5!$I$7 -> 0.0023357964 | H40: =efbm_H1Mach2.5_5!$H$8 -> 2.2054422 | I40: =efbm_H1Mach2.5_5!$I$8 -> 0.0027017816 | J40: =efbm_H1Mach2.5_5!$H$9 -> 2.1421277 | K40: =efbm_H1Mach2.5_5!$I$9 -> 0.004386773 | L40: =efbm_H1Mach2.5_5!$H$10 -> 2.0727914 | M40: =efbm_H1Mach2.5_5!$I$10 -> 0.0060896127
B41: =efbm_H1Mach2.5_6!$E$2 -> efbm_H1Mach2.5_6.fits | C41: =efbm_H1Mach2.5_6!$F$2 -> 1 | D41: =efbm_H1Mach2.5_6!$H$6 -> 1.8296118 | E41: =efbm_H1Mach2.5_6!$I$6 -> 0.0032182071 | F41: =efbm_H1Mach2.5_6!$H$7 -> 1.9476416 | G41: =efbm_H1Mach2.5_6!$I$7 -> 0.0040816842 | H41: =efbm_H1Mach2.5_6!$H$8 -> 2.021338 | I41: =efbm_H1Mach2.5_6!$I$8 -> 0.0043778288 | J41: =efbm_H1Mach2.5_6!$H$9 -> 2.0409038 | K41: =efbm_H1Mach2.5_6!$I$9 -> 0.0036773318 | L41: =efbm_H1Mach2.5_6!$H$10 -> 2.027652 | M41: =efbm_H1Mach2.5_6!$I$10 -> 0.0033019809
B42: =efbm_H1Mach2.5_7!$E$2 -> efbm_H1Mach2.5_7.fits | C42: =efbm_H1Mach2.5_7!$F$2 -> 1 | D42: =efbm_H1Mach2.5_7!$H$6 -> 2.0657449 | E42: =efbm_H1Mach2.5_7!$I$6 -> 0.0032990416 | F42: =efbm_H1Mach2.5_7!$H$7 -> 2.178082 | G42: =efbm_H1Mach2.5_7!$I$7 -> 0.003850848 | H42: =efbm_H1Mach2.5_7!$H$8 -> 2.2323447 | I42: =efbm_H1Mach2.5_7!$I$8 -> 0.0036106475 | J42: =efbm_H1Mach2.5_7!$H$9 -> 2.2475434 | K42: =efbm_H1Mach2.5_7!$I$9 -> 0.0029982826 | L42: =efbm_H1Mach2.5_7!$H$10 -> 2.2445725 | M42: =efbm_H1Mach2.5_7!$I$10 -> 0.0025648312
B43: =efbm_H1Mach2.5_8!$E$2 -> efbm_H1Mach2.5_8.fits | C43: =efbm_H1Mach2.5_8!$F$2 -> 1 | D43: =efbm_H1Mach2.5_8!$H$6 -> 2.2539694 | E43: =efbm_H1Mach2.5_8!$I$6 -> 0.005404281 | F43: =efbm_H1Mach2.5_8!$H$7 -> 2.3975624 | G43: =efbm_H1Mach2.5_8!$I$7 -> 0.0046208002 | H43: =efbm_H1Mach2.5_8!$H$8 -> 2.4387482 | I43: =efbm_H1Mach2.5_8!$I$8 -> 0.0036733723 | J43: =efbm_H1Mach2.5_8!$H$9 -> 2.43492 | K43: =efbm_H1Mach2.5_8!$I$9 -> 0.0029684701 | L43: =efbm_H1Mach2.5_8!$H$10 -> 2.408704 | M43: =efbm_H1Mach2.5_8!$I$10 -> 0.0031481128
B44: =efbm_H1Mach2.5_9!$E$2 -> efbm_H1Mach2.5_9.fits | C44: =efbm_H1Mach2.5_9!$F$2 -> 1 | D44: =efbm_H1Mach2.5_9!$H$6 -> 2.1673154 | E44: =efbm_H1Mach2.5_9!$I$6 -> 0.0038608502 | F44: =efbm_H1Mach2.5_9!$H$7 -> 2.2489919 | G44: =efbm_H1Mach2.5_9!$I$7 -> 0.0028296614 | H44: =efbm_H1Mach2.5_9!$H$8 -> 2.2799739 | I44: =efbm_H1Mach2.5_9!$I$8 -> 0.0023974982 | J44: =efbm_H1Mach2.5_9!$H$9 -> 2.2896328 | K44: =efbm_H1Mach2.5_9!$I$9 -> 0.0019856031 | L44: =efbm_H1Mach1_9!$H$10 -> 2.3452968 | M44: =efbm_H1Mach1_9!$I$10 -> 0.0035485156
B45: Medias | C45: 0.5 | D45: =AVERAGE(D25:D44) -> 2.0685634 | E45: =_xlfn.STDEV.S(E25:E44) -> 0.00057692973 | F45: =AVERAGE(F25:F44) -> 2.1229141 | G45: =_xlfn.STDEV.S(G25:G44) -> 0.00097326211 | H45: =AVERAGE(H25:H44) -> 2.1465978 | I45: =_xlfn.STDEV.S(I25:I44) -> 0.0012222479 | J45: =AVERAGE(J25:J44) -> 2.1483258 | K45: =_xlfn.STDEV.S(K25:K44) -> 0.001311367 | L45: =AVERAGE(L25:L44) -> 2.1386274 | M45: =_xlfn.STDEV.S(M25:M44) -> 0.0014096581

Sheet efbm_H0.5Mach1_0
A1: L | B1: Delta2(L) | C1: log(L) | D1: Log(Delta2(L)) | E1: Archivo | F1: H | G1: Mach | H1: dv_slope | I1: dv_slope_err
A2: 3 | B2: 0.0012474323 | C2: =LOG10(A2) -> 0.47712125 | D2: =LOG10(B2) -> -2.903983 | E2: efbm_H0.5Mach1_0.fits | F2: 0.5 | G2: 1 | H2: 0.95718468 | I2: 0.0042346577
A3: 3.0112212 | B3: 0.0012504984 | C3: =LOG10(A3) -> 0.47874266 | D3: =LOG10(B3) -> -2.9029169
A4: 3.0224844 | B4: 0.0012535335 | C4: =LOG10(A4) -> 0.48036408 | D4: =LOG10(B4) -> -2.901864
A5: 3.0337898 | B5: 0.0012565369 | C5: =LOG10(A5) -> 0.48198549 | D5: =LOG10(B5) -> -2.9008248 | H5: valor central | I5: desv tip
A6: 3.0451374 | B6: 0.0012595076 | C6: =LOG10(A6) -> 0.4836069 | D6: =LOG10(B6) -> -2.8997992 | F6: Pendiente 3-10 | H6: =SLOPE(D2:D324,C2:C324) -> 0.9580466 | I6: =INDEX(LINEST(D2:D324,C2:C324,TRUE,TRUE),2,1) -> 0.0024116814
A7: 3.0565275 | B7: 0.001262445 | C7: =LOG10(A7) -> 0.48522831 | D7: =LOG10(B7) -> -2.8987875 | F7: Pendiente 3-20 | H7: =SLOPE(D2:D510,C2:C510) -> 0.88461503 | I7: =INDEX(LINEST(D2:D510,C2:C510,TRUE,TRUE),2,1) -> 0.002226311
A8: 3.0679602 | B8: 0.0012653481 | C8: =LOG10(A8) -> 0.48684972 | D8: =LOG10(B8) -> -2.89779 | F8: Pendiente 3-30 | H8: =SLOPE(D2:D618,C2:C618) -> 0.88086556 | I8: =INDEX(LINEST(D2:D618,C2:C618,TRUE,TRUE),2,1) -> 0.0015485243
A9: 3.0794356 | B9: 0.0012682161 | C9: =LOG10(A9) -> 0.48847113 | D9: =LOG10(B9) -> -2.8968068 | F9: Pendiente 3-40 | H9: =SLOPE(D2:D695,C2:C695) -> 0.8872357 | I9: =INDEX(LINEST(D2:D695,C2:C695,TRUE,TRUE),2,1) -> 0.0012852058
A10: 3.090954 | B10: 0.0012710482 | C10: =LOG10(A10) -> 0.49009254 | D10: =LOG10(B10) -> -2.895838 | F10: Pendiente 3-50 | H10: =SLOPE(D2:D755,C2:C755) -> 0.89361472 | I10: =INDEX(LINEST(D2:D755,C2:C755,TRUE,TRUE),2,1) -> 0.0011744346
A11: 3.1025154 | B11: 0.0012738436 | C11: =LOG10(A11) -> 0.49171395 | D11: =LOG10(B11) -> -2.8948839
A12: 3.1141201 | B12: 0.0012766014 | C12: =LOG10(A12) -> 0.49333536 | D12: =LOG10(B12) -> -2.8939447
A13: 3.1257682 | B13: 0.001279321 | C13: =LOG10(A13) -> 0.49495677 | D13: =LOG10(B13) -> -2.8930205
A14: 3.1374598 | B14: 0.0012820014 | C14: =LOG10(A14) -> 0.49657818 | D14: =LOG10(B14) -> -2.8921115
A15: 3.1491952 | B15: 0.0012846419 | C15: =LOG10(A15) -> 0.49819959 | D15: =LOG10(B15) -> -2.8912179
A16: 3.1609745 | B16: 0.0012872416 | C16: =LOG10(A16) -> 0.499821 | D16: =LOG10(B16) -> -2.8903399
A17: 3.1727979 | B17: 0.0012897998 | C17: =LOG10(A17) -> 0.50144241 | D17: =LOG10(B17) -> -2.8894777
A18: 3.1846655 | B18: 0.0013601978 | C18: =LOG10(A18) -> 0.50306382 | D18: =LOG10(B18) -> -2.8663979
A19: 3.1965774 | B19: 0.0013646718 | C19: =LOG10(A19) -> 0.50468523 | D19: =LOG10(B19) -> -2.8649718
A20: 3.2085339 | B20: 0.0013691412 | C20: =LOG10(A20) -> 0.50630664 | D20: =LOG10(B20) -> -2.8635518
A21: 3.2205352 | B21: 0.0013736052 | C21: =LOG10(A21) -> 0.50792805 | D21: =LOG10(B21) -> -2.8621381
A22: 3.2325813 | B22: 0.0013780632 | C22: =LOG10(A22) -> 0.50954946 | D22: =LOG10(B22) -> -2.8607309
... A1001: 125 | B1001: 0.015921627 | C1001: =LOG10(A1001) -> 2.09691 | D1001: =LOG10(B1001) -> -1.7980126

Sheet efbm_H0.5Mach1_1
A1: L | B1: Delta2(L) | C1: log(L) | D1: Log(Delta2(L)) | E1: Archivo | F1: H | G1: Mach | H1: dv_slope | I1: dv_slope_err
A2: 3 | B2: 0.0020507559 | C2: =LOG10(A2) -> 0.47712125 | D2: =LOG10(B2) -> -2.688086 | E2: efbm_H0.5Mach1_1.fits | F2: 0.5 | G2: 1 | H2: 0.9469654 | I2: 0.0041389119
A3: 3.0112212 | B3: 0.0020557529 | C3: =LOG10(A3) -> 0.47874266 | D3: =LOG10(B3) -> -2.6870291
A4: 3.0224844 | B4: 0.0020607 | C4: =LOG10(A4) -> 0.48036408 | D4: =LOG10(B4) -> -2.6859852
A5: 3.0337898 | B5: 0.0020655958 | C5: =LOG10(A5) -> 0.48198549 | D5: =LOG10(B5) -> -2.6849547 | H5: valor central | I5: desv tip
A6: 3.0451374 | B6: 0.002070439 | C6: =LOG10(A6) -> 0.4836069 | D6: =LOG10(B6) -> -2.6839376 | F6: Pendiente 3-10 | H6: =SLOPE(D2:D324,C2:C324) -> 0.92804484 | I6: =INDEX(LINEST(D2:D324,C2:C324,TRUE,TRUE),2,1) -> 0.0020128057
A7: 3.0565275 | B7: 0.0020752281 | C7: =LOG10(A7) -> 0.48522831 | D7: =LOG10(B7) -> -2.6829342 | F7: Pendiente 3-20 | H7: =SLOPE(D2:D510,C2:C510) -> 0.92715633 | I7: =INDEX(LINEST(D2:D510,C2:C510,TRUE,TRUE),2,1) -> 0.00086368125
A8: 3.0679602 | B8: 0.002079962 | C8: =LOG10(A8) -> 0.48684972 | D8: =LOG10(B8) -> -2.6819446 | F8: Pendiente 3-30 | H8: =SLOPE(D2:D618,C2:C618) -> 0.94064046 | I8: =INDEX(LINEST(D2:D618,C2:C618,TRUE,TRUE),2,1) -> 0.0010080158
A9: 3.0794356 | B9: 0.0020846392 | C9: =LOG10(A9) -> 0.48847113 | D9: =LOG10(B9) -> -2.6809691 | F9: Pendiente 3-40 | H9: =SLOPE(D2:D695,C2:C695) -> 0.96653433 | I9: =INDEX(LINEST(D2:D695,C2:C695,TRUE,TRUE),2,1) -> 0.0017468105
A10: 3.090954 | B10: 0.0020892584 | C10: =LOG10(A10) -> 0.49009254 | D10: =LOG10(B10) -> -2.6800079 | F10: Pendiente 3-50 | H10: =SLOPE(D2:D755,C2:C755) -> 0.9875694 | I10: =INDEX(LINEST(D2:D755,C2:C755,TRUE,TRUE),2,1) -> 0.0020682259
A11: 3.1025154 | B11: 0.0020938183 | C11: =LOG10(A11) -> 0.49171395 | D11: =LOG10(B11) -> -2.679061
A12: 3.1141201 | B12: 0.0020983175 | C12: =LOG10(A12) -> 0.49333536 | D12: =LOG10(B12) -> -2.6781288
A13: 3.1257682 | B13: 0.0021027548 | C13: =LOG10(A13) -> 0.49495677 | D13: =LOG10(B13) -> -2.6772114
A14: 3.1374598 | B14: 0.0021071289 | C14: =LOG10(A14) -> 0.49657818 | D14: =LOG10(B14) -> -2.6763089
A15: 3.1491952 | B15: 0.0021114384 | C15: =LOG10(A15) -> 0.49819959 | D15: =LOG10(B15) -> -2.6754216
A16: 3.1609745 | B16: 0.002115682 | C16: =LOG10(A16) -> 0.499821 | D16: =LOG10(B16) -> -2.6745496
A17: 3.1727979 | B17: 0.0021198584 | C17: =LOG10(A17) -> 0.50144241 | D17: =LOG10(B17) -> -2.6736931
A18: 3.1846655 | B18: 0.002233454 | C18: =LOG10(A18) -> 0.50306382 | D18: =LOG10(B18) -> -2.651023
A19: 3.1965774 | B19: 0.0022407203 | C19: =LOG10(A19) -> 0.50468523 | D19: =LOG10(B19) -> -2.6496124
A20: 3.2085339 | B20: 0.0022479787 | C20: =LOG10(A20) -> 0.50630664 | D20: =LOG10(B20) -> -2.6482078
A21: 3.2205352 | B21: 0.0022552283 | C21: =LOG10(A21) -> 0.50792805 | D21: =LOG10(B21) -> -2.6468095
A22: 3.2325813 | B22: 0.0022624679 | C22: =LOG10(A22) -> 0.50954946 | D22: =LOG10(B22) -> -2.6454176
... A1001: 125 | B1001: 0.066317015 | C1001: =LOG10(A1001) -> 2.09691 | D1001: =LOG10(B1001) -> -1.178375

Sheet efbm_H0.5Mach1_2
A1: L | B1: Delta2(L) | C1: log(L) | D1: Log(Delta2(L)) | E1: Archivo | F1: H | G1: Mach | H1: dv_slope | I1: dv_slope_err
A2: 3 | B2: 0.0012584736 | C2: =LOG10(A2) -> 0.47712125 | D2: =LOG10(B2) -> -2.9001559 | E2: efbm_H0.5Mach1_2.fits | F2: 0.5 | G2: 1 | H2: 0.99966464 | I2: 0.0033354209
A3: 3.0112212 | B3: 0.0012615453 | C3: =LOG10(A3) -> 0.47874266 | D3: =LOG10(B3) -> -2.8990971
A4: 3.0224844 | B4: 0.0012645872 | C4: =LOG10(A4) -> 0.48036408 | D4: =LOG10(B4) -> -2.8980512
A5: 3.0337898 | B5: 0.0012675984 | C5: =LOG10(A5) -> 0.48198549 | D5: =LOG10(B5) -> -2.8970183 | H5: valor central | I5: desv tip
A6: 3.0451374 | B6: 0.001270578 | C6: =LOG10(A6) -> 0.4836069 | D6: =LOG10(B6) -> -2.8959987 | F6: Pendiente 3-10 | H6: =SLOPE(D2:D324,C2:C324) -> 1.0105329 | I6: =INDEX(LINEST(D2:D324,C2:C324,TRUE,TRUE),2,1) -> 0.0020283534
A7: 3.0565275 | B7: 0.0012735254 | C7: =LOG10(A7) -> 0.48522831 | D7: =LOG10(B7) -> -2.8949924 | F7: Pendiente 3-20 | H7: =SLOPE(D2:D510,C2:C510) -> 1.0025464 | I7: =INDEX(LINEST(D2:D510,C2:C510,TRUE,TRUE),2,1) -> 0.0010427444
A8: 3.0679602 | B8: 0.0012764395 | C8: =LOG10(A8) -> 0.48684972 | D8: =LOG10(B8) -> -2.8939998 | F8: Pendiente 3-30 | H8: =SLOPE(D2:D618,C2:C618) -> 0.99609452 | I8: =INDEX(LINEST(D2:D618,C2:C618,TRUE,TRUE),2,1) -> 0.00078972256
A9: 3.0794356 | B9: 0.0012793197 | C9: =LOG10(A9) -> 0.48847113 | D9: =LOG10(B9) -> -2.8930209 | F9: Pendiente 3-40 | H9: =SLOPE(D2:D695,C2:C695) -> 0.99464736 | I9: =INDEX(LINEST(D2:D695,C2:C695,TRUE,TRUE),2,1) -> 0.00064594262
A10: 3.090954 | B10: 0.0012821651 | C10: =LOG10(A10) -> 0.49009254 | D10: =LOG10(B10) -> -2.8920561 | F10: Pendiente 3-50 | H10: =SLOPE(D2:D755,C2:C755) -> 0.98345968 | I10: =INDEX(LINEST(D2:D755,C2:C755,TRUE,TRUE),2,1) -> 0.0010024529
A11: 3.1025154 | B11: 0.0012849748 | C11: =LOG10(A11) -> 0.49171395 | D11: =LOG10(B11) -> -2.8911054
A12: 3.1141201 | B12: 0.001287748 | C12: =LOG10(A12) -> 0.49333536 | D12: =LOG10(B12) -> -2.8901691
A13: 3.1257682 | B13: 0.001290484 | C13: =LOG10(A13) -> 0.49495677 | D13: =LOG10(B13) -> -2.8892474
A14: 3.1374598 | B14: 0.0012931819 | C14: =LOG10(A14) -> 0.49657818 | D14: =LOG10(B14) -> -2.8883404
A15: 3.1491952 | B15: 0.0012958409 | C15: =LOG10(A15) -> 0.49819959 | D15: =LOG10(B15) -> -2.8874483
A16: 3.1609745 | B16: 0.0012984602 | C16: =LOG10(A16) -> 0.499821 | D16: =LOG10(B16) -> -2.8865714
A17: 3.1727979 | B17: 0.0013010389 | C17: =LOG10(A17) -> 0.50144241 | D17: =LOG10(B17) -> -2.8857097
A18: 3.1846655 | B18: 0.0013706685 | C18: =LOG10(A18) -> 0.50306382 | D18: =LOG10(B18) -> -2.8630676
A19: 3.1965774 | B19: 0.0013751472 | C19: =LOG10(A19) -> 0.50468523 | D19: =LOG10(B19) -> -2.8616508
A20: 3.2085339 | B20: 0.001379622 | C20: =LOG10(A20) -> 0.50630664 | D20: =LOG10(B20) -> -2.8602399
A21: 3.2205352 | B21: 0.0013840924 | C21: =LOG10(A21) -> 0.50792805 | D21: =LOG10(B21) -> -2.8588349
A22: 3.2325813 | B22: 0.0013885577 | C22: =LOG10(A22) -> 0.50954946 | D22: =LOG10(B22) -> -2.8574361
... A1001: 125 | B1001: 0.025305915 | C1001: =LOG10(A1001) -> 2.09691 | D1001: =LOG10(B1001) -> -1.596778

Sheet efbm_H0.5Mach1_3
A1: L | B1: Delta2(L) | C1: log(L) | D1: Log(Delta2(L)) | E1: Archivo | F1: H | G1: Mach | H1: dv_slope | I1: dv_slope_err
A2: 3 | B2: 0.00073967327 | C2: =LOG10(A2) -> 0.47712125 | D2: =LOG10(B2) -> -3.1309601 | E2: efbm_H0.5Mach1_3.fits | F2: 0.5 | G2: 1 | H2: 1.0625933 | I2: 0.0041997873
A3: 3.0112212 | B3: 0.00074162917 | C3: =LOG10(A3) -> 0.47874266 | D3: =LOG10(B3) -> -3.1298132
A4: 3.0224844 | B4: 0.00074356808 | C4: =LOG10(A4) -> 0.48036408 | D4: =LOG10(B4) -> -3.1286793
A5: 3.0337898 | B5: 0.00074548948 | C5: =LOG10(A5) -> 0.48198549 | D5: =LOG10(B5) -> -3.1275585 | H5: valor central | I5: desv tip
A6: 3.0451374 | B6: 0.00074739284 | C6: =LOG10(A6) -> 0.4836069 | D6: =LOG10(B6) -> -3.1264511 | F6: Pendiente 3-10 | H6: =SLOPE(D2:D324,C2:C324) -> 1.0551075 | I6: =INDEX(LINEST(D2:D324,C2:C324,TRUE,TRUE),2,1) -> 0.0020364661
A7: 3.0565275 | B7: 0.00074927764 | C7: =LOG10(A7) -> 0.48522831 | D7: =LOG10(B7) -> -3.1253572 | F7: Pendiente 3-20 | H7: =SLOPE(D2:D510,C2:C510) -> 1.1195966 | I7: =INDEX(LINEST(D2:D510,C2:C510,TRUE,TRUE),2,1) -> 0.0024553816
A8: 3.0679602 | B8: 0.00075114337 | C8: =LOG10(A8) -> 0.48684972 | D8: =LOG10(B8) -> -3.1242772 | F8: Pendiente 3-30 | H8: =SLOPE(D2:D618,C2:C618) -> 1.1854681 | I8: =INDEX(LINEST(D2:D618,C2:C618,TRUE,TRUE),2,1) -> 0.0035527919
A9: 3.0794356 | B9: 0.00075298949 | C9: =LOG10(A9) -> 0.48847113 | D9: =LOG10(B9) -> -3.1232111 | F9: Pendiente 3-40 | H9: =SLOPE(D2:D695,C2:C695) -> 1.2341771 | I9: =INDEX(LINEST(D2:D695,C2:C695,TRUE,TRUE),2,1) -> 0.0040072866
A10: 3.090954 | B10: 0.00075481549 | C10: =LOG10(A10) -> 0.49009254 | D10: =LOG10(B10) -> -3.1221592 | F10: Pendiente 3-50 | H10: =SLOPE(D2:D755,C2:C755) -> 1.2621833 | I10: =INDEX(LINEST(D2:D755,C2:C755,TRUE,TRUE),2,1) -> 0.0039013972
A11: 3.1025154 | B11: 0.00075662084 | C11: =LOG10(A11) -> 0.49171395 | D11: =LOG10(B11) -> -3.1211217
A12: 3.1141201 | B12: 0.00075840504 | C12: =LOG10(A12) -> 0.49333536 | D12: =LOG10(B12) -> -3.1200988
A13: 3.1257682 | B13: 0.00076016756 | C13: =LOG10(A13) -> 0.49495677 | D13: =LOG10(B13) -> -3.1190907
A14: 3.1374598 | B14: 0.00076190788 | C14: =LOG10(A14) -> 0.49657818 | D14: =LOG10(B14) -> -3.1180975
A15: 3.1491952 | B15: 0.00076362549 | C15: =LOG10(A15) -> 0.49819959 | D15: =LOG10(B15) -> -3.1171196
A16: 3.1609745 | B16: 0.00076531989 | C16: =LOG10(A16) -> 0.499821 | D16: =LOG10(B16) -> -3.116157
A17: 3.1727979 | B17: 0.00076699057 | C17: =LOG10(A17) -> 0.50144241 | D17: =LOG10(B17) -> -3.11521
A18: 3.1846655 | B18: 0.00081012355 | C18: =LOG10(A18) -> 0.50306382 | D18: =LOG10(B18) -> -3.0914487
A19: 3.1965774 | B19: 0.00081297383 | C19: =LOG10(A19) -> 0.50468523 | D19: =LOG10(B19) -> -3.0899234
A20: 3.2085339 | B20: 0.00081582309 | C20: =LOG10(A20) -> 0.50630664 | D20: =LOG10(B20) -> -3.088404
A21: 3.2205352 | B21: 0.00081867091 | C21: =LOG10(A21) -> 0.50792805 | D21: =LOG10(B21) -> -3.0868906
A22: 3.2325813 | B22: 0.00082151686 | C22: =LOG10(A22) -> 0.50954946 | D22: =LOG10(B22) -> -3.0853835
... A1001: 125 | B1001: 0.064745563 | C1001: =LOG10(A1001) -> 2.09691 | D1001: =LOG10(B1001) -> -1.18879

Sheet efbm_H0.5Mach1_4
A1: L | B1: Delta2(L) | C1: log(L) | D1: Log(Delta2(L)) | E1: Archivo | F1: H | G1: Mach | H1: dv_slope | I1: dv_slope_err
A2: 3 | B2: 0.0017249152 | C2: =LOG10(A2) -> 0.47712125 | D2: =LOG10(B2) -> -2.7632323 | E2: efbm_H0.5Mach1_4.fits | F2: 0.5 | G2: 1 | H2: 1.0098618 | I2: 0.0040043123
A3: 3.0112212 | B3: 0.0017292877 | C3: =LOG10(A3) -> 0.47874266 | D3: =LOG10(B3) -> -2.7621328
A4: 3.0224844 | B4: 0.0017336178 | C4: =LOG10(A4) -> 0.48036408 | D4: =LOG10(B4) -> -2.7610467
A5: 3.0337898 | B5: 0.0017379042 | C5: =LOG10(A5) -> 0.48198549 | D5: =LOG10(B5) -> -2.7599742 | H5: valor central | I5: desv tip
A6: 3.0451374 | B6: 0.0017421459 | C6: =LOG10(A6) -> 0.4836069 | D6: =LOG10(B6) -> -2.7589155 | F6: Pendiente 3-10 | H6: =SLOPE(D2:D324,C2:C324) -> 1.0234232 | I6: =INDEX(LINEST(D2:D324,C2:C324,TRUE,TRUE),2,1) -> 0.0019830017
A7: 3.0565275 | B7: 0.0017463416 | C7: =LOG10(A7) -> 0.48522831 | D7: =LOG10(B7) -> -2.7578708 | F7: Pendiente 3-20 | H7: =SLOPE(D2:D510,C2:C510) -> 1.0054079 | I7: =INDEX(LINEST(D2:D510,C2:C510,TRUE,TRUE),2,1) -> 0.0012860793
A8: 3.0679602 | B8: 0.0017504901 | C8: =LOG10(A8) -> 0.48684972 | D8: =LOG10(B8) -> -2.7568403 | F8: Pendiente 3-30 | H8: =SLOPE(D2:D618,C2:C618) -> 0.95302787 | I8: =INDEX(LINEST(D2:D618,C2:C618,TRUE,TRUE),2,1) -> 0.0027210534
A9: 3.0794356 | B9: 0.0017545903 | C9: =LOG10(A9) -> 0.48847113 | D9: =LOG10(B9) -> -2.7558243 | F9: Pendiente 3-40 | H9: =SLOPE(D2:D695,C2:C695) -> 0.907819 | I9: =INDEX(LINEST(D2:D695,C2:C695,TRUE,TRUE),2,1) -> 0.0034173268
A10: 3.090954 | B10: 0.0017586411 | C10: =LOG10(A10) -> 0.49009254 | D10: =LOG10(B10) -> -2.7548228 | F10: Pendiente 3-50 | H10: =SLOPE(D2:D755,C2:C755) -> 0.87852242 | I10: =INDEX(LINEST(D2:D755,C2:C755,TRUE,TRUE),2,1) -> 0.0035256767
A11: 3.1025154 | B11: 0.0017626411 | C11: =LOG10(A11) -> 0.49171395 | D11: =LOG10(B11) -> -2.7538361
A12: 3.1141201 | B12: 0.0017665894 | C12: =LOG10(A12) -> 0.49333536 | D12: =LOG10(B12) -> -2.7528644
A13: 3.1257682 | B13: 0.0017704847 | C13: =LOG10(A13) -> 0.49495677 | D13: =LOG10(B13) -> -2.7519078
A14: 3.1374598 | B14: 0.0017743258 | C14: =LOG10(A14) -> 0.49657818 | D14: =LOG10(B14) -> -2.7509666
A15: 3.1491952 | B15: 0.0017781117 | C15: =LOG10(A15) -> 0.49819959 | D15: =LOG10(B15) -> -2.750041
A16: 3.1609745 | B16: 0.0017818412 | C16: =LOG10(A16) -> 0.499821 | D16: =LOG10(B16) -> -2.749131
A17: 3.1727979 | B17: 0.0017855131 | C17: =LOG10(A17) -> 0.50144241 | D17: =LOG10(B17) -> -2.748237
A18: 3.1846655 | B18: 0.0018845897 | C18: =LOG10(A18) -> 0.50306382 | D18: =LOG10(B18) -> -2.7247832
A19: 3.1965774 | B19: 0.0018909589 | C19: =LOG10(A19) -> 0.50468523 | D19: =LOG10(B19) -> -2.7233179
A20: 3.2085339 | B20: 0.0018973224 | C20: =LOG10(A20) -> 0.50630664 | D20: =LOG10(B20) -> -2.7218589
A21: 3.2205352 | B21: 0.0019036792 | C21: =LOG10(A21) -> 0.50792805 | D21: =LOG10(B21) -> -2.7204062
A22: 3.2325813 | B22: 0.0019100283 | C22: =LOG10(A22) -> 0.50954946 | D22: =LOG10(B22) -> -2.7189602
... A1001: 125 | B1001: 0.017212922 | C1001: =LOG10(A1001) -> 2.09691 | D1001: =LOG10(B1001) -> -1.7641454

Sheet efbm_H0.5Mach1_5
A1: L | B1: Delta2(L) | C1: log(L) | D1: Log(Delta2(L)) | E1: Archivo | F1: H | G1: Mach | H1: dv_slope | I1: dv_slope_err
A2: 3 | B2: 0.0026054123 | C2: =LOG10(A2) -> 0.47712125 | D2: =LOG10(B2) -> -2.5841235 | E2: efbm_H0.5Mach1_5.fits | F2: 0.5 | G2: 1 | H2: 1.0475696 | I2: 0.0040170492
A3: 3.0112212 | B3: 0.0026121328 | C3: =LOG10(A3) -> 0.47874266 | D3: =LOG10(B3) -> -2.5830048
A4: 3.0224844 | B4: 0.0026187915 | C4: =LOG10(A4) -> 0.48036408 | D4: =LOG10(B4) -> -2.5818991
A5: 3.0337898 | B5: 0.0026253866 | C5: =LOG10(A5) -> 0.48198549 | D5: =LOG10(B5) -> -2.5808067 | H5: valor central | I5: desv tip
A6: 3.0451374 | B6: 0.0026319165 | C6: =LOG10(A6) -> 0.4836069 | D6: =LOG10(B6) -> -2.5797279 | F6: Pendiente 3-10 | H6: =SLOPE(D2:D324,C2:C324) -> 1.0370632 | I6: =INDEX(LINEST(D2:D324,C2:C324,TRUE,TRUE),2,1) -> 0.0019859629
A7: 3.0565275 | B7: 0.0026383793 | C7: =LOG10(A7) -> 0.48522831 | D7: =LOG10(B7) -> -2.5786628 | F7: Pendiente 3-20 | H7: =SLOPE(D2:D510,C2:C510) -> 1.0932597 | I7: =INDEX(LINEST(D2:D510,C2:C510,TRUE,TRUE),2,1) -> 0.0021691304
A8: 3.0679602 | B8: 0.0026447733 | C8: =LOG10(A8) -> 0.48684972 | D8: =LOG10(B8) -> -2.5776115 | F8: Pendiente 3-30 | H8: =SLOPE(D2:D618,C2:C618) -> 1.1224191 | I8: =INDEX(LINEST(D2:D618,C2:C618,TRUE,TRUE),2,1) -> 0.0019900168
A9: 3.0794356 | B9: 0.0026510968 | C9: =LOG10(A9) -> 0.48847113 | D9: =LOG10(B9) -> -2.5765744 | F9: Pendiente 3-40 | H9: =SLOPE(D2:D695,C2:C695) -> 1.1266311 | I9: =INDEX(LINEST(D2:D695,C2:C695,TRUE,TRUE),2,1) -> 0.0016190481
A10: 3.090954 | B10: 0.002657348 | C10: =LOG10(A10) -> 0.49009254 | D10: =LOG10(B10) -> -2.5755516 | F10: Pendiente 3-50 | H10: =SLOPE(D2:D755,C2:C755) -> 1.113334 | I10: =INDEX(LINEST(D2:D755,C2:C755,TRUE,TRUE),2,1) -> 0.0017044925
A11: 3.1025154 | B11: 0.0026635251 | C11: =LOG10(A11) -> 0.49171395 | D11: =LOG10(B11) -> -2.5745432
A12: 3.1141201 | B12: 0.0026696264 | C12: =LOG10(A12) -> 0.49333536 | D12: =LOG10(B12) -> -2.5735495
A13: 3.1257682 | B13: 0.0026756502 | C13: =LOG10(A13) -> 0.49495677 | D13: =LOG10(B13) -> -2.5725707
A14: 3.1374598 | B14: 0.0026815947 | C14: =LOG10(A14) -> 0.49657818 | D14: =LOG10(B14) -> -2.5716069
A15: 3.1491952 | B15: 0.0026874582 | C15: =LOG10(A15) -> 0.49819959 | D15: =LOG10(B15) -> -2.5706583
A16: 3.1609745 | B16: 0.0026932391 | C16: =LOG10(A16) -> 0.499821 | D16: =LOG10(B16) -> -2.5697251
A17: 3.1727979 | B17: 0.0026989355 | C17: =LOG10(A17) -> 0.50144241 | D17: =LOG10(B17) -> -2.5688075
A18: 3.1846655 | B18: 0.0028494398 | C18: =LOG10(A18) -> 0.50306382 | D18: =LOG10(B18) -> -2.5452405
A19: 3.1965774 | B19: 0.0028592558 | C19: =LOG10(A19) -> 0.50468523 | D19: =LOG10(B19) -> -2.543747
A20: 3.2085339 | B20: 0.0028690673 | C20: =LOG10(A20) -> 0.50630664 | D20: =LOG10(B20) -> -2.5422593
A21: 3.2205352 | B21: 0.0028788728 | C21: =LOG10(A21) -> 0.50792805 | D21: =LOG10(B21) -> -2.5407775
A22: 3.2325813 | B22: 0.0028886709 | C22: =LOG10(A22) -> 0.50954946 | D22: =LOG10(B22) -> -2.5393019
... A1001: 125 | B1001: 0.052262043 | C1001: =LOG10(A1001) -> 2.09691 | D1001: =LOG10(B1001) -> -1.2818136

Sheet efbm_H0.5Mach1_6
A1: L | B1: Delta2(L) | C1: log(L) | D1: Log(Delta2(L)) | E1: Archivo | F1: H | G1: Mach | H1: dv_slope | I1: dv_slope_err
A2: 3 | B2: 0.00067189778 | C2: =LOG10(A2) -> 0.47712125 | D2: =LOG10(B2) -> -3.1726968 | E2: efbm_H0.5Mach1_6.fits | F2: 0.5 | G2: 1 | H2: 0.84977915 | I2: 0.0041770153
A3: 3.0112212 | B3: 0.00067347771 | C3: =LOG10(A3) -> 0.47874266 | D3: =LOG10(B3) -> -3.1716768
A4: 3.0224844 | B4: 0.00067504027 | C4: =LOG10(A4) -> 0.48036408 | D4: =LOG10(B4) -> -3.1706703
A5: 3.0337898 | B5: 0.00067658502 | C5: =LOG10(A5) -> 0.48198549 | D5: =LOG10(B5) -> -3.1696776 | H5: valor central | I5: desv tip
A6: 3.0451374 | B6: 0.00067811153 | C6: =LOG10(A6) -> 0.4836069 | D6: =LOG10(B6) -> -3.1686989 | F6: Pendiente 3-10 | H6: =SLOPE(D2:D324,C2:C324) -> 0.82240712 | I6: =INDEX(LINEST(D2:D324,C2:C324,TRUE,TRUE),2,1) -> 0.0022318867
A7: 3.0565275 | B7: 0.00067961934 | C7: =LOG10(A7) -> 0.48522831 | D7: =LOG10(B7) -> -3.1677343 | F7: Pendiente 3-20 | H7: =SLOPE(D2:D510,C2:C510) -> 0.82911931 | I7: =INDEX(LINEST(D2:D510,C2:C510,TRUE,TRUE),2,1) -> 0.0014647347
A8: 3.0679602 | B8: 0.00068110802 | C8: =LOG10(A8) -> 0.48684972 | D8: =LOG10(B8) -> -3.166784 | F8: Pendiente 3-30 | H8: =SLOPE(D2:D618,C2:C618) -> 0.88720833 | I8: =INDEX(LINEST(D2:D618,C2:C618,TRUE,TRUE),2,1) -> 0.0029828029
A9: 3.0794356 | B9: 0.00068257714 | C9: =LOG10(A9) -> 0.48847113 | D9: =LOG10(B9) -> -3.1658483 | F9: Pendiente 3-40 | H9: =SLOPE(D2:D695,C2:C695) -> 0.92858185 | I9: =INDEX(LINEST(D2:D695,C2:C695,TRUE,TRUE),2,1) -> 0.0033791611
A10: 3.090954 | B10: 0.00068402624 | C10: =LOG10(A10) -> 0.49009254 | D10: =LOG10(B10) -> -3.1649272 | F10: Pendiente 3-50 | H10: =SLOPE(D2:D755,C2:C755) -> 0.94665408 | I10: =INDEX(LINEST(D2:D755,C2:C755,TRUE,TRUE),2,1) -> 0.0031267878
A11: 3.1025154 | B11: 0.0006854549 | C11: =LOG10(A11) -> 0.49171395 | D11: =LOG10(B11) -> -3.1640211
A12: 3.1141201 | B12: 0.00068686269 | C12: =LOG10(A12) -> 0.49333536 | D12: =LOG10(B12) -> -3.1631301
A13: 3.1257682 | B13: 0.00068824917 | C13: =LOG10(A13) -> 0.49495677 | D13: =LOG10(B13) -> -3.1622543
A14: 3.1374598 | B14: 0.00068961391 | C14: =LOG10(A14) -> 0.49657818 | D14: =LOG10(B14) -> -3.161394
A15: 3.1491952 | B15: 0.00069095649 | C15: =LOG10(A15) -> 0.49819959 | D15: =LOG10(B15) -> -3.1605493
A16: 3.1609745 | B16: 0.00069227648 | C16: =LOG10(A16) -> 0.499821 | D16: =LOG10(B16) -> -3.1597204
A17: 3.1727979 | B17: 0.00069357348 | C17: =LOG10(A17) -> 0.50144241 | D17: =LOG10(B17) -> -3.1589075
A18: 3.1846655 | B18: 0.00072980864 | C18: =LOG10(A18) -> 0.50306382 | D18: =LOG10(B18) -> -3.136791
A19: 3.1965774 | B19: 0.00073207948 | C19: =LOG10(A19) -> 0.50468523 | D19: =LOG10(B19) -> -3.1354418
A20: 3.2085339 | B20: 0.00073434566 | C20: =LOG10(A20) -> 0.50630664 | D20: =LOG10(B20) -> -3.1340995
A21: 3.2205352 | B21: 0.00073660684 | C21: =LOG10(A21) -> 0.50792805 | D21: =LOG10(B21) -> -3.1327643
A22: 3.2325813 | B22: 0.00073886263 | C22: =LOG10(A22) -> 0.50954946 | D22: =LOG10(B22) -> -3.1314363
... A1001: 125 | B1001: 0.01395075 | C1001: =LOG10(A1001) -> 2.09691 | D1001: =LOG10(B1001) -> -1.8554024

Sheet efbm_H0.5Mach1_7
A1: L | B1: Delta2(L) | C1: log(L) | D1: Log(Delta2(L)) | E1: Archivo | F1: H | G1: Mach | H1: dv_slope | I1: dv_slope_err
A2: 3 | B2: 0.00054058963 | C2: =LOG10(A2) -> 0.47712125 | D2: =LOG10(B2) -> -3.2671323 | E2: efbm_H0.5Mach1_7.fits | F2: 0.5 | G2: 1 | H2: 0.97528765 | I2: 0.004432257
A3: 3.0112212 | B3: 0.00054200501 | C3: =LOG10(A3) -> 0.47874266 | D3: =LOG10(B3) -> -3.2659967
A4: 3.0224844 | B4: 0.00054340684 | C4: =LOG10(A4) -> 0.48036408 | D4: =LOG10(B4) -> -3.2648749
A5: 3.0337898 | B5: 0.00054479472 | C5: =LOG10(A5) -> 0.48198549 | D5: =LOG10(B5) -> -3.2637671 | H5: valor central | I5: desv tip
A6: 3.0451374 | B6: 0.00054616828 | C6: =LOG10(A6) -> 0.4836069 | D6: =LOG10(B6) -> -3.2626735 | F6: Pendiente 3-10 | H6: =SLOPE(D2:D324,C2:C324) -> 0.95229709 | I6: =INDEX(LINEST(D2:D324,C2:C324,TRUE,TRUE),2,1) -> 0.0023136799
A7: 3.0565275 | B7: 0.00054752715 | C7: =LOG10(A7) -> 0.48522831 | D7: =LOG10(B7) -> -3.2615943 | F7: Pendiente 3-20 | H7: =SLOPE(D2:D510,C2:C510) -> 0.94505825 | I7: =INDEX(LINEST(D2:D510,C2:C510,TRUE,TRUE),2,1) -> 0.0011221926
A8: 3.0679602 | B8: 0.00054887095 | C8: =LOG10(A8) -> 0.48684972 | D8: =LOG10(B8) -> -3.2605298 | F8: Pendiente 3-30 | H8: =SLOPE(D2:D618,C2:C618) -> 0.969679 | I8: =INDEX(LINEST(D2:D618,C2:C618,TRUE,TRUE),2,1) -> 0.0014509689
A9: 3.0794356 | B9: 0.00055019929 | C9: =LOG10(A9) -> 0.48847113 | D9: =LOG10(B9) -> -3.25948 | F9: Pendiente 3-40 | H9: =SLOPE(D2:D695,C2:C695) -> 0.99924778 | I9: =INDEX(LINEST(D2:D695,C2:C695,TRUE,TRUE),2,1) -> 0.0021213459
A10: 3.090954 | B10: 0.00055151181 | C10: =LOG10(A10) -> 0.49009254 | D10: =LOG10(B10) -> -3.2584452 | F10: Pendiente 3-50 | H10: =SLOPE(D2:D755,C2:C755) -> 1.0308855 | I10: =INDEX(LINEST(D2:D755,C2:C755,TRUE,TRUE),2,1) -> 0.0028393916
A11: 3.1025154 | B11: 0.00055280812 | C11: =LOG10(A11) -> 0.49171395 | D11: =LOG10(B11) -> -3.2574256
A12: 3.1141201 | B12: 0.00055408785 | C12: =LOG10(A12) -> 0.49333536 | D12: =LOG10(B12) -> -3.2564214
A13: 3.1257682 | B13: 0.00055535064 | C13: =LOG10(A13) -> 0.49495677 | D13: =LOG10(B13) -> -3.2554327
A14: 3.1374598 | B14: 0.00055659611 | C14: =LOG10(A14) -> 0.49657818 | D14: =LOG10(B14) -> -3.2544598
A15: 3.1491952 | B15: 0.00055782389 | C15: =LOG10(A15) -> 0.49819959 | D15: =LOG10(B15) -> -3.2535029
A16: 3.1609745 | B16: 0.00055903362 | C16: =LOG10(A16) -> 0.499821 | D16: =LOG10(B16) -> -3.2525621
A17: 3.1727979 | B17: 0.00056022493 | C17: =LOG10(A17) -> 0.50144241 | D17: =LOG10(B17) -> -3.2516376
A18: 3.1846655 | B18: 0.00059151264 | C18: =LOG10(A18) -> 0.50306382 | D18: =LOG10(B18) -> -3.228036
A19: 3.1965774 | B19: 0.00059355217 | C19: =LOG10(A19) -> 0.50468523 | D19: =LOG10(B19) -> -3.2265411
A20: 3.2085339 | B20: 0.00059558945 | C20: =LOG10(A20) -> 0.50630664 | D20: =LOG10(B20) -> -3.225053
A21: 3.2205352 | B21: 0.00059762418 | C21: =LOG10(A21) -> 0.50792805 | D21: =LOG10(B21) -> -3.2235718
A22: 3.2325813 | B22: 0.00059965604 | C22: =LOG10(A22) -> 0.50954946 | D22: =LOG10(B22) -> -3.2220978
... A1001: 125 | B1001: 0.029408234 | C1001: =LOG10(A1001) -> 2.09691 | D1001: =LOG10(B1001) -> -1.5315311

Sheet efbm_H0.5Mach1_8
A1: L | B1: Delta2(L) | C1: log(L) | D1: Log(Delta2(L)) | E1: Archivo | F1: H | G1: Mach | H1: dv_slope | I1: dv_slope_err
A2: 3 | B2: 0.0007629771 | C2: =LOG10(A2) -> 0.47712125 | D2: =LOG10(B2) -> -3.1174885 | E2: efbm_H0.5Mach1_8.fits | F2: 0.5 | G2: 1 | H2: 0.98865269 | I2: 0.0037500835
A3: 3.0112212 | B3: 0.00076475255 | C3: =LOG10(A3) -> 0.47874266 | D3: =LOG10(B3) -> -3.1164791
A4: 3.0224844 | B4: 0.00076650925 | C4: =LOG10(A4) -> 0.48036408 | D4: =LOG10(B4) -> -3.1154826
A5: 3.0337898 | B5: 0.00076824669 | C5: =LOG10(A5) -> 0.48198549 | D5: =LOG10(B5) -> -3.1144993 | H5: valor central | I5: desv tip
A6: 3.0451374 | B6: 0.00076996439 | C6: =LOG10(A6) -> 0.4836069 | D6: =LOG10(B6) -> -3.1135294 | F6: Pendiente 3-10 | H6: =SLOPE(D2:D324,C2:C324) -> 1.0061867 | I6: =INDEX(LINEST(D2:D324,C2:C324,TRUE,TRUE),2,1) -> 0.0026804941
A7: 3.0565275 | B7: 0.00077166186 | C7: =LOG10(A7) -> 0.48522831 | D7: =LOG10(B7) -> -3.112573 | F7: Pendiente 3-20 | H7: =SLOPE(D2:D510,C2:C510) -> 1.0756293 | I7: =INDEX(LINEST(D2:D510,C2:C510,TRUE,TRUE),2,1) -> 0.0022570971
A8: 3.0679602 | B8: 0.00077333861 | C8: =LOG10(A8) -> 0.48684972 | D8: =LOG10(B8) -> -3.1116303 | F8: Pendiente 3-30 | H8: =SLOPE(D2:D618,C2:C618) -> 1.1315482 | I8: =INDEX(LINEST(D2:D618,C2:C618,TRUE,TRUE),2,1) -> 0.0031674599
A9: 3.0794356 | B9: 0.00077499415 | C9: =LOG10(A9) -> 0.48847113 | D9: =LOG10(B9) -> -3.1107016 | F9: Pendiente 3-40 | H9: =SLOPE(D2:D695,C2:C695) -> 1.1889131 | I9: =INDEX(LINEST(D2:D695,C2:C695,TRUE,TRUE),2,1) -> 0.00422215
A10: 3.090954 | B10: 0.000776628 | C10: =LOG10(A10) -> 0.49009254 | D10: =LOG10(B10) -> -3.109787 | F10: Pendiente 3-50 | H10: =SLOPE(D2:D755,C2:C755) -> 1.2314436 | I10: =INDEX(LINEST(D2:D755,C2:C755,TRUE,TRUE),2,1) -> 0.0046178853
A11: 3.1025154 | B11: 0.00077823967 | C11: =LOG10(A11) -> 0.49171395 | D11: =LOG10(B11) -> -3.1088866
A12: 3.1141201 | B12: 0.00077982869 | C12: =LOG10(A12) -> 0.49333536 | D12: =LOG10(B12) -> -3.1080008
A13: 3.1257682 | B13: 0.00078139456 | C13: =LOG10(A13) -> 0.49495677 | D13: =LOG10(B13) -> -3.1071296
A14: 3.1374598 | B14: 0.00078293682 | C14: =LOG10(A14) -> 0.49657818 | D14: =LOG10(B14) -> -3.1062733
A15: 3.1491952 | B15: 0.00078445497 | C15: =LOG10(A15) -> 0.49819959 | D15: =LOG10(B15) -> -3.105432
A16: 3.1609745 | B16: 0.00078594857 | C16: =LOG10(A16) -> 0.499821 | D16: =LOG10(B16) -> -3.1046059
A17: 3.1727979 | B17: 0.00078741712 | C17: =LOG10(A17) -> 0.50144241 | D17: =LOG10(B17) -> -3.1037951
A18: 3.1846655 | B18: 0.00082962787 | C18: =LOG10(A18) -> 0.50306382 | D18: =LOG10(B18) -> -3.0811167
A19: 3.1965774 | B19: 0.00083224529 | C19: =LOG10(A19) -> 0.50468523 | D19: =LOG10(B19) -> -3.0797487
A20: 3.2085339 | B20: 0.0008348597 | C20: =LOG10(A20) -> 0.50630664 | D20: =LOG10(B20) -> -3.0783865
A21: 3.2205352 | B21: 0.00083747071 | C21: =LOG10(A21) -> 0.50792805 | D21: =LOG10(B21) -> -3.0770304
A22: 3.2325813 | B22: 0.00084007793 | C22: =LOG10(A22) -> 0.50954946 | D22: =LOG10(B22) -> -3.0756804
... A1001: 125 | B1001: 0.052641687 | C1001: =LOG10(A1001) -> 2.09691 | D1001: =LOG10(B1001) -> -1.2786702

Sheet efbm_H0.5Mach1_9
A1: L | B1: Delta2(L) | C1: log(L) | D1: Log(Delta2(L)) | E1: Archivo | F1: H | G1: Mach | H1: dv_slope | I1: dv_slope_err
A2: 3 | B2: 0.00041077729 | C2: =LOG10(A2) -> 0.47712125 | D2: =LOG10(B2) -> -3.3863936 | E2: efbm_H0.5Mach1_9.fits | F2: 0.5 | G2: 1 | H2: 1.0304632 | I2: 0.0039257242
A3: 3.0112212 | B3: 0.00041182841 | C3: =LOG10(A3) -> 0.47874266 | D3: =LOG10(B3) -> -3.3852837
A4: 3.0224844 | B4: 0.00041286952 | C4: =LOG10(A4) -> 0.48036408 | D4: =LOG10(B4) -> -3.3841872
A5: 3.0337898 | B5: 0.00041390036 | C5: =LOG10(A5) -> 0.48198549 | D5: =LOG10(B5) -> -3.3831042 | H5: valor central | I5: desv tip
A6: 3.0451374 | B6: 0.00041492062 | C6: =LOG10(A6) -> 0.4836069 | D6: =LOG10(B6) -> -3.382035 | F6: Pendiente 3-10 | H6: =SLOPE(D2:D324,C2:C324) -> 1.0329239 | I6: =INDEX(LINEST(D2:D324,C2:C324,TRUE,TRUE),2,1) -> 0.0020217781
A7: 3.0565275 | B7: 0.00041593005 | C7: =LOG10(A7) -> 0.48522831 | D7: =LOG10(B7) -> -3.3809797 | F7: Pendiente 3-20 | H7: =SLOPE(D2:D510,C2:C510) -> 1.0445401 | I7: =INDEX(LINEST(D2:D510,C2:C510,TRUE,TRUE),2,1) -> 0.00094102389
A8: 3.0679602 | B8: 0.00041692834 | C8: =LOG10(A8) -> 0.48684972 | D8: =LOG10(B8) -> -3.3799386 | F8: Pendiente 3-30 | H8: =SLOPE(D2:D618,C2:C618) -> 1.0671955 | I8: =INDEX(LINEST(D2:D618,C2:C618,TRUE,TRUE),2,1) -> 0.001327043
A9: 3.0794356 | B9: 0.00041791524 | C9: =LOG10(A9) -> 0.48847113 | D9: =LOG10(B9) -> -3.3789118 | F9: Pendiente 3-40 | H9: =SLOPE(D2:D695,C2:C695) -> 1.0942281 | I9: =INDEX(LINEST(D2:D695,C2:C695,TRUE,TRUE),2,1) -> 0.0019275377
A10: 3.090954 | B10: 0.00041889045 | C10: =LOG10(A10) -> 0.49009254 | D10: =LOG10(B10) -> -3.3778995 | F10: Pendiente 3-50 | H10: =SLOPE(D2:D755,C2:C755) -> 1.1197761 | I10: =INDEX(LINEST(D2:D755,C2:C755,TRUE,TRUE),2,1) -> 0.0024074781
A11: 3.1025154 | B11: 0.0004198537 | C11: =LOG10(A11) -> 0.49171395 | D11: =LOG10(B11) -> -3.376902
A12: 3.1141201 | B12: 0.00042080471 | C12: =LOG10(A12) -> 0.49333536 | D12: =LOG10(B12) -> -3.3759194
A13: 3.1257682 | B13: 0.0004217432 | C13: =LOG10(A13) -> 0.49495677 | D13: =LOG10(B13) -> -3.3749519
A14: 3.1374598 | B14: 0.00042266891 | C14: =LOG10(A14) -> 0.49657818 | D14: =LOG10(B14) -> -3.3739997
A15: 3.1491952 | B15: 0.00042358156 | C15: =LOG10(A15) -> 0.49819959 | D15: =LOG10(B15) -> -3.373063
A16: 3.1609745 | B16: 0.00042448087 | C16: =LOG10(A16) -> 0.499821 | D16: =LOG10(B16) -> -3.3721419
A17: 3.1727979 | B17: 0.00042536659 | C17: =LOG10(A17) -> 0.50144241 | D17: =LOG10(B17) -> -3.3712366
A18: 3.1846655 | B18: 0.00044883388 | C18: =LOG10(A18) -> 0.50306382 | D18: =LOG10(B18) -> -3.3479144
A19: 3.1965774 | B19: 0.00045035914 | C19: =LOG10(A19) -> 0.50468523 | D19: =LOG10(B19) -> -3.346441
A20: 3.2085339 | B20: 0.00045188312 | C20: =LOG10(A20) -> 0.50630664 | D20: =LOG10(B20) -> -3.3449739
A21: 3.2205352 | B21: 0.00045340559 | C21: =LOG10(A21) -> 0.50792805 | D21: =LOG10(B21) -> -3.3435131
A22: 3.2325813 | B22: 0.00045492633 | C22: =LOG10(A22) -> 0.50954946 | D22: =LOG10(B22) -> -3.3420589
... A1001: 125 | B1001: 0.026630161 | C1001: =LOG10(A1001) -> 2.09691 | D1001: =LOG10(B1001) -> -1.5746262

Sheet efbm_H0.5Mach2.5_0
A1: L | B1: Delta2(L) | C1: log(L) | D1: Log(Delta2(L)) | E1: Archivo | F1: H | G1: Mach | H1: dv_slope | I1: dv_slope_err
A2: 3 | B2: 0.010447533 | C2: =LOG10(A2) -> 0.47712125 | D2: =LOG10(B2) -> -1.9809863 | E2: efbm_H0.5Mach2.5_0.fits | F2: 0.5 | G2: 2.5 | H2: 0.88899816 | I2: 0.0060863508
A3: 3.0112212 | B3: 0.010473445 | C3: =LOG10(A3) -> 0.47874266 | D3: =LOG10(B3) -> -1.9799104
A4: 3.0224844 | B4: 0.010499097 | C4: =LOG10(A4) -> 0.48036408 | D4: =LOG10(B4) -> -1.978848
A5: 3.0337898 | B5: 0.010524482 | C5: =LOG10(A5) -> 0.48198549 | D5: =LOG10(B5) -> -1.9777993 | H5: valor central | I5: desv tip
A6: 3.0451374 | B6: 0.010549592 | C6: =LOG10(A6) -> 0.4836069 | D6: =LOG10(B6) -> -1.9767643 | F6: Pendiente 3-10 | H6: =SLOPE(D2:D324,C2:C324) -> 0.93450301 | I6: =INDEX(LINEST(D2:D324,C2:C324,TRUE,TRUE),2,1) -> 0.0032921638
A7: 3.0565275 | B7: 0.010574421 | C7: =LOG10(A7) -> 0.48522831 | D7: =LOG10(B7) -> -1.9757434 | F7: Pendiente 3-20 | H7: =SLOPE(D2:D510,C2:C510) -> 0.77487799 | I7: =INDEX(LINEST(D2:D510,C2:C510,TRUE,TRUE),2,1) -> 0.0047289439
A8: 3.0679602 | B8: 0.010598962 | C8: =LOG10(A8) -> 0.48684972 | D8: =LOG10(B8) -> -1.9747367 | F8: Pendiente 3-30 | H8: =SLOPE(D2:D618,C2:C618) -> 0.7285672 | I8: =INDEX(LINEST(D2:D618,C2:C618,TRUE,TRUE),2,1) -> 0.0038509084
A9: 3.0794356 | B9: 0.010623207 | C9: =LOG10(A9) -> 0.48847113 | D9: =LOG10(B9) -> -1.9737443 | F9: Pendiente 3-40 | H9: =SLOPE(D2:D695,C2:C695) -> 0.71826339 | I9: =INDEX(LINEST(D2:D695,C2:C695,TRUE,TRUE),2,1) -> 0.0031083875
A10: 3.090954 | B10: 0.010647151 | C10: =LOG10(A10) -> 0.49009254 | D10: =LOG10(B10) -> -1.9727666 | F10: Pendiente 3-50 | H10: =SLOPE(D2:D755,C2:C755) -> 0.71819172 | I10: =INDEX(LINEST(D2:D755,C2:C755,TRUE,TRUE),2,1) -> 0.0026342024
A11: 3.1025154 | B11: 0.010670786 | C11: =LOG10(A11) -> 0.49171395 | D11: =LOG10(B11) -> -1.9718036
A12: 3.1141201 | B12: 0.010694105 | C12: =LOG10(A12) -> 0.49333536 | D12: =LOG10(B12) -> -1.9708556
A13: 3.1257682 | B13: 0.010717101 | C13: =LOG10(A13) -> 0.49495677 | D13: =LOG10(B13) -> -1.9699227
A14: 3.1374598 | B14: 0.010739768 | C14: =LOG10(A14) -> 0.49657818 | D14: =LOG10(B14) -> -1.9690051
A15: 3.1491952 | B15: 0.010762099 | C15: =LOG10(A15) -> 0.49819959 | D15: =LOG10(B15) -> -1.968103
A16: 3.1609745 | B16: 0.010784088 | C16: =LOG10(A16) -> 0.499821 | D16: =LOG10(B16) -> -1.9672166
A17: 3.1727979 | B17: 0.010805727 | C17: =LOG10(A17) -> 0.50144241 | D17: =LOG10(B17) -> -1.966346
A18: 3.1846655 | B18: 0.011401041 | C18: =LOG10(A18) -> 0.50306382 | D18: =LOG10(B18) -> -1.9430555
A19: 3.1965774 | B19: 0.01143888 | C19: =LOG10(A19) -> 0.50468523 | D19: =LOG10(B19) -> -1.9416165
A20: 3.2085339 | B20: 0.01147668 | C20: =LOG10(A20) -> 0.50630664 | D20: =LOG10(B20) -> -1.9401837
A21: 3.2205352 | B21: 0.011514437 | C21: =LOG10(A21) -> 0.50792805 | D21: =LOG10(B21) -> -1.9387573
A22: 3.2325813 | B22: 0.011552145 | C22: =LOG10(A22) -> 0.50954946 | D22: =LOG10(B22) -> -1.9373374
... A1001: 125 | B1001: 0.079790973 | C1001: =LOG10(A1001) -> 2.09691 | D1001: =LOG10(B1001) -> -1.0980462

Sheet efbm_H0.5Mach2.5_1
A1: L | B1: Delta2(L) | C1: log(L) | D1: Log(Delta2(L)) | E1: Archivo | F1: H | G1: Mach | H1: dv_slope | I1: dv_slope_err
A2: 3 | B2: 0.040810521 | C2: =LOG10(A2) -> 0.47712125 | D2: =LOG10(B2) -> -1.3892279 | E2: efbm_H0.5Mach2.5_1.fits | F2: 0.5 | G2: 2.5 | H2: 0.93667251 | I2: 0.0045352154
A3: 3.0112212 | B3: 0.040908606 | C3: =LOG10(A3) -> 0.47874266 | D3: =LOG10(B3) -> -1.3881853
A4: 3.0224844 | B4: 0.041005731 | C4: =LOG10(A4) -> 0.48036408 | D4: =LOG10(B4) -> -1.3871554
A5: 3.0337898 | B5: 0.041101869 | C5: =LOG10(A5) -> 0.48198549 | D5: =LOG10(B5) -> -1.3861384 | H5: valor central | I5: desv tip
A6: 3.0451374 | B6: 0.041196993 | C6: =LOG10(A6) -> 0.4836069 | D6: =LOG10(B6) -> -1.3851345 | F6: Pendiente 3-10 | H6: =SLOPE(D2:D324,C2:C324) -> 0.92100389 | I6: =INDEX(LINEST(D2:D324,C2:C324,TRUE,TRUE),2,1) -> 0.0024225545
A7: 3.0565275 | B7: 0.041291078 | C7: =LOG10(A7) -> 0.48522831 | D7: =LOG10(B7) -> -1.3841438 | F7: Pendiente 3-20 | H7: =SLOPE(D2:D510,C2:C510) -> 0.88614512 | I7: =INDEX(LINEST(D2:D510,C2:C510,TRUE,TRUE),2,1) -> 0.001445111
A8: 3.0679602 | B8: 0.041384097 | C8: =LOG10(A8) -> 0.48684972 | D8: =LOG10(B8) -> -1.3831665 | F8: Pendiente 3-30 | H8: =SLOPE(D2:D618,C2:C618) -> 0.8726152 | I8: =INDEX(LINEST(D2:D618,C2:C618,TRUE,TRUE),2,1) -> 0.0011764875
A9: 3.0794356 | B9: 0.041476025 | C9: =LOG10(A9) -> 0.48847113 | D9: =LOG10(B9) -> -1.3822029 | F9: Pendiente 3-40 | H9: =SLOPE(D2:D695,C2:C695) -> 0.87510658 | I9: =INDEX(LINEST(D2:D695,C2:C695,TRUE,TRUE),2,1) -> 0.00094794864
A10: 3.090954 | B10: 0.041566834 | C10: =LOG10(A10) -> 0.49009254 | D10: =LOG10(B10) -> -1.3812531 | F10: Pendiente 3-50 | H10: =SLOPE(D2:D755,C2:C755) -> 0.87512077 | I10: =INDEX(LINEST(D2:D755,C2:C755,TRUE,TRUE),2,1) -> 0.00081308487
A11: 3.1025154 | B11: 0.041656498 | C11: =LOG10(A11) -> 0.49171395 | D11: =LOG10(B11) -> -1.3803172
A12: 3.1141201 | B12: 0.041744993 | C12: =LOG10(A12) -> 0.49333536 | D12: =LOG10(B12) -> -1.3793956
A13: 3.1257682 | B13: 0.041832291 | C13: =LOG10(A13) -> 0.49495677 | D13: =LOG10(B13) -> -1.3784884
A14: 3.1374598 | B14: 0.041918366 | C14: =LOG10(A14) -> 0.49657818 | D14: =LOG10(B14) -> -1.3775957
A15: 3.1491952 | B15: 0.042003193 | C15: =LOG10(A15) -> 0.49819959 | D15: =LOG10(B15) -> -1.3767177
A16: 3.1609745 | B16: 0.042086747 | C16: =LOG10(A16) -> 0.499821 | D16: =LOG10(B16) -> -1.3758546
A17: 3.1727979 | B17: 0.042169001 | C17: =LOG10(A17) -> 0.50144241 | D17: =LOG10(B17) -> -1.3750067
A18: 3.1846655 | B18: 0.044441028 | C18: =LOG10(A18) -> 0.50306382 | D18: =LOG10(B18) -> -1.3522159
A19: 3.1965774 | B19: 0.044585369 | C19: =LOG10(A19) -> 0.50468523 | D19: =LOG10(B19) -> -1.3508076
A20: 3.2085339 | B20: 0.044729608 | C20: =LOG10(A20) -> 0.50630664 | D20: =LOG10(B20) -> -1.3494049
A21: 3.2205352 | B21: 0.044873725 | C21: =LOG10(A21) -> 0.50792805 | D21: =LOG10(B21) -> -1.3480079
A22: 3.2325813 | B22: 0.045017698 | C22: =LOG10(A22) -> 0.50954946 | D22: =LOG10(B22) -> -1.3466167
... A1001: 125 | B1001: 0.64033713 | C1001: =LOG10(A1001) -> 2.09691 | D1001: =LOG10(B1001) -> -0.19359132

Sheet efbm_H0.5Mach2.5_2
A1: L | B1: Delta2(L) | C1: log(L) | D1: Log(Delta2(L)) | E1: Archivo | F1: H | G1: Mach | H1: dv_slope | I1: dv_slope_err
A2: 3 | B2: 0.012061211 | C2: =LOG10(A2) -> 0.47712125 | D2: =LOG10(B2) -> -1.9186091 | E2: efbm_H0.5Mach2.5_2.fits | F2: 0.5 | G2: 2.5 | H2: 0.92761242 | I2: 0.0039679032
A3: 3.0112212 | B3: 0.01209037 | C3: =LOG10(A3) -> 0.47874266 | D3: =LOG10(B3) -> -1.9175604
A4: 3.0224844 | B4: 0.012119246 | C4: =LOG10(A4) -> 0.48036408 | D4: =LOG10(B4) -> -1.9165244
A5: 3.0337898 | B5: 0.012147831 | C5: =LOG10(A5) -> 0.48198549 | D5: =LOG10(B5) -> -1.9155013 | H5: valor central | I5: desv tip
A6: 3.0451374 | B6: 0.012176116 | C6: =LOG10(A6) -> 0.4836069 | D6: =LOG10(B6) -> -1.9144912 | F6: Pendiente 3-10 | H6: =SLOPE(D2:D324,C2:C324) -> 0.95996826 | I6: =INDEX(LINEST(D2:D324,C2:C324,TRUE,TRUE),2,1) -> 0.0020023392
A7: 3.0565275 | B7: 0.012204095 | C7: =LOG10(A7) -> 0.48522831 | D7: =LOG10(B7) -> -1.9134944 | F7: Pendiente 3-20 | H7: =SLOPE(D2:D510,C2:C510) -> 0.90299878 | I7: =INDEX(LINEST(D2:D510,C2:C510,TRUE,TRUE),2,1) -> 0.0019895706
A8: 3.0679602 | B8: 0.012231758 | C8: =LOG10(A8) -> 0.48684972 | D8: =LOG10(B8) -> -1.9125111 | F8: Pendiente 3-30 | H8: =SLOPE(D2:D618,C2:C618) -> 0.87753707 | I8: =INDEX(LINEST(D2:D618,C2:C618,TRUE,TRUE),2,1) -> 0.001785963
A9: 3.0794356 | B9: 0.012259099 | C9: =LOG10(A9) -> 0.48847113 | D9: =LOG10(B9) -> -1.9115415 | F9: Pendiente 3-40 | H9: =SLOPE(D2:D695,C2:C695) -> 0.8619487 | I9: =INDEX(LINEST(D2:D695,C2:C695,TRUE,TRUE),2,1) -> 0.0017057391
A10: 3.090954 | B10: 0.012286108 | C10: =LOG10(A10) -> 0.49009254 | D10: =LOG10(B10) -> -1.9105857 | F10: Pendiente 3-50 | H10: =SLOPE(D2:D755,C2:C755) -> 0.83666053 | I10: =INDEX(LINEST(D2:D755,C2:C755,TRUE,TRUE),2,1) -> 0.0023144538
A11: 3.1025154 | B11: 0.01231278 | C11: =LOG10(A11) -> 0.49171395 | D11: =LOG10(B11) -> -1.9096439
A12: 3.1141201 | B12: 0.012339105 | C12: =LOG10(A12) -> 0.49333536 | D12: =LOG10(B12) -> -1.9087163
A13: 3.1257682 | B13: 0.012365076 | C13: =LOG10(A13) -> 0.49495677 | D13: =LOG10(B13) -> -1.9078032
A14: 3.1374598 | B14: 0.012390686 | C14: =LOG10(A14) -> 0.49657818 | D14: =LOG10(B14) -> -1.9069047
A15: 3.1491952 | B15: 0.012415925 | C15: =LOG10(A15) -> 0.49819959 | D15: =LOG10(B15) -> -1.9060209
A16: 3.1609745 | B16: 0.012440788 | C16: =LOG10(A16) -> 0.499821 | D16: =LOG10(B16) -> -1.9051521
A17: 3.1727979 | B17: 0.012465266 | C17: =LOG10(A17) -> 0.50144241 | D17: =LOG10(B17) -> -1.9042984
A18: 3.1846655 | B18: 0.013128269 | C18: =LOG10(A18) -> 0.50306382 | D18: =LOG10(B18) -> -1.8817925
A19: 3.1965774 | B19: 0.013170846 | C19: =LOG10(A19) -> 0.50468523 | D19: =LOG10(B19) -> -1.8803863
A20: 3.2085339 | B20: 0.013213389 | C20: =LOG10(A20) -> 0.50630664 | D20: =LOG10(B20) -> -1.8789858
A21: 3.2205352 | B21: 0.01325589 | C21: =LOG10(A21) -> 0.50792805 | D21: =LOG10(B21) -> -1.8775911
A22: 3.2325813 | B22: 0.013298344 | C22: =LOG10(A22) -> 0.50954946 | D22: =LOG10(B22) -> -1.8762024
... A1001: 125 | B1001: 0.12202909 | C1001: =LOG10(A1001) -> 2.09691 | D1001: =LOG10(B1001) -> -0.91353662

Sheet efbm_H0.5Mach2.5_3
A1: L | B1: Delta2(L) | C1: log(L) | D1: Log(Delta2(L)) | E1: Archivo | F1: H | G1: Mach | H1: dv_slope | I1: dv_slope_err
A2: 3 | B2: 0.012243427 | C2: =LOG10(A2) -> 0.47712125 | D2: =LOG10(B2) -> -1.912097 | E2: efbm_H0.5Mach2.5_3.fits | F2: 0.5 | G2: 2.5 | H2: 1.1157576 | I2: 0.0041930913
A3: 3.0112212 | B3: 0.012276681 | C3: =LOG10(A3) -> 0.47874266 | D3: =LOG10(B3) -> -1.910919
A4: 3.0224844 | B4: 0.012309674 | C4: =LOG10(A4) -> 0.48036408 | D4: =LOG10(B4) -> -1.9097534
A5: 3.0337898 | B5: 0.012342397 | C5: =LOG10(A5) -> 0.48198549 | D5: =LOG10(B5) -> -1.9086005 | H5: valor central | I5: desv tip
A6: 3.0451374 | B6: 0.01237484 | C6: =LOG10(A6) -> 0.4836069 | D6: =LOG10(B6) -> -1.9074604 | F6: Pendiente 3-10 | H6: =SLOPE(D2:D324,C2:C324) -> 1.1038881 | I6: =INDEX(LINEST(D2:D324,C2:C324,TRUE,TRUE),2,1) -> 0.0020910133
A7: 3.0565275 | B7: 0.012406995 | C7: =LOG10(A7) -> 0.48522831 | D7: =LOG10(B7) -> -1.9063334 | F7: Pendiente 3-20 | H7: =SLOPE(D2:D510,C2:C510) -> 1.1280629 | I7: =INDEX(LINEST(D2:D510,C2:C510,TRUE,TRUE),2,1) -> 0.0011553507
A8: 3.0679602 | B8: 0.012438853 | C8: =LOG10(A8) -> 0.48684972 | D8: =LOG10(B8) -> -1.9052197 | F8: Pendiente 3-30 | H8: =SLOPE(D2:D618,C2:C618) -> 1.1461039 | I8: =INDEX(LINEST(D2:D618,C2:C618,TRUE,TRUE),2,1) -> 0.0012351316
A9: 3.0794356 | B9: 0.012470405 | C9: =LOG10(A9) -> 0.48847113 | D9: =LOG10(B9) -> -1.9041194 | F9: Pendiente 3-40 | H9: =SLOPE(D2:D695,C2:C695) -> 1.1678186 | I9: =INDEX(LINEST(D2:D695,C2:C695,TRUE,TRUE),2,1) -> 0.0016098844
A10: 3.090954 | B10: 0.012501643 | C10: =LOG10(A10) -> 0.49009254 | D10: =LOG10(B10) -> -1.9030329 | F10: Pendiente 3-50 | H10: =SLOPE(D2:D755,C2:C755) -> 1.1770878 | I10: =INDEX(LINEST(D2:D755,C2:C755,TRUE,TRUE),2,1) -> 0.0015173203
A11: 3.1025154 | B11: 0.012532558 | C11: =LOG10(A11) -> 0.49171395 | D11: =LOG10(B11) -> -1.9019603
A12: 3.1141201 | B12: 0.01256314 | C12: =LOG10(A12) -> 0.49333536 | D12: =LOG10(B12) -> -1.9009018
A13: 3.1257682 | B13: 0.012593382 | C13: =LOG10(A13) -> 0.49495677 | D13: =LOG10(B13) -> -1.8998576
A14: 3.1374598 | B14: 0.012623274 | C14: =LOG10(A14) -> 0.49657818 | D14: =LOG10(B14) -> -1.898828
A15: 3.1491952 | B15: 0.012652808 | C15: =LOG10(A15) -> 0.49819959 | D15: =LOG10(B15) -> -1.8978131
A16: 3.1609745 | B16: 0.012681976 | C16: =LOG10(A16) -> 0.499821 | D16: =LOG10(B16) -> -1.8968131
A17: 3.1727979 | B17: 0.012710767 | C17: =LOG10(A17) -> 0.50144241 | D17: =LOG10(B17) -> -1.8958282
A18: 3.1846655 | B18: 0.013452817 | C18: =LOG10(A18) -> 0.50306382 | D18: =LOG10(B18) -> -1.8711868
A19: 3.1965774 | B19: 0.013502069 | C19: =LOG10(A19) -> 0.50468523 | D19: =LOG10(B19) -> -1.8695997
A20: 3.2085339 | B20: 0.013551342 | C20: =LOG10(A20) -> 0.50630664 | D20: =LOG10(B20) -> -1.8680177
A21: 3.2205352 | B21: 0.013600628 | C21: =LOG10(A21) -> 0.50792805 | D21: =LOG10(B21) -> -1.866441
A22: 3.2325813 | B22: 0.013649922 | C22: =LOG10(A22) -> 0.50954946 | D22: =LOG10(B22) -> -1.8648698
... A1001: 125 | B1001: 0.59051492 | C1001: =LOG10(A1001) -> 2.09691 | D1001: =LOG10(B1001) -> -0.22876913

Sheet efbm_H0.5Mach2.5_4
A1: L | B1: Delta2(L) | C1: log(L) | D1: Log(Delta2(L)) | E1: Archivo | F1: H | G1: Mach | H1: dv_slope | I1: dv_slope_err
A2: 3 | B2: 0.016088546 | C2: =LOG10(A2) -> 0.47712125 | D2: =LOG10(B2) -> -1.7934832 | E2: efbm_H0.5Mach2.5_4.fits | F2: 0.5 | G2: 2.5 | H2: 0.92109913 | I2: 0.0070707382
A3: 3.0112212 | B3: 0.016128378 | C3: =LOG10(A3) -> 0.47874266 | D3: =LOG10(B3) -> -1.7924093
A4: 3.0224844 | B4: 0.016167826 | C4: =LOG10(A4) -> 0.48036408 | D4: =LOG10(B4) -> -1.7913484
A5: 3.0337898 | B5: 0.016206877 | C5: =LOG10(A5) -> 0.48198549 | D5: =LOG10(B5) -> -1.7903007 | H5: valor central | I5: desv tip
A6: 3.0451374 | B6: 0.016245523 | C6: =LOG10(A6) -> 0.4836069 | D6: =LOG10(B6) -> -1.7892663 | F6: Pendiente 3-10 | H6: =SLOPE(D2:D324,C2:C324) -> 1.0179557 | I6: =INDEX(LINEST(D2:D324,C2:C324,TRUE,TRUE),2,1) -> 0.0020763122
A7: 3.0565275 | B7: 0.01628375 | C7: =LOG10(A7) -> 0.48522831 | D7: =LOG10(B7) -> -1.7882456 | F7: Pendiente 3-20 | H7: =SLOPE(D2:D510,C2:C510) -> 0.9534189 | I7: =INDEX(LINEST(D2:D510,C2:C510,TRUE,TRUE),2,1) -> 0.0024128378
A8: 3.0679602 | B8: 0.01632155 | C8: =LOG10(A8) -> 0.48684972 | D8: =LOG10(B8) -> -1.7872386 | F8: Pendiente 3-30 | H8: =SLOPE(D2:D618,C2:C618) -> 0.86707737 | I8: =INDEX(LINEST(D2:D618,C2:C618,TRUE,TRUE),2,1) -> 0.0045178182
A9: 3.0794356 | B9: 0.01635891 | C9: =LOG10(A9) -> 0.48847113 | D9: =LOG10(B9) -> -1.7862456 | F9: Pendiente 3-40 | H9: =SLOPE(D2:D695,C2:C695) -> 0.79120076 | I9: =INDEX(LINEST(D2:D695,C2:C695,TRUE,TRUE),2,1) -> 0.0057189394
A10: 3.090954 | B10: 0.01639582 | C10: =LOG10(A10) -> 0.49009254 | D10: =LOG10(B10) -> -1.7852669 | F10: Pendiente 3-50 | H10: =SLOPE(D2:D755,C2:C755) -> 0.73982544 | I10: =INDEX(LINEST(D2:D755,C2:C755,TRUE,TRUE),2,1) -> 0.0059934322
A11: 3.1025154 | B11: 0.016432269 | C11: =LOG10(A11) -> 0.49171395 | D11: =LOG10(B11) -> -1.7843025
A12: 3.1141201 | B12: 0.016468247 | C12: =LOG10(A12) -> 0.49333536 | D12: =LOG10(B12) -> -1.7833526
A13: 3.1257682 | B13: 0.016503742 | C13: =LOG10(A13) -> 0.49495677 | D13: =LOG10(B13) -> -1.7824176
A14: 3.1374598 | B14: 0.016538745 | C14: =LOG10(A14) -> 0.49657818 | D14: =LOG10(B14) -> -1.7814975
A15: 3.1491952 | B15: 0.016573244 | C15: =LOG10(A15) -> 0.49819959 | D15: =LOG10(B15) -> -1.7805925
A16: 3.1609745 | B16: 0.016607229 | C16: =LOG10(A16) -> 0.499821 | D16: =LOG10(B16) -> -1.7797028
A17: 3.1727979 | B17: 0.016640689 | C17: =LOG10(A17) -> 0.50144241 | D17: =LOG10(B17) -> -1.7788287
A18: 3.1846655 | B18: 0.017559518 | C18: =LOG10(A18) -> 0.50306382 | D18: =LOG10(B18) -> -1.7554874
A19: 3.1965774 | B19: 0.017618091 | C19: =LOG10(A19) -> 0.50468523 | D19: =LOG10(B19) -> -1.7540411
A20: 3.2085339 | B20: 0.017676625 | C20: =LOG10(A20) -> 0.50630664 | D20: =LOG10(B20) -> -1.7526007
A21: 3.2205352 | B21: 0.017735109 | C21: =LOG10(A21) -> 0.50792805 | D21: =LOG10(B21) -> -1.7511661
A22: 3.2325813 | B22: 0.017793536 | C22: =LOG10(A22) -> 0.50954946 | D22: =LOG10(B22) -> -1.7497377
... A1001: 125 | B1001: 0.074125433 | C1001: =LOG10(A1001) -> 2.09691 | D1001: =LOG10(B1001) -> -1.1300328

Sheet efbm_H0.5Mach2.5_5
A1: L | B1: Delta2(L) | C1: log(L) | D1: Log(Delta2(L)) | E1: Archivo | F1: H | G1: Mach | H1: dv_slope | I1: dv_slope_err
A2: 3 | B2: 0.063389145 | C2: =LOG10(A2) -> 0.47712125 | D2: =LOG10(B2) -> -1.1979851 | E2: efbm_H0.5Mach2.5_5.fits | F2: 0.5 | G2: 2.5 | H2: 1.0042441 | I2: 0.0046008663
A3: 3.0112212 | B3: 0.063556305 | C3: =LOG10(A3) -> 0.47874266 | D3: =LOG10(B3) -> -1.1968414
A4: 3.0224844 | B4: 0.063721954 | C4: =LOG10(A4) -> 0.48036408 | D4: =LOG10(B4) -> -1.1957109
A5: 3.0337898 | B5: 0.063886049 | C5: =LOG10(A5) -> 0.48198549 | D5: =LOG10(B5) -> -1.194594 | H5: valor central | I5: desv tip
A6: 3.0451374 | B6: 0.064048549 | C6: =LOG10(A6) -> 0.4836069 | D6: =LOG10(B6) -> -1.1934907 | F6: Pendiente 3-10 | H6: =SLOPE(D2:D324,C2:C324) -> 1.001553 | I6: =INDEX(LINEST(D2:D324,C2:C324,TRUE,TRUE),2,1) -> 0.0022147488
A7: 3.0565275 | B7: 0.064209409 | C7: =LOG10(A7) -> 0.48522831 | D7: =LOG10(B7) -> -1.1924013 | F7: Pendiente 3-20 | H7: =SLOPE(D2:D510,C2:C510) -> 1.0828441 | I7: =INDEX(LINEST(D2:D510,C2:C510,TRUE,TRUE),2,1) -> 0.0029030573
A8: 3.0679602 | B8: 0.064368588 | C8: =LOG10(A8) -> 0.48684972 | D8: =LOG10(B8) -> -1.191326 | F8: Pendiente 3-30 | H8: =SLOPE(D2:D618,C2:C618) -> 1.0949652 | I8: =INDEX(LINEST(D2:D618,C2:C618,TRUE,TRUE),2,1) -> 0.0021647565
A9: 3.0794356 | B9: 0.064526042 | C9: =LOG10(A9) -> 0.48847113 | D9: =LOG10(B9) -> -1.190265 | F9: Pendiente 3-40 | H9: =SLOPE(D2:D695,C2:C695) -> 1.0672189 | I9: =INDEX(LINEST(D2:D695,C2:C695,TRUE,TRUE),2,1) -> 0.0024742114
A10: 3.090954 | B10: 0.064681729 | C10: =LOG10(A10) -> 0.49009254 | D10: =LOG10(B10) -> -1.1892184 | F10: Pendiente 3-50 | H10: =SLOPE(D2:D755,C2:C755) -> 1.0227508 | I10: =INDEX(LINEST(D2:D755,C2:C755,TRUE,TRUE),2,1) -> 0.0037700813
A11: 3.1025154 | B11: 0.064835606 | C11: =LOG10(A11) -> 0.49171395 | D11: =LOG10(B11) -> -1.1881864
A12: 3.1141201 | B12: 0.06498763 | C12: =LOG10(A12) -> 0.49333536 | D12: =LOG10(B12) -> -1.1871693
A13: 3.1257682 | B13: 0.065137759 | C13: =LOG10(A13) -> 0.49495677 | D13: =LOG10(B13) -> -1.1861672
A14: 3.1374598 | B14: 0.06528595 | C14: =LOG10(A14) -> 0.49657818 | D14: =LOG10(B14) -> -1.1851803
A15: 3.1491952 | B15: 0.065432163 | C15: =LOG10(A15) -> 0.49819959 | D15: =LOG10(B15) -> -1.1842087
A16: 3.1609745 | B16: 0.065576354 | C16: =LOG10(A16) -> 0.499821 | D16: =LOG10(B16) -> -1.1832527
A17: 3.1727979 | B17: 0.065718482 | C17: =LOG10(A17) -> 0.50144241 | D17: =LOG10(B17) -> -1.1823125
A18: 3.1846655 | B18: 0.06940876 | C18: =LOG10(A18) -> 0.50306382 | D18: =LOG10(B18) -> -1.1585857
A19: 3.1965774 | B19: 0.069651843 | C19: =LOG10(A19) -> 0.50468523 | D19: =LOG10(B19) -> -1.1570674
A20: 3.2085339 | B20: 0.069894819 | C20: =LOG10(A20) -> 0.50630664 | D20: =LOG10(B20) -> -1.155555
A21: 3.2205352 | B21: 0.070137653 | C21: =LOG10(A21) -> 0.50792805 | D21: =LOG10(B21) -> -1.1540488
A22: 3.2325813 | B22: 0.070380311 | C22: =LOG10(A22) -> 0.50954946 | D22: =LOG10(B22) -> -1.1525488
... A1001: 125 | B1001: 0.57576102 | C1001: =LOG10(A1001) -> 2.09691 | D1001: =LOG10(B1001) -> -0.23975774

Sheet efbm_H0.5Mach2.5_6
A1: L | B1: Delta2(L) | C1: log(L) | D1: Log(Delta2(L)) | E1: Archivo | F1: H | G1: Mach | H1: dv_slope | I1: dv_slope_err
A2: 3 | B2: 0.0033163374 | C2: =LOG10(A2) -> 0.47712125 | D2: =LOG10(B2) -> -2.4793413 | E2: efbm_H0.5Mach2.5_6.fits | F2: 0.5 | G2: 2.5 | H2: 0.76180005 | I2: 0.0041242611
A3: 3.0112212 | B3: 0.0033235352 | C3: =LOG10(A3) -> 0.47874266 | D3: =LOG10(B3) -> -2.4783997
A4: 3.0224844 | B4: 0.0033306439 | C4: =LOG10(A4) -> 0.48036408 | D4: =LOG10(B4) -> -2.4774718
A5: 3.0337898 | B5: 0.0033376614 | C5: =LOG10(A5) -> 0.48198549 | D5: =LOG10(B5) -> -2.4765577 | H5: valor central | I5: desv tip
A6: 3.0451374 | B6: 0.0033445855 | C6: =LOG10(A6) -> 0.4836069 | D6: =LOG10(B6) -> -2.4756577 | F6: Pendiente 3-10 | H6: =SLOPE(D2:D324,C2:C324) -> 0.73546488 | I6: =INDEX(LINEST(D2:D324,C2:C324,TRUE,TRUE),2,1) -> 0.0022369957
A7: 3.0565275 | B7: 0.0033514141 | C7: =LOG10(A7) -> 0.48522831 | D7: =LOG10(B7) -> -2.4747719 | F7: Pendiente 3-20 | H7: =SLOPE(D2:D510,C2:C510) -> 0.72980323 | I7: =INDEX(LINEST(D2:D510,C2:C510,TRUE,TRUE),2,1) -> 0.0011965238
A8: 3.0679602 | B8: 0.0033581452 | C8: =LOG10(A8) -> 0.48684972 | D8: =LOG10(B8) -> -2.4739005 | F8: Pendiente 3-30 | H8: =SLOPE(D2:D618,C2:C618) -> 0.78226366 | I8: =INDEX(LINEST(D2:D618,C2:C618,TRUE,TRUE),2,1) -> 0.0027291724
A9: 3.0794356 | B9: 0.0033647767 | C9: =LOG10(A9) -> 0.48847113 | D9: =LOG10(B9) -> -2.4730438 | F9: Pendiente 3-40 | H9: =SLOPE(D2:D695,C2:C695) -> 0.82304195 | I9: =INDEX(LINEST(D2:D695,C2:C695,TRUE,TRUE),2,1) -> 0.003216348
A10: 3.090954 | B10: 0.0033713064 | C10: =LOG10(A10) -> 0.49009254 | D10: =LOG10(B10) -> -2.4722018 | F10: Pendiente 3-50 | H10: =SLOPE(D2:D755,C2:C755) -> 0.83853911 | I10: =INDEX(LINEST(D2:D755,C2:C755,TRUE,TRUE),2,1) -> 0.0029395063
A11: 3.1025154 | B11: 0.0033777324 | C11: =LOG10(A11) -> 0.49171395 | D11: =LOG10(B11) -> -2.4713748
A12: 3.1141201 | B12: 0.0033840525 | C12: =LOG10(A12) -> 0.49333536 | D12: =LOG10(B12) -> -2.4705629
A13: 3.1257682 | B13: 0.0033902648 | C13: =LOG10(A13) -> 0.49495677 | D13: =LOG10(B13) -> -2.4697664
A14: 3.1374598 | B14: 0.0033963672 | C14: =LOG10(A14) -> 0.49657818 | D14: =LOG10(B14) -> -2.4689854
A15: 3.1491952 | B15: 0.0034023578 | C15: =LOG10(A15) -> 0.49819959 | D15: =LOG10(B15) -> -2.46822
A16: 3.1609745 | B16: 0.0034082344 | C16: =LOG10(A16) -> 0.499821 | D16: =LOG10(B16) -> -2.4674705
A17: 3.1727979 | B17: 0.0034139953 | C17: =LOG10(A17) -> 0.50144241 | D17: =LOG10(B17) -> -2.4667371
A18: 3.1846655 | B18: 0.0035854901 | C18: =LOG10(A18) -> 0.50306382 | D18: =LOG10(B18) -> -2.4454515
A19: 3.1965774 | B19: 0.0035958273 | C19: =LOG10(A19) -> 0.50468523 | D19: =LOG10(B19) -> -2.4442012
A20: 3.2085339 | B20: 0.0036061342 | C20: =LOG10(A20) -> 0.50630664 | D20: =LOG10(B20) -> -2.4429581
A21: 3.2205352 | B21: 0.0036164089 | C21: =LOG10(A21) -> 0.50792805 | D21: =LOG10(B21) -> -2.4417225
A22: 3.2325813 | B22: 0.0036266497 | C22: =LOG10(A22) -> 0.50954946 | D22: =LOG10(B22) -> -2.4404944
... A1001: 125 | B1001: 0.038984759 | C1001: =LOG10(A1001) -> 2.09691 | D1001: =LOG10(B1001) -> -1.4091051

Sheet efbm_H0.5Mach2.5_7
A1: L | B1: Delta2(L) | C1: log(L) | D1: Log(Delta2(L)) | E1: Archivo | F1: H | G1: Mach | H1: dv_slope | I1: dv_slope_err
A2: 3 | B2: 0.0043346785 | C2: =LOG10(A2) -> 0.47712125 | D2: =LOG10(B2) -> -2.3630431 | E2: efbm_H0.5Mach2.5_7.fits | F2: 0.5 | G2: 2.5 | H2: 0.93388198 | I2: 0.0051626945
A3: 3.0112212 | B3: 0.0043459665 | C3: =LOG10(A3) -> 0.47874266 | D3: =LOG10(B3) -> -2.3619136
A4: 3.0224844 | B4: 0.0043571445 | C4: =LOG10(A4) -> 0.48036408 | D4: =LOG10(B4) -> -2.360798
A5: 3.0337898 | B5: 0.0043682094 | C5: =LOG10(A5) -> 0.48198549 | D5: =LOG10(B5) -> -2.3596966 | H5: valor central | I5: desv tip
A6: 3.0451374 | B6: 0.0043791582 | C6: =LOG10(A6) -> 0.4836069 | D6: =LOG10(B6) -> -2.3586094 | F6: Pendiente 3-10 | H6: =SLOPE(D2:D324,C2:C324) -> 0.89054989 | I6: =INDEX(LINEST(D2:D324,C2:C324,TRUE,TRUE),2,1) -> 0.0034895161
A7: 3.0565275 | B7: 0.0043899878 | C7: =LOG10(A7) -> 0.48522831 | D7: =LOG10(B7) -> -2.3575367 | F7: Pendiente 3-20 | H7: =SLOPE(D2:D510,C2:C510) -> 0.90150756 | I7: =INDEX(LINEST(D2:D510,C2:C510,TRUE,TRUE),2,1) -> 0.0022421948
A8: 3.0679602 | B8: 0.0044006953 | C8: =LOG10(A8) -> 0.48684972 | D8: =LOG10(B8) -> -2.3564787 | F8: Pendiente 3-30 | H8: =SLOPE(D2:D618,C2:C618) -> 0.94772083 | I8: =INDEX(LINEST(D2:D618,C2:C618,TRUE,TRUE),2,1) -> 0.0026264023
A9: 3.0794356 | B9: 0.0044112776 | C9: =LOG10(A9) -> 0.48847113 | D9: =LOG10(B9) -> -2.3554356 | F9: Pendiente 3-40 | H9: =SLOPE(D2:D695,C2:C695) -> 0.96916925 | I9: =INDEX(LINEST(D2:D695,C2:C695,TRUE,TRUE),2,1) -> 0.0024252357
A10: 3.090954 | B10: 0.0044217318 | C10: =LOG10(A10) -> 0.49009254 | D10: =LOG10(B10) -> -2.3544076 | F10: Pendiente 3-50 | H10: =SLOPE(D2:D755,C2:C755) -> 0.98143548 | I10: =INDEX(LINEST(D2:D755,C2:C755,TRUE,TRUE),2,1) -> 0.0022207529
A11: 3.1025154 | B11: 0.0044320548 | C11: =LOG10(A11) -> 0.49171395 | D11: =LOG10(B11) -> -2.3533949
A12: 3.1141201 | B12: 0.0044422437 | C12: =LOG10(A12) -> 0.49333536 | D12: =LOG10(B12) -> -2.3523976
A13: 3.1257682 | B13: 0.0044522954 | C13: =LOG10(A13) -> 0.49495677 | D13: =LOG10(B13) -> -2.351416
A14: 3.1374598 | B14: 0.0044622071 | C14: =LOG10(A14) -> 0.49657818 | D14: =LOG10(B14) -> -2.3504503
A15: 3.1491952 | B15: 0.0044719758 | C15: =LOG10(A15) -> 0.49819959 | D15: =LOG10(B15) -> -2.3495006
A16: 3.1609745 | B16: 0.0044815986 | C16: =LOG10(A16) -> 0.499821 | D16: =LOG10(B16) -> -2.348567
A17: 3.1727979 | B17: 0.0044910726 | C17: =LOG10(A17) -> 0.50144241 | D17: =LOG10(B17) -> -2.3476499
A18: 3.1846655 | B18: 0.0047443217 | C18: =LOG10(A18) -> 0.50306382 | D18: =LOG10(B18) -> -2.3238259
A19: 3.1965774 | B19: 0.0047606613 | C19: =LOG10(A19) -> 0.50468523 | D19: =LOG10(B19) -> -2.3223327
A20: 3.2085339 | B20: 0.0047769827 | C20: =LOG10(A20) -> 0.50630664 | D20: =LOG10(B20) -> -2.3208463
A21: 3.2205352 | B21: 0.0047932836 | C21: =LOG10(A21) -> 0.50792805 | D21: =LOG10(B21) -> -2.3193669
A22: 3.2325813 | B22: 0.0048095614 | C22: =LOG10(A22) -> 0.50954946 | D22: =LOG10(B22) -> -2.3178945
... A1001: 125 | B1001: 0.13925627 | C1001: =LOG10(A1001) -> 2.09691 | D1001: =LOG10(B1001) -> -0.85618525

Sheet efbm_H0.5Mach2.5_8
A1: L | B1: Delta2(L) | C1: log(L) | D1: Log(Delta2(L)) | E1: Archivo | F1: H | G1: Mach | H1: dv_slope | I1: dv_slope_err
A2: 3 | B2: 0.011259559 | C2: =LOG10(A2) -> 0.47712125 | D2: =LOG10(B2) -> -1.9484786 | E2: efbm_H0.5Mach2.5_8.fits | F2: 0.5 | G2: 2.5 | H2: 0.96040839 | I2: 0.004022481
A3: 3.0112212 | B3: 0.011285009 | C3: =LOG10(A3) -> 0.47874266 | D3: =LOG10(B3) -> -1.9474981
A4: 3.0224844 | B4: 0.011310158 | C4: =LOG10(A4) -> 0.48036408 | D4: =LOG10(B4) -> -1.9465313
A5: 3.0337898 | B5: 0.011334997 | C5: =LOG10(A5) -> 0.48198549 | D5: =LOG10(B5) -> -1.9455786 | H5: valor central | I5: desv tip
A6: 3.0451374 | B6: 0.011359521 | C6: =LOG10(A6) -> 0.4836069 | D6: =LOG10(B6) -> -1.94464 | F6: Pendiente 3-10 | H6: =SLOPE(D2:D324,C2:C324) -> 0.99188549 | I6: =INDEX(LINEST(D2:D324,C2:C324,TRUE,TRUE),2,1) -> 0.0038501039
A7: 3.0565275 | B7: 0.011383722 | C7: =LOG10(A7) -> 0.48522831 | D7: =LOG10(B7) -> -1.9437157 | F7: Pendiente 3-20 | H7: =SLOPE(D2:D510,C2:C510) -> 1.0932434 | I7: =INDEX(LINEST(D2:D510,C2:C510,TRUE,TRUE),2,1) -> 0.0032466963
A8: 3.0679602 | B8: 0.011407594 | C8: =LOG10(A8) -> 0.48684972 | D8: =LOG10(B8) -> -1.942806 | F8: Pendiente 3-30 | H8: =SLOPE(D2:D618,C2:C618) -> 1.1556781 | I8: =INDEX(LINEST(D2:D618,C2:C618,TRUE,TRUE),2,1) -> 0.0036980125
A9: 3.0794356 | B9: 0.011431128 | C9: =LOG10(A9) -> 0.48847113 | D9: =LOG10(B9) -> -1.9419109 | F9: Pendiente 3-40 | H9: =SLOPE(D2:D695,C2:C695) -> 1.1976021 | I9: =INDEX(LINEST(D2:D695,C2:C695,TRUE,TRUE),2,1) -> 0.0038158991
A10: 3.090954 | B10: 0.011454318 | C10: =LOG10(A10) -> 0.49009254 | D10: =LOG10(B10) -> -1.9410308 | F10: Pendiente 3-50 | H10: =SLOPE(D2:D755,C2:C755) -> 1.2156201 | I10: =INDEX(LINEST(D2:D755,C2:C755,TRUE,TRUE),2,1) -> 0.0034682498
A11: 3.1025154 | B11: 0.011477158 | C11: =LOG10(A11) -> 0.49171395 | D11: =LOG10(B11) -> -1.9401656
A12: 3.1141201 | B12: 0.01149964 | C12: =LOG10(A12) -> 0.49333536 | D12: =LOG10(B12) -> -1.9393157
A13: 3.1257682 | B13: 0.011521758 | C13: =LOG10(A13) -> 0.49495677 | D13: =LOG10(B13) -> -1.9384813
A14: 3.1374598 | B14: 0.011543504 | C14: =LOG10(A14) -> 0.49657818 | D14: =LOG10(B14) -> -1.9376623
A15: 3.1491952 | B15: 0.011564873 | C15: =LOG10(A15) -> 0.49819959 | D15: =LOG10(B15) -> -1.9368591
A16: 3.1609745 | B16: 0.011585856 | C16: =LOG10(A16) -> 0.499821 | D16: =LOG10(B16) -> -1.9360719
A17: 3.1727979 | B17: 0.011606449 | C17: =LOG10(A17) -> 0.50144241 | D17: =LOG10(B17) -> -1.9353006
A18: 3.1846655 | B18: 0.012203342 | C18: =LOG10(A18) -> 0.50306382 | D18: =LOG10(B18) -> -1.9135212
A19: 3.1965774 | B19: 0.012240031 | C19: =LOG10(A19) -> 0.50468523 | D19: =LOG10(B19) -> -1.9122175
A20: 3.2085339 | B20: 0.012276638 | C20: =LOG10(A20) -> 0.50630664 | D20: =LOG10(B20) -> -1.9109206
A21: 3.2205352 | B21: 0.012313154 | C21: =LOG10(A21) -> 0.50792805 | D21: =LOG10(B21) -> -1.9096307
A22: 3.2325813 | B22: 0.012349576 | C22: =LOG10(A22) -> 0.50954946 | D22: =LOG10(B22) -> -1.9083479
... A1001: 125 | B1001: 0.4558556 | C1001: =LOG10(A1001) -> 2.09691 | D1001: =LOG10(B1001) -> -0.3411727

Sheet efbm_H0.5Mach2.5_9
A1: L | B1: Delta2(L) | C1: log(L) | D1: Log(Delta2(L)) | E1: Archivo | F1: H | G1: Mach | H1: dv_slope | I1: dv_slope_err
A2: 3 | B2: 0.0025576472 | C2: =LOG10(A2) -> 0.47712125 | D2: =LOG10(B2) -> -2.5921594 | E2: efbm_H0.5Mach2.5_9.fits | F2: 0.5 | G2: 2.5 | H2: 1.0214465 | I2: 0.0036759652
A3: 3.0112212 | B3: 0.0025640493 | C3: =LOG10(A3) -> 0.47874266 | D3: =LOG10(B3) -> -2.5910736
A4: 3.0224844 | B4: 0.0025703892 | C4: =LOG10(A4) -> 0.48036408 | D4: =LOG10(B4) -> -2.5900011
A5: 3.0337898 | B5: 0.0025766649 | C5: =LOG10(A5) -> 0.48198549 | D5: =LOG10(B5) -> -2.5889421 | H5: valor central | I5: desv tip
A6: 3.0451374 | B6: 0.0025828749 | C6: =LOG10(A6) -> 0.4836069 | D6: =LOG10(B6) -> -2.5878966 | F6: Pendiente 3-10 | H6: =SLOPE(D2:D324,C2:C324) -> 1.0237417 | I6: =INDEX(LINEST(D2:D324,C2:C324,TRUE,TRUE),2,1) -> 0.0021223974
A7: 3.0565275 | B7: 0.0025890174 | C7: =LOG10(A7) -> 0.48522831 | D7: =LOG10(B7) -> -2.586865 | F7: Pendiente 3-20 | H7: =SLOPE(D2:D510,C2:C510) -> 1.0562723 | I7: =INDEX(LINEST(D2:D510,C2:C510,TRUE,TRUE),2,1) -> 0.0012558194
A8: 3.0679602 | B8: 0.0025950906 | C8: =LOG10(A8) -> 0.48684972 | D8: =LOG10(B8) -> -2.5858475 | F8: Pendiente 3-30 | H8: =SLOPE(D2:D618,C2:C618) -> 1.0635032 | I8: =INDEX(LINEST(D2:D618,C2:C618,TRUE,TRUE),2,1) -> 0.0009232121
A9: 3.0794356 | B9: 0.0026010928 | C9: =LOG10(A9) -> 0.48847113 | D9: =LOG10(B9) -> -2.5848441 | F9: Pendiente 3-40 | H9: =SLOPE(D2:D695,C2:C695) -> 1.0681937 | I9: =INDEX(LINEST(D2:D695,C2:C695,TRUE,TRUE),2,1) -> 0.00078125009
A10: 3.090954 | B10: 0.0026070224 | C10: =LOG10(A10) -> 0.49009254 | D10: =LOG10(B10) -> -2.5838552 | F10: Pendiente 3-50 | H10: =SLOPE(D2:D755,C2:C755) -> 1.069954 | I10: =INDEX(LINEST(D2:D755,C2:C755,TRUE,TRUE),2,1) -> 0.00067492778
A11: 3.1025154 | B11: 0.0026128775 | C11: =LOG10(A11) -> 0.49171395 | D11: =LOG10(B11) -> -2.582881
A12: 3.1141201 | B12: 0.0026186565 | C12: =LOG10(A12) -> 0.49333536 | D12: =LOG10(B12) -> -2.5819215
A13: 3.1257682 | B13: 0.0026243576 | C13: =LOG10(A13) -> 0.49495677 | D13: =LOG10(B13) -> -2.580977
A14: 3.1374598 | B14: 0.0026299793 | C14: =LOG10(A14) -> 0.49657818 | D14: =LOG10(B14) -> -2.5800477
A15: 3.1491952 | B15: 0.0026355197 | C15: =LOG10(A15) -> 0.49819959 | D15: =LOG10(B15) -> -2.5791337
A16: 3.1609745 | B16: 0.0026409773 | C16: =LOG10(A16) -> 0.499821 | D16: =LOG10(B16) -> -2.5782353
A17: 3.1727979 | B17: 0.0026463503 | C17: =LOG10(A17) -> 0.50144241 | D17: =LOG10(B17) -> -2.5773527
A18: 3.1846655 | B18: 0.0027915415 | C18: =LOG10(A18) -> 0.50306382 | D18: =LOG10(B18) -> -2.5541559
A19: 3.1965774 | B19: 0.0028008719 | C19: =LOG10(A19) -> 0.50468523 | D19: =LOG10(B19) -> -2.5527067
A20: 3.2085339 | B20: 0.002810194 | C20: =LOG10(A20) -> 0.50630664 | D20: =LOG10(B20) -> -2.5512637
A21: 3.2205352 | B21: 0.0028195064 | C21: =LOG10(A21) -> 0.50792805 | D21: =LOG10(B21) -> -2.5498269
A22: 3.2325813 | B22: 0.0028288077 | C22: =LOG10(A22) -> 0.50954946 | D22: =LOG10(B22) -> -2.5483966
... A1001: 125 | B1001: 0.097054587 | C1001: =LOG10(A1001) -> 2.09691 | D1001: =LOG10(B1001) -> -1.0129839

Sheet efbm_H1Mach1_0
A1: L | B1: Delta2(L) | C1: log(L) | D1: Log(Delta2(L)) | E1: Archivo | F1: H | G1: Mach | H1: dv_slope | I1: dv_slope_err
A2: 3 | B2: 4.5305812e-05 | C2: =LOG10(A2) -> 0.47712125 | D2: =LOG10(B2) -> -4.3438461 | E2: efbm_H1Mach1_0.fits | F2: 1 | G2: 1 | H2: 1.9980822 | I2: 0.01049311
A3: 3.0112212 | B3: 4.5559404e-05 | C3: =LOG10(A3) -> 0.47874266 | D3: =LOG10(B3) -> -4.341422
A4: 3.0224844 | B4: 4.5812396e-05 | C4: =LOG10(A4) -> 0.48036408 | D4: =LOG10(B4) -> -4.339017
A5: 3.0337898 | B5: 4.6064738e-05 | C5: =LOG10(A5) -> 0.48198549 | D5: =LOG10(B5) -> -4.3366314 | H5: valor central | I5: desv tip
A6: 3.0451374 | B6: 4.6316378e-05 | C6: =LOG10(A6) -> 0.4836069 | D6: =LOG10(B6) -> -4.3342654 | F6: Pendiente 3-10 | H6: =SLOPE(D2:D324,C2:C324) -> 1.9566376 | I6: =INDEX(LINEST(D2:D324,C2:C324,TRUE,TRUE),2,1) -> 0.0031297757
A7: 3.0565275 | B7: 4.6567265e-05 | C7: =LOG10(A7) -> 0.48522831 | D7: =LOG10(B7) -> -4.3319193 | F7: Pendiente 3-20 | H7: =SLOPE(D2:D510,C2:C510) -> 1.9482526 | I7: =INDEX(LINEST(D2:D510,C2:C510,TRUE,TRUE),2,1) -> 0.0014960478
A8: 3.0679602 | B8: 4.6817346e-05 | C8: =LOG10(A8) -> 0.48684972 | D8: =LOG10(B8) -> -4.3295932 | F8: Pendiente 3-30 | H8: =SLOPE(D2:D618,C2:C618) -> 1.9730264 | I8: =INDEX(LINEST(D2:D618,C2:C618,TRUE,TRUE),2,1) -> 0.0015774777
A9: 3.0794356 | B9: 4.7066571e-05 | C9: =LOG10(A9) -> 0.48847113 | D9: =LOG10(B9) -> -4.3272874 | F9: Pendiente 3-40 | H9: =SLOPE(D2:D695,C2:C695) -> 1.9917461 | I9: =INDEX(LINEST(D2:D695,C2:C695,TRUE,TRUE),2,1) -> 0.0016624163
A10: 3.090954 | B10: 4.7314886e-05 | C10: =LOG10(A10) -> 0.49009254 | D10: =LOG10(B10) -> -4.3250022 | F10: Pendiente 3-50 | H10: =SLOPE(D2:D755,C2:C755) -> 2.0011474 | I10: =INDEX(LINEST(D2:D755,C2:C755,TRUE,TRUE),2,1) -> 0.001551554
A11: 3.1025154 | B11: 4.7562239e-05 | C11: =LOG10(A11) -> 0.49171395 | D11: =LOG10(B11) -> -4.3227377
A12: 3.1141201 | B12: 4.7808577e-05 | C12: =LOG10(A12) -> 0.49333536 | D12: =LOG10(B12) -> -4.3204942
A13: 3.1257682 | B13: 4.8053847e-05 | C13: =LOG10(A13) -> 0.49495677 | D13: =LOG10(B13) -> -4.3182718
A14: 3.1374598 | B14: 4.8297997e-05 | C14: =LOG10(A14) -> 0.49657818 | D14: =LOG10(B14) -> -4.3160709
A15: 3.1491952 | B15: 4.8540972e-05 | C15: =LOG10(A15) -> 0.49819959 | D15: =LOG10(B15) -> -4.3138915
A16: 3.1609745 | B16: 4.8782719e-05 | C16: =LOG10(A16) -> 0.499821 | D16: =LOG10(B16) -> -4.311734
A17: 3.1727979 | B17: 4.9023186e-05 | C17: =LOG10(A17) -> 0.50144241 | D17: =LOG10(B17) -> -4.3095985
A18: 3.1846655 | B18: 5.338772e-05 | C18: =LOG10(A18) -> 0.50306382 | D18: =LOG10(B18) -> -4.2725586
A19: 3.1965774 | B19: 5.3752875e-05 | C19: =LOG10(A19) -> 0.50468523 | D19: =LOG10(B19) -> -4.2695983
A20: 3.2085339 | B20: 5.4119301e-05 | C20: =LOG10(A20) -> 0.50630664 | D20: =LOG10(B20) -> -4.2666478
A21: 3.2205352 | B21: 5.4486962e-05 | C21: =LOG10(A21) -> 0.50792805 | D21: =LOG10(B21) -> -4.2637074
A22: 3.2325813 | B22: 5.4855819e-05 | C22: =LOG10(A22) -> 0.50954946 | D22: =LOG10(B22) -> -4.2607773
... A1001: 125 | B1001: 0.023066683 | C1001: =LOG10(A1001) -> 2.09691 | D1001: =LOG10(B1001) -> -1.6370148

Sheet efbm_H1Mach1_1
A1: L | B1: Delta2(L) | C1: log(L) | D1: Log(Delta2(L)) | E1: Archivo | F1: H | G1: Mach | H1: dv_slope | I1: dv_slope_err
A2: 3 | B2: 6.7562393e-05 | C2: =LOG10(A2) -> 0.47712125 | D2: =LOG10(B2) -> -4.170295 | E2: efbm_H1Mach1_1.fits | F2: 1 | G2: 1 | H2: 2.0130033 | I2: 0.010558071
A3: 3.0112212 | B3: 6.7940454e-05 | C3: =LOG10(A3) -> 0.47874266 | D3: =LOG10(B3) -> -4.1678716
A4: 3.0224844 | B4: 6.8317647e-05 | C4: =LOG10(A4) -> 0.48036408 | D4: =LOG10(B4) -> -4.1654671
A5: 3.0337898 | B5: 6.8693895e-05 | C5: =LOG10(A5) -> 0.48198549 | D5: =LOG10(B5) -> -4.1630819 | H5: valor central | I5: desv tip
A6: 3.0451374 | B6: 6.9069123e-05 | C6: =LOG10(A6) -> 0.4836069 | D6: =LOG10(B6) -> -4.1607161 | F6: Pendiente 3-10 | H6: =SLOPE(D2:D324,C2:C324) -> 2.0135284 | I6: =INDEX(LINEST(D2:D324,C2:C324,TRUE,TRUE),2,1) -> 0.0031996668
A7: 3.0565275 | B7: 6.9443256e-05 | C7: =LOG10(A7) -> 0.48522831 | D7: =LOG10(B7) -> -4.1583699 | F7: Pendiente 3-20 | H7: =SLOPE(D2:D510,C2:C510) -> 2.0914356 | I7: =INDEX(LINEST(D2:D510,C2:C510,TRUE,TRUE),2,1) -> 0.0028582158
A8: 3.0679602 | B8: 6.9816215e-05 | C8: =LOG10(A8) -> 0.48684972 | D8: =LOG10(B8) -> -4.1560437 | F8: Pendiente 3-30 | H8: =SLOPE(D2:D618,C2:C618) -> 2.1546104 | I8: =INDEX(LINEST(D2:D618,C2:C618,TRUE,TRUE),2,1) -> 0.003559929
A9: 3.0794356 | B9: 7.0187924e-05 | C9: =LOG10(A9) -> 0.48847113 | D9: =LOG10(B9) -> -4.1537376 | F9: Pendiente 3-40 | H9: =SLOPE(D2:D695,C2:C695) -> 2.1951798 | I9: =INDEX(LINEST(D2:D695,C2:C695,TRUE,TRUE),2,1) -> 0.003681916
A10: 3.090954 | B10: 7.0558305e-05 | C10: =LOG10(A10) -> 0.49009254 | D10: =LOG10(B10) -> -4.1514519 | F10: Pendiente 3-50 | H10: =SLOPE(D2:D755,C2:C755) -> 2.2143555 | I10: =INDEX(LINEST(D2:D755,C2:C755,TRUE,TRUE),2,1) -> 0.0033887258
A11: 3.1025154 | B11: 7.092728e-05 | C11: =LOG10(A11) -> 0.49171395 | D11: =LOG10(B11) -> -4.1491867
A12: 3.1141201 | B12: 7.1294771e-05 | C12: =LOG10(A12) -> 0.49333536 | D12: =LOG10(B12) -> -4.1469423
A13: 3.1257682 | B13: 7.1660699e-05 | C13: =LOG10(A13) -> 0.49495677 | D13: =LOG10(B13) -> -4.144719
A14: 3.1374598 | B14: 7.2024985e-05 | C14: =LOG10(A14) -> 0.49657818 | D14: =LOG10(B14) -> -4.1425168
A15: 3.1491952 | B15: 7.238755e-05 | C15: =LOG10(A15) -> 0.49819959 | D15: =LOG10(B15) -> -4.1403361
A16: 3.1609745 | B16: 7.2748315e-05 | C16: =LOG10(A16) -> 0.499821 | D16: =LOG10(B16) -> -4.1381771
A17: 3.1727979 | B17: 7.31072e-05 | C17: =LOG10(A17) -> 0.50144241 | D17: =LOG10(B17) -> -4.1360398
A18: 3.1846655 | B18: 7.9587772e-05 | C18: =LOG10(A18) -> 0.50306382 | D18: =LOG10(B18) -> -4.0991537
A19: 3.1965774 | B19: 8.0131988e-05 | C19: =LOG10(A19) -> 0.50468523 | D19: =LOG10(B19) -> -4.0961941
A20: 3.2085339 | B20: 8.0678125e-05 | C20: =LOG10(A20) -> 0.50630664 | D20: =LOG10(B20) -> -4.0932442
A21: 3.2205352 | B21: 8.122613e-05 | C21: =LOG10(A21) -> 0.50792805 | D21: =LOG10(B21) -> -4.0903042
A22: 3.2325813 | B22: 8.1775944e-05 | C22: =LOG10(A22) -> 0.50954946 | D22: =LOG10(B22) -> -4.0873744
... A1001: 125 | B1001: 0.085329311 | C1001: =LOG10(A1001) -> 2.09691 | D1001: =LOG10(B1001) -> -1.0689018

Sheet efbm_H1Mach1_2
A1: L | B1: Delta2(L) | C1: log(L) | D1: Log(Delta2(L)) | E1: Archivo | F1: H | G1: Mach | H1: dv_slope | I1: dv_slope_err
A2: 3 | B2: 5.1346837e-05 | C2: =LOG10(A2) -> 0.47712125 | D2: =LOG10(B2) -> -4.2894863 | E2: efbm_H1Mach1_2.fits | F2: 1 | G2: 1 | H2: 2.044028 | I2: 0.010033907
A3: 3.0112212 | B3: 5.1636537e-05 | C3: =LOG10(A3) -> 0.47874266 | D3: =LOG10(B3) -> -4.2870429
A4: 3.0224844 | B4: 5.1925614e-05 | C4: =LOG10(A4) -> 0.48036408 | D4: =LOG10(B4) -> -4.2846184
A5: 3.0337898 | B5: 5.2214011e-05 | C5: =LOG10(A5) -> 0.48198549 | D5: =LOG10(B5) -> -4.2822129 | H5: valor central | I5: desv tip
A6: 3.0451374 | B6: 5.2501671e-05 | C6: =LOG10(A6) -> 0.4836069 | D6: =LOG10(B6) -> -4.2798269 | F6: Pendiente 3-10 | H6: =SLOPE(D2:D324,C2:C324) -> 2.0439725 | I6: =INDEX(LINEST(D2:D324,C2:C324,TRUE,TRUE),2,1) -> 0.0030793179
A7: 3.0565275 | B7: 5.2788535e-05 | C7: =LOG10(A7) -> 0.48522831 | D7: =LOG10(B7) -> -4.2774604 | F7: Pendiente 3-20 | H7: =SLOPE(D2:D510,C2:C510) -> 2.044274 | I7: =INDEX(LINEST(D2:D510,C2:C510,TRUE,TRUE),2,1) -> 0.001323512
A8: 3.0679602 | B8: 5.3074543e-05 | C8: =LOG10(A8) -> 0.48684972 | D8: =LOG10(B8) -> -4.2751137 | F8: Pendiente 3-30 | H8: =SLOPE(D2:D618,C2:C618) -> 2.0421247 | I8: =INDEX(LINEST(D2:D618,C2:C618,TRUE,TRUE),2,1) -> 0.00092551371
A9: 3.0794356 | B9: 5.3359638e-05 | C9: =LOG10(A9) -> 0.48847113 | D9: =LOG10(B9) -> -4.2727871 | F9: Pendiente 3-40 | H9: =SLOPE(D2:D695,C2:C695) -> 2.0279937 | I9: =INDEX(LINEST(D2:D695,C2:C695,TRUE,TRUE),2,1) -> 0.0011865004
A10: 3.090954 | B10: 5.364376e-05 | C10: =LOG10(A10) -> 0.49009254 | D10: =LOG10(B10) -> -4.2704808 | F10: Pendiente 3-50 | H10: =SLOPE(D2:D755,C2:C755) -> 2.0017773 | I10: =INDEX(LINEST(D2:D755,C2:C755,TRUE,TRUE),2,1) -> 0.0021113483
A11: 3.1025154 | B11: 5.3926849e-05 | C11: =LOG10(A11) -> 0.49171395 | D11: =LOG10(B11) -> -4.268195
A12: 3.1141201 | B12: 5.4208845e-05 | C12: =LOG10(A12) -> 0.49333536 | D12: =LOG10(B12) -> -4.2659298
A13: 3.1257682 | B13: 5.4489688e-05 | C13: =LOG10(A13) -> 0.49495677 | D13: =LOG10(B13) -> -4.2636857
A14: 3.1374598 | B14: 5.4769317e-05 | C14: =LOG10(A14) -> 0.49657818 | D14: =LOG10(B14) -> -4.2614627
A15: 3.1491952 | B15: 5.5047672e-05 | C15: =LOG10(A15) -> 0.49819959 | D15: =LOG10(B15) -> -4.259261
A16: 3.1609745 | B16: 5.5324693e-05 | C16: =LOG10(A16) -> 0.499821 | D16: =LOG10(B16) -> -4.257081
A17: 3.1727979 | B17: 5.5600319e-05 | C17: =LOG10(A17) -> 0.50144241 | D17: =LOG10(B17) -> -4.2549227
A18: 3.1846655 | B18: 6.0565986e-05 | C18: =LOG10(A18) -> 0.50306382 | D18: =LOG10(B18) -> -4.2177712
A19: 3.1965774 | B19: 6.0984053e-05 | C19: =LOG10(A19) -> 0.50468523 | D19: =LOG10(B19) -> -4.2147837
A20: 3.2085339 | B20: 6.140366e-05 | C20: =LOG10(A20) -> 0.50630664 | D20: =LOG10(B20) -> -4.2118057
A21: 3.2205352 | B21: 6.1824766e-05 | C21: =LOG10(A21) -> 0.50792805 | D21: =LOG10(B21) -> -4.2088375
A22: 3.2325813 | B22: 6.2247329e-05 | C22: =LOG10(A22) -> 0.50954946 | D22: =LOG10(B22) -> -4.2058793
... A1001: 125 | B1001: 0.032929549 | C1001: =LOG10(A1001) -> 2.09691 | D1001: =LOG10(B1001) -> -1.4824142

Sheet efbm_H1Mach1_3
A1: L | B1: Delta2(L) | C1: log(L) | D1: Log(Delta2(L)) | E1: Archivo | F1: H | G1: Mach | H1: dv_slope | I1: dv_slope_err
A2: 3 | B2: 2.7575348e-05 | C2: =LOG10(A2) -> 0.47712125 | D2: =LOG10(B2) -> -4.559479 | E2: efbm_H1Mach1_3.fits | F2: 1 | G2: 1 | H2: 2.1581762 | I2: 0.011448174
A3: 3.0112212 | B3: 2.7738176e-05 | C3: =LOG10(A3) -> 0.47874266 | D3: =LOG10(B3) -> -4.5569221
A4: 3.0224844 | B4: 2.7900733e-05 | C4: =LOG10(A4) -> 0.48036408 | D4: =LOG10(B4) -> -4.5543844
A5: 3.0337898 | B5: 2.8062986e-05 | C5: =LOG10(A5) -> 0.48198549 | D5: =LOG10(B5) -> -4.5518661 | H5: valor central | I5: desv tip
A6: 3.0451374 | B6: 2.8224904e-05 | C6: =LOG10(A6) -> 0.4836069 | D6: =LOG10(B6) -> -4.5493675 | F6: Pendiente 3-10 | H6: =SLOPE(D2:D324,C2:C324) -> 2.1946832 | I6: =INDEX(LINEST(D2:D324,C2:C324,TRUE,TRUE),2,1) -> 0.0038673055
A7: 3.0565275 | B7: 2.8386452e-05 | C7: =LOG10(A7) -> 0.48522831 | D7: =LOG10(B7) -> -4.5468889 | F7: Pendiente 3-20 | H7: =SLOPE(D2:D510,C2:C510) -> 2.3147402 | I7: =INDEX(LINEST(D2:D510,C2:C510,TRUE,TRUE),2,1) -> 0.0040187412
A8: 3.0679602 | B8: 2.85476e-05 | C8: =LOG10(A8) -> 0.48684972 | D8: =LOG10(B8) -> -4.5444304 | F8: Pendiente 3-30 | H8: =SLOPE(D2:D618,C2:C618) -> 2.3764527 | I8: =INDEX(LINEST(D2:D618,C2:C618,TRUE,TRUE),2,1) -> 0.0039429599
A9: 3.0794356 | B9: 2.8708313e-05 | C9: =LOG10(A9) -> 0.48847113 | D9: =LOG10(B9) -> -4.5419923 | F9: Pendiente 3-40 | H9: =SLOPE(D2:D695,C2:C695) -> 2.4003182 | I9: =INDEX(LINEST(D2:D695,C2:C695,TRUE,TRUE),2,1) -> 0.003420248
A10: 3.090954 | B10: 2.8868558e-05 | C10: =LOG10(A10) -> 0.49009254 | D10: =LOG10(B10) -> -4.5395749 | F10: Pendiente 3-50 | H10: =SLOPE(D2:D755,C2:C755) -> 2.4018425 | I10: =INDEX(LINEST(D2:D755,C2:C755,TRUE,TRUE),2,1) -> 0.0029156336
A11: 3.1025154 | B11: 2.9028302e-05 | C11: =LOG10(A11) -> 0.49171395 | D11: =LOG10(B11) -> -4.5371784
A12: 3.1141201 | B12: 2.9187511e-05 | C12: =LOG10(A12) -> 0.49333536 | D12: =LOG10(B12) -> -4.5348029
A13: 3.1257682 | B13: 2.9346151e-05 | C13: =LOG10(A13) -> 0.49495677 | D13: =LOG10(B13) -> -4.5324488
A14: 3.1374598 | B14: 2.9504189e-05 | C14: =LOG10(A14) -> 0.49657818 | D14: =LOG10(B14) -> -4.5301163
A15: 3.1491952 | B15: 2.966159e-05 | C15: =LOG10(A15) -> 0.49819959 | D15: =LOG10(B15) -> -4.5278056
A16: 3.1609745 | B16: 2.981832e-05 | C16: =LOG10(A16) -> 0.499821 | D16: =LOG10(B16) -> -4.5255168
A17: 3.1727979 | B17: 2.9974345e-05 | C17: =LOG10(A17) -> 0.50144241 | D17: =LOG10(B17) -> -4.5232503
A18: 3.1846655 | B18: 3.2781416e-05 | C18: =LOG10(A18) -> 0.50306382 | D18: =LOG10(B18) -> -4.4843723
A19: 3.1965774 | B19: 3.3018464e-05 | C19: =LOG10(A19) -> 0.50468523 | D19: =LOG10(B19) -> -4.4812431
A20: 3.2085339 | B20: 3.3256485e-05 | C20: =LOG10(A20) -> 0.50630664 | D20: =LOG10(B20) -> -4.4781237
A21: 3.2205352 | B21: 3.3495458e-05 | C21: =LOG10(A21) -> 0.50792805 | D21: =LOG10(B21) -> -4.4750141
A22: 3.2325813 | B22: 3.3735359e-05 | C22: =LOG10(A22) -> 0.50954946 | D22: =LOG10(B22) -> -4.4719147
... A1001: 125 | B1001: 0.069650032 | C1001: =LOG10(A1001) -> 2.09691 | D1001: =LOG10(B1001) -> -1.1570787

Sheet efbm_H1Mach1_4
A1: L | B1: Delta2(L) | C1: log(L) | D1: Log(Delta2(L)) | E1: Archivo | F1: H | G1: Mach | H1: dv_slope | I1: dv_slope_err
A2: 3 | B2: 7.9851549e-05 | C2: =LOG10(A2) -> 0.47712125 | D2: =LOG10(B2) -> -4.0977167 | E2: efbm_H1Mach1_4.fits | F2: 1 | G2: 1 | H2: 2.0434744 | I2: 0.011024693
A3: 3.0112212 | B3: 8.0304887e-05 | C3: =LOG10(A3) -> 0.47874266 | D3: =LOG10(B3) -> -4.095258
A4: 3.0224844 | B4: 8.0757212e-05 | C4: =LOG10(A4) -> 0.48036408 | D4: =LOG10(B4) -> -4.0928187
A5: 3.0337898 | B5: 8.1208434e-05 | C5: =LOG10(A5) -> 0.48198549 | D5: =LOG10(B5) -> -4.0903989 | H5: valor central | I5: desv tip
A6: 3.0451374 | B6: 8.1658461e-05 | C6: =LOG10(A6) -> 0.4836069 | D6: =LOG10(B6) -> -4.0879988 | F6: Pendiente 3-10 | H6: =SLOPE(D2:D324,C2:C324) -> 2.0256422 | I6: =INDEX(LINEST(D2:D324,C2:C324,TRUE,TRUE),2,1) -> 0.0030499337
A7: 3.0565275 | B7: 8.2107203e-05 | C7: =LOG10(A7) -> 0.48522831 | D7: =LOG10(B7) -> -4.0856187 | F7: Pendiente 3-20 | H7: =SLOPE(D2:D510,C2:C510) -> 1.9864254 | I7: =INDEX(LINEST(D2:D510,C2:C510,TRUE,TRUE),2,1) -> 0.0020422443
A8: 3.0679602 | B8: 8.2554565e-05 | C8: =LOG10(A8) -> 0.48684972 | D8: =LOG10(B8) -> -4.0832589 | F8: Pendiente 3-30 | H8: =SLOPE(D2:D618,C2:C618) -> 1.9295269 | I8: =INDEX(LINEST(D2:D618,C2:C618,TRUE,TRUE),2,1) -> 0.0030584313
A9: 3.0794356 | B9: 8.3000455e-05 | C9: =LOG10(A9) -> 0.48847113 | D9: =LOG10(B9) -> -4.0809195 | F9: Pendiente 3-40 | H9: =SLOPE(D2:D695,C2:C695) -> 1.884066 | I9: =INDEX(LINEST(D2:D695,C2:C695,TRUE,TRUE),2,1) -> 0.003609857
A10: 3.090954 | B10: 8.3444779e-05 | C10: =LOG10(A10) -> 0.49009254 | D10: =LOG10(B10) -> -4.0786008 | F10: Pendiente 3-50 | H10: =SLOPE(D2:D755,C2:C755) -> 1.8475637 | I10: =INDEX(LINEST(D2:D755,C2:C755,TRUE,TRUE),2,1) -> 0.0039645638
A11: 3.1025154 | B11: 8.3887445e-05 | C11: =LOG10(A11) -> 0.49171395 | D11: =LOG10(B11) -> -4.076303
A12: 3.1141201 | B12: 8.4328356e-05 | C12: =LOG10(A12) -> 0.49333536 | D12: =LOG10(B12) -> -4.0740264
A13: 3.1257682 | B13: 8.4767418e-05 | C13: =LOG10(A13) -> 0.49495677 | D13: =LOG10(B13) -> -4.071771
A14: 3.1374598 | B14: 8.5204538e-05 | C14: =LOG10(A14) -> 0.49657818 | D14: =LOG10(B14) -> -4.0695373
A15: 3.1491952 | B15: 8.5639618e-05 | C15: =LOG10(A15) -> 0.49819959 | D15: =LOG10(B15) -> -4.0673253
A16: 3.1609745 | B16: 8.6072565e-05 | C16: =LOG10(A16) -> 0.499821 | D16: =LOG10(B16) -> -4.0651353
A17: 3.1727979 | B17: 8.6503282e-05 | C17: =LOG10(A17) -> 0.50144241 | D17: =LOG10(B17) -> -4.0629674
A18: 3.1846655 | B18: 9.4329565e-05 | C18: =LOG10(A18) -> 0.50306382 | D18: =LOG10(B18) -> -4.0253522
A19: 3.1965774 | B19: 9.4984312e-05 | C19: =LOG10(A19) -> 0.50468523 | D19: =LOG10(B19) -> -4.0223481
A20: 3.2085339 | B20: 9.5641425e-05 | C20: =LOG10(A20) -> 0.50630664 | D20: =LOG10(B20) -> -4.019354
A21: 3.2205352 | B21: 9.6300839e-05 | C21: =LOG10(A21) -> 0.50792805 | D21: =LOG10(B21) -> -4.0163699
A22: 3.2325813 | B22: 9.6962486e-05 | C22: =LOG10(A22) -> 0.50954946 | D22: =LOG10(B22) -> -4.0133963
... A1001: 125 | B1001: 0.020202573 | C1001: =LOG10(A1001) -> 2.09691 | D1001: =LOG10(B1001) -> -1.6945933

Sheet efbm_H1Mach1_5
A1: L | B1: Delta2(L) | C1: log(L) | D1: Log(Delta2(L)) | E1: Archivo | F1: H | G1: Mach | H1: dv_slope | I1: dv_slope_err
A2: 3 | B2: 0.00013745797 | C2: =LOG10(A2) -> 0.47712125 | D2: =LOG10(B2) -> -3.8618301 | E2: efbm_H1Mach1_5.fits | F2: 1 | G2: 1 | H2: 2.1002755 | I2: 0.011025953
A3: 3.0112212 | B3: 0.00013825156 | C3: =LOG10(A3) -> 0.47874266 | D3: =LOG10(B3) -> -3.85933
A4: 3.0224844 | B4: 0.0001390436 | C4: =LOG10(A4) -> 0.48036408 | D4: =LOG10(B4) -> -3.856849
A5: 3.0337898 | B5: 0.00013983395 | C5: =LOG10(A5) -> 0.48198549 | D5: =LOG10(B5) -> -3.8543874 | H5: valor central | I5: desv tip
A6: 3.0451374 | B6: 0.00014062245 | C6: =LOG10(A6) -> 0.4836069 | D6: =LOG10(B6) -> -3.8519454 | F6: Pendiente 3-10 | H6: =SLOPE(D2:D324,C2:C324) -> 2.1129294 | I6: =INDEX(LINEST(D2:D324,C2:C324,TRUE,TRUE),2,1) -> 0.0034026844
A7: 3.0565275 | B7: 0.00014140892 | C7: =LOG10(A7) -> 0.48522831 | D7: =LOG10(B7) -> -3.8495232 | F7: Pendiente 3-20 | H7: =SLOPE(D2:D510,C2:C510) -> 2.1771618 | I7: =INDEX(LINEST(D2:D510,C2:C510,TRUE,TRUE),2,1) -> 0.0023278019
A8: 3.0679602 | B8: 0.00014219323 | C8: =LOG10(A8) -> 0.48684972 | D8: =LOG10(B8) -> -3.8471211 | F8: Pendiente 3-30 | H8: =SLOPE(D2:D618,C2:C618) -> 2.1843068 | I8: =INDEX(LINEST(D2:D618,C2:C618,TRUE,TRUE),2,1) -> 0.0016585964
A9: 3.0794356 | B9: 0.00014297519 | C9: =LOG10(A9) -> 0.48847113 | D9: =LOG10(B9) -> -3.8447393 | F9: Pendiente 3-40 | H9: =SLOPE(D2:D695,C2:C695) -> 2.1679591 | I9: =INDEX(LINEST(D2:D695,C2:C695,TRUE,TRUE),2,1) -> 0.0016958414
A10: 3.090954 | B10: 0.00014375466 | C10: =LOG10(A10) -> 0.49009254 | D10: =LOG10(B10) -> -3.8423781 | F10: Pendiente 3-50 | H10: =SLOPE(D2:D755,C2:C755) -> 2.1390325 | I10: =INDEX(LINEST(D2:D755,C2:C755,TRUE,TRUE),2,1) -> 0.0024999235
A11: 3.1025154 | B11: 0.00014453147 | C11: =LOG10(A11) -> 0.49171395 | D11: =LOG10(B11) -> -3.8400376
A12: 3.1141201 | B12: 0.00014530546 | C12: =LOG10(A12) -> 0.49333536 | D12: =LOG10(B12) -> -3.8377181
A13: 3.1257682 | B13: 0.00014607646 | C13: =LOG10(A13) -> 0.49495677 | D13: =LOG10(B13) -> -3.8354198
A14: 3.1374598 | B14: 0.0001468443 | C14: =LOG10(A14) -> 0.49657818 | D14: =LOG10(B14) -> -3.8331429
A15: 3.1491952 | B15: 0.00014760883 | C15: =LOG10(A15) -> 0.49819959 | D15: =LOG10(B15) -> -3.8308877
A16: 3.1609745 | B16: 0.00014836987 | C16: =LOG10(A16) -> 0.499821 | D16: =LOG10(B16) -> -3.8286543
A17: 3.1727979 | B17: 0.00014912726 | C17: =LOG10(A17) -> 0.50144241 | D17: =LOG10(B17) -> -3.826443
A18: 3.1846655 | B18: 0.00016281204 | C18: =LOG10(A18) -> 0.50306382 | D18: =LOG10(B18) -> -3.7883135
A19: 3.1965774 | B19: 0.0001639631 | C19: =LOG10(A19) -> 0.50468523 | D19: =LOG10(B19) -> -3.7852539
A20: 3.2085339 | B20: 0.00016511864 | C20: =LOG10(A20) -> 0.50630664 | D20: =LOG10(B20) -> -3.7822039
A21: 3.2205352 | B21: 0.00016627855 | C21: =LOG10(A21) -> 0.50792805 | D21: =LOG10(B21) -> -3.7791638
A22: 3.2325813 | B22: 0.00016744271 | C22: =LOG10(A22) -> 0.50954946 | D22: =LOG10(B22) -> -3.7761338
... A1001: 125 | B1001: 0.082527103 | C1001: =LOG10(A1001) -> 2.09691 | D1001: =LOG10(B1001) -> -1.0834034

Sheet efbm_H1Mach1_6
A1: L | B1: Delta2(L) | C1: log(L) | D1: Log(Delta2(L)) | E1: Archivo | F1: H | G1: Mach | H1: dv_slope | I1: dv_slope_err
A2: 3 | B2: 2.2241965e-05 | C2: =LOG10(A2) -> 0.47712125 | D2: =LOG10(B2) -> -4.6528268 | E2: efbm_H1Mach1_6.fits | F2: 1 | G2: 1 | H2: 1.8847362 | I2: 0.0097080168
A3: 3.0112212 | B3: 2.2361048e-05 | C3: =LOG10(A3) -> 0.47874266 | D3: =LOG10(B3) -> -4.6505078
A4: 3.0224844 | B4: 2.2479777e-05 | C4: =LOG10(A4) -> 0.48036408 | D4: =LOG10(B4) -> -4.648208
A5: 3.0337898 | B5: 2.2598127e-05 | C5: =LOG10(A5) -> 0.48198549 | D5: =LOG10(B5) -> -4.6459276 | H5: valor central | I5: desv tip
A6: 3.0451374 | B6: 2.2716073e-05 | C6: =LOG10(A6) -> 0.4836069 | D6: =LOG10(B6) -> -4.6436667 | F6: Pendiente 3-10 | H6: =SLOPE(D2:D324,C2:C324) -> 1.87338 | I6: =INDEX(LINEST(D2:D324,C2:C324,TRUE,TRUE),2,1) -> 0.003012257
A7: 3.0565275 | B7: 2.2833591e-05 | C7: =LOG10(A7) -> 0.48522831 | D7: =LOG10(B7) -> -4.6414258 | F7: Pendiente 3-20 | H7: =SLOPE(D2:D510,C2:C510) -> 1.9676559 | I7: =INDEX(LINEST(D2:D510,C2:C510,TRUE,TRUE),2,1) -> 0.003482991
A8: 3.0679602 | B8: 2.2950657e-05 | C8: =LOG10(A8) -> 0.48684972 | D8: =LOG10(B8) -> -4.6392049 | F8: Pendiente 3-30 | H8: =SLOPE(D2:D618,C2:C618) -> 2.0378148 | I8: =INDEX(LINEST(D2:D618,C2:C618,TRUE,TRUE),2,1) -> 0.004013848
A9: 3.0794356 | B9: 2.3067245e-05 | C9: =LOG10(A9) -> 0.48847113 | D9: =LOG10(B9) -> -4.6370043 | F9: Pendiente 3-40 | H9: =SLOPE(D2:D695,C2:C695) -> 2.0657416 | I9: =INDEX(LINEST(D2:D695,C2:C695,TRUE,TRUE),2,1) -> 0.003575549
A10: 3.090954 | B10: 2.318333e-05 | C10: =LOG10(A10) -> 0.49009254 | D10: =LOG10(B10) -> -4.6348242 | F10: Pendiente 3-50 | H10: =SLOPE(D2:D755,C2:C755) -> 2.0672852 | I10: =INDEX(LINEST(D2:D755,C2:C755,TRUE,TRUE),2,1) -> 0.0030524898
A11: 3.1025154 | B11: 2.3298888e-05 | C11: =LOG10(A11) -> 0.49171395 | D11: =LOG10(B11) -> -4.6326648
A12: 3.1141201 | B12: 2.3413893e-05 | C12: =LOG10(A12) -> 0.49333536 | D12: =LOG10(B12) -> -4.6305264
A13: 3.1257682 | B13: 2.352832e-05 | C13: =LOG10(A13) -> 0.49495677 | D13: =LOG10(B13) -> -4.6284091
A14: 3.1374598 | B14: 2.3642144e-05 | C14: =LOG10(A14) -> 0.49657818 | D14: =LOG10(B14) -> -4.6263131
A15: 3.1491952 | B15: 2.375534e-05 | C15: =LOG10(A15) -> 0.49819959 | D15: =LOG10(B15) -> -4.6242387
A16: 3.1609745 | B16: 2.3867883e-05 | C16: =LOG10(A16) -> 0.499821 | D16: =LOG10(B16) -> -4.6221861
A17: 3.1727979 | B17: 2.3979746e-05 | C17: =LOG10(A17) -> 0.50144241 | D17: =LOG10(B17) -> -4.6201554
A18: 3.1846655 | B18: 2.601221e-05 | C18: =LOG10(A18) -> 0.50306382 | D18: =LOG10(B18) -> -4.5848228
A19: 3.1965774 | B19: 2.6181539e-05 | C19: =LOG10(A19) -> 0.50468523 | D19: =LOG10(B19) -> -4.5820048
A20: 3.2085339 | B20: 2.635135e-05 | C20: =LOG10(A20) -> 0.50630664 | D20: =LOG10(B20) -> -4.5791971
A21: 3.2205352 | B21: 2.6521625e-05 | C21: =LOG10(A21) -> 0.50792805 | D21: =LOG10(B21) -> -4.5763999
A22: 3.2325813 | B22: 2.6692346e-05 | C22: =LOG10(A22) -> 0.50954946 | D22: =LOG10(B22) -> -4.5736133
... A1001: 125 | B1001: 0.015956167 | C1001: =LOG10(A1001) -> 2.09691 | D1001: =LOG10(B1001) -> -1.7970714

Sheet efbm_H1Mach1_7
A1: L | B1: Delta2(L) | C1: log(L) | D1: Log(Delta2(L)) | E1: Archivo | F1: H | G1: Mach | H1: dv_slope | I1: dv_slope_err
A2: 3 | B2: 1.6928066e-05 | C2: =LOG10(A2) -> 0.47712125 | D2: =LOG10(B2) -> -4.7713927 | E2: efbm_H1Mach1_7.fits | F2: 1 | G2: 1 | H2: 2.0419469 | I2: 0.010772606
A3: 3.0112212 | B3: 1.7024824e-05 | C3: =LOG10(A3) -> 0.47874266 | D3: =LOG10(B3) -> -4.7689174
A4: 3.0224844 | B4: 1.7121365e-05 | C4: =LOG10(A4) -> 0.48036408 | D4: =LOG10(B4) -> -4.7664616
A5: 3.0337898 | B5: 1.721767e-05 | C5: =LOG10(A5) -> 0.48198549 | D5: =LOG10(B5) -> -4.7640256 | H5: valor central | I5: desv tip
A6: 3.0451374 | B6: 1.731372e-05 | C6: =LOG10(A6) -> 0.4836069 | D6: =LOG10(B6) -> -4.7616096 | F6: Pendiente 3-10 | H6: =SLOPE(D2:D324,C2:C324) -> 2.0299268 | I6: =INDEX(LINEST(D2:D324,C2:C324,TRUE,TRUE),2,1) -> 0.0031573453
A7: 3.0565275 | B7: 1.7409493e-05 | C7: =LOG10(A7) -> 0.48522831 | D7: =LOG10(B7) -> -4.7592139 | F7: Pendiente 3-20 | H7: =SLOPE(D2:D510,C2:C510) -> 2.1151661 | I7: =INDEX(LINEST(D2:D510,C2:C510,TRUE,TRUE),2,1) -> 0.0032031177
A8: 3.0679602 | B8: 1.7504972e-05 | C8: =LOG10(A8) -> 0.48684972 | D8: =LOG10(B8) -> -4.7568386 | F8: Pendiente 3-30 | H8: =SLOPE(D2:D618,C2:C618) -> 2.185495 | I8: =INDEX(LINEST(D2:D618,C2:C618,TRUE,TRUE),2,1) -> 0.0039557711
A9: 3.0794356 | B9: 1.7600135e-05 | C9: =LOG10(A9) -> 0.48847113 | D9: =LOG10(B9) -> -4.754484 | F9: Pendiente 3-40 | H9: =SLOPE(D2:D695,C2:C695) -> 2.2326728 | I9: =INDEX(LINEST(D2:D695,C2:C695,TRUE,TRUE),2,1) -> 0.004177502
A10: 3.090954 | B10: 1.7694963e-05 | C10: =LOG10(A10) -> 0.49009254 | D10: =LOG10(B10) -> -4.7521503 | F10: Pendiente 3-50 | H10: =SLOPE(D2:D755,C2:C755) -> 2.2620833 | I10: =INDEX(LINEST(D2:D755,C2:C755,TRUE,TRUE),2,1) -> 0.004073999
A11: 3.1025154 | B11: 1.7789436e-05 | C11: =LOG10(A11) -> 0.49171395 | D11: =LOG10(B11) -> -4.7498378
A12: 3.1141201 | B12: 1.7883533e-05 | C12: =LOG10(A12) -> 0.49333536 | D12: =LOG10(B12) -> -4.7475467
A13: 3.1257682 | B13: 1.7977234e-05 | C13: =LOG10(A13) -> 0.49495677 | D13: =LOG10(B13) -> -4.7452771
A14: 3.1374598 | B14: 1.8070519e-05 | C14: =LOG10(A14) -> 0.49657818 | D14: =LOG10(B14) -> -4.7430294
A15: 3.1491952 | B15: 1.8163368e-05 | C15: =LOG10(A15) -> 0.49819959 | D15: =LOG10(B15) -> -4.7408036
A16: 3.1609745 | B16: 1.825576e-05 | C16: =LOG10(A16) -> 0.499821 | D16: =LOG10(B16) -> -4.7386001
A17: 3.1727979 | B17: 1.8347675e-05 | C17: =LOG10(A17) -> 0.50144241 | D17: =LOG10(B17) -> -4.736419
A18: 3.1846655 | B18: 2.0011943e-05 | C18: =LOG10(A18) -> 0.50306382 | D18: =LOG10(B18) -> -4.6987107
A19: 3.1965774 | B19: 2.0151444e-05 | C19: =LOG10(A19) -> 0.50468523 | D19: =LOG10(B19) -> -4.6956938
A20: 3.2085339 | B20: 2.0291442e-05 | C20: =LOG10(A20) -> 0.50630664 | D20: =LOG10(B20) -> -4.6926871
A21: 3.2205352 | B21: 2.0431922e-05 | C21: =LOG10(A21) -> 0.50792805 | D21: =LOG10(B21) -> -4.6896908
A22: 3.2325813 | B22: 2.057287e-05 | C22: =LOG10(A22) -> 0.50954946 | D22: =LOG10(B22) -> -4.6867051
... A1001: 125 | B1001: 0.033785914 | C1001: =LOG10(A1001) -> 2.09691 | D1001: =LOG10(B1001) -> -1.4712643

Sheet efbm_H1Mach1_8
A1: L | B1: Delta2(L) | C1: log(L) | D1: Log(Delta2(L)) | E1: Archivo | F1: H | G1: Mach | H1: dv_slope | I1: dv_slope_err
A2: 3 | B2: 2.6271262e-05 | C2: =LOG10(A2) -> 0.47712125 | D2: =LOG10(B2) -> -4.5805191 | E2: efbm_H1Mach1_8.fits | F2: 1 | G2: 1 | H2: 2.0849338 | I2: 0.010774854
A3: 3.0112212 | B3: 2.6419381e-05 | C3: =LOG10(A3) -> 0.47874266 | D3: =LOG10(B3) -> -4.5780774
A4: 3.0224844 | B4: 2.6567188e-05 | C4: =LOG10(A4) -> 0.48036408 | D4: =LOG10(B4) -> -4.5756544
A5: 3.0337898 | B5: 2.6714656e-05 | C5: =LOG10(A5) -> 0.48198549 | D5: =LOG10(B5) -> -4.5732504 | H5: valor central | I5: desv tip
A6: 3.0451374 | B6: 2.6861754e-05 | C6: =LOG10(A6) -> 0.4836069 | D6: =LOG10(B6) -> -4.5708656 | F6: Pendiente 3-10 | H6: =SLOPE(D2:D324,C2:C324) -> 2.1512023 | I6: =INDEX(LINEST(D2:D324,C2:C324,TRUE,TRUE),2,1) -> 0.0043633392
A7: 3.0565275 | B7: 2.7008452e-05 | C7: =LOG10(A7) -> 0.48522831 | D7: =LOG10(B7) -> -4.5685003 | F7: Pendiente 3-20 | H7: =SLOPE(D2:D510,C2:C510) -> 2.285147 | I7: =INDEX(LINEST(D2:D510,C2:C510,TRUE,TRUE),2,1) -> 0.0043922609
A8: 3.0679602 | B8: 2.715472e-05 | C8: =LOG10(A8) -> 0.48684972 | D8: =LOG10(B8) -> -4.5661547 | F8: Pendiente 3-30 | H8: =SLOPE(D2:D618,C2:C618) -> 2.3587729 | I8: =INDEX(LINEST(D2:D618,C2:C618,TRUE,TRUE),2,1) -> 0.0045389948
A9: 3.0794356 | B9: 2.7300529e-05 | C9: =LOG10(A9) -> 0.48847113 | D9: =LOG10(B9) -> -4.5638289 | F9: Pendiente 3-40 | H9: =SLOPE(D2:D695,C2:C695) -> 2.3970514 | I9: =INDEX(LINEST(D2:D695,C2:C695,TRUE,TRUE),2,1) -> 0.0042285441
A10: 3.090954 | B10: 2.7445846e-05 | C10: =LOG10(A10) -> 0.49009254 | D10: =LOG10(B10) -> -4.5615234 | F10: Pendiente 3-50 | H10: =SLOPE(D2:D755,C2:C755) -> 2.4112282 | I10: =INDEX(LINEST(D2:D755,C2:C755,TRUE,TRUE),2,1) -> 0.0037189965
A11: 3.1025154 | B11: 2.7590643e-05 | C11: =LOG10(A11) -> 0.49171395 | D11: =LOG10(B11) -> -4.5592382
A12: 3.1141201 | B12: 2.7734888e-05 | C12: =LOG10(A12) -> 0.49333536 | D12: =LOG10(B12) -> -4.5569736
A13: 3.1257682 | B13: 2.7878551e-05 | C13: =LOG10(A13) -> 0.49495677 | D13: =LOG10(B13) -> -4.5547298
A14: 3.1374598 | B14: 2.80216e-05 | C14: =LOG10(A14) -> 0.49657818 | D14: =LOG10(B14) -> -4.5525071
A15: 3.1491952 | B15: 2.8164004e-05 | C15: =LOG10(A15) -> 0.49819959 | D15: =LOG10(B15) -> -4.5503056
A16: 3.1609745 | B16: 2.8305732e-05 | C16: =LOG10(A16) -> 0.499821 | D16: =LOG10(B16) -> -4.5481256
A17: 3.1727979 | B17: 2.8446754e-05 | C17: =LOG10(A17) -> 0.50144241 | D17: =LOG10(B17) -> -4.5459673
A18: 3.1846655 | B18: 3.1028938e-05 | C18: =LOG10(A18) -> 0.50306382 | D18: =LOG10(B18) -> -4.5082331
A19: 3.1965774 | B19: 3.1244173e-05 | C19: =LOG10(A19) -> 0.50468523 | D19: =LOG10(B19) -> -4.505231
A20: 3.2085339 | B20: 3.1460233e-05 | C20: =LOG10(A20) -> 0.50630664 | D20: =LOG10(B20) -> -4.5022381
A21: 3.2205352 | B21: 3.1677095e-05 | C21: =LOG10(A21) -> 0.50792805 | D21: =LOG10(B21) -> -4.4992546
A22: 3.2325813 | B22: 3.1894739e-05 | C22: =LOG10(A22) -> 0.50954946 | D22: =LOG10(B22) -> -4.4962809
... A1001: 125 | B1001: 0.060000375 | C1001: =LOG10(A1001) -> 2.09691 | D1001: =LOG10(B1001) -> -1.221846

Sheet efbm_H1Mach1_9
A1: L | B1: Delta2(L) | C1: log(L) | D1: Log(Delta2(L)) | E1: Archivo | F1: H | G1: Mach | H1: dv_slope | I1: dv_slope_err
A2: 3 | B2: 1.2171295e-05 | C2: =LOG10(A2) -> 0.47712125 | D2: =LOG10(B2) -> -4.9146632 | E2: efbm_H1Mach1_9.fits | F2: 1 | G2: 1 | H2: 2.1031327 | I2: 0.010811722
A3: 3.0112212 | B3: 1.2241561e-05 | C3: =LOG10(A3) -> 0.47874266 | D3: =LOG10(B3) -> -4.9121632
A4: 3.0224844 | B4: 1.2311688e-05 | C4: =LOG10(A4) -> 0.48036408 | D4: =LOG10(B4) -> -4.9096824
A5: 3.0337898 | B5: 1.2381662e-05 | C5: =LOG10(A5) -> 0.48198549 | D5: =LOG10(B5) -> -4.9072211 | H5: valor central | I5: desv tip
A6: 3.0451374 | B6: 1.2451469e-05 | C6: =LOG10(A6) -> 0.4836069 | D6: =LOG10(B6) -> -4.9047794 | F6: Pendiente 3-10 | H6: =SLOPE(D2:D324,C2:C324) -> 2.1301932 | I6: =INDEX(LINEST(D2:D324,C2:C324,TRUE,TRUE),2,1) -> 0.0035785689
A7: 3.0565275 | B7: 1.2521096e-05 | C7: =LOG10(A7) -> 0.48522831 | D7: =LOG10(B7) -> -4.9023577 | F7: Pendiente 3-20 | H7: =SLOPE(D2:D510,C2:C510) -> 2.2189783 | I7: =INDEX(LINEST(D2:D510,C2:C510,TRUE,TRUE),2,1) -> 0.003166964
A8: 3.0679602 | B8: 1.2590527e-05 | C8: =LOG10(A8) -> 0.48684972 | D8: =LOG10(B8) -> -4.8999561 | F8: Pendiente 3-30 | H8: =SLOPE(D2:D618,C2:C618) -> 2.2810769 | I8: =INDEX(LINEST(D2:D618,C2:C618,TRUE,TRUE),2,1) -> 0.0036231149
A9: 3.0794356 | B9: 1.2659749e-05 | C9: =LOG10(A9) -> 0.48847113 | D9: =LOG10(B9) -> -4.8975749 | F9: Pendiente 3-40 | H9: =SLOPE(D2:D695,C2:C695) -> 2.3213779 | I9: =INDEX(LINEST(D2:D695,C2:C695,TRUE,TRUE),2,1) -> 0.003713589
A10: 3.090954 | B10: 1.2728747e-05 | C10: =LOG10(A10) -> 0.49009254 | D10: =LOG10(B10) -> -4.8952144 | F10: Pendiente 3-50 | H10: =SLOPE(D2:D755,C2:C755) -> 2.3452968 | I10: =INDEX(LINEST(D2:D755,C2:C755,TRUE,TRUE),2,1) -> 0.0035485156
A11: 3.1025154 | B11: 1.2797506e-05 | C11: =LOG10(A11) -> 0.49171395 | D11: =LOG10(B11) -> -4.8928747
A12: 3.1141201 | B12: 1.2866013e-05 | C12: =LOG10(A12) -> 0.49333536 | D12: =LOG10(B12) -> -4.890556
A13: 3.1257682 | B13: 1.2934252e-05 | C13: =LOG10(A13) -> 0.49495677 | D13: =LOG10(B13) -> -4.8882587
A14: 3.1374598 | B14: 1.3002209e-05 | C14: =LOG10(A14) -> 0.49657818 | D14: =LOG10(B14) -> -4.8859829
A15: 3.1491952 | B15: 1.3069869e-05 | C15: =LOG10(A15) -> 0.49819959 | D15: =LOG10(B15) -> -4.8837288
A16: 3.1609745 | B16: 1.3137218e-05 | C16: =LOG10(A16) -> 0.499821 | D16: =LOG10(B16) -> -4.8814966
A17: 3.1727979 | B17: 1.3204241e-05 | C17: =LOG10(A17) -> 0.50144241 | D17: =LOG10(B17) -> -4.8792866
A18: 3.1846655 | B18: 1.4413579e-05 | C18: =LOG10(A18) -> 0.50306382 | D18: =LOG10(B18) -> -4.8412282
A19: 3.1965774 | B19: 1.4515379e-05 | C19: =LOG10(A19) -> 0.50468523 | D19: =LOG10(B19) -> -4.8381716
A20: 3.2085339 | B20: 1.4617571e-05 | C20: =LOG10(A20) -> 0.50630664 | D20: =LOG10(B20) -> -4.8351248
A21: 3.2205352 | B21: 1.4720146e-05 | C21: =LOG10(A21) -> 0.50792805 | D21: =LOG10(B21) -> -4.8320879
A22: 3.2325813 | B22: 1.4823093e-05 | C22: =LOG10(A22) -> 0.50954946 | D22: =LOG10(B22) -> -4.8290612
... A1001: 125 | B1001: 0.029325439 | C1001: =LOG10(A1001) -> 2.09691 | D1001: =LOG10(B1001) -> -1.5327555

Sheet efbm_H1Mach2.5_0
A1: L | B1: Delta2(L) | C1: log(L) | D1: Log(Delta2(L)) | E1: Archivo | F1: H | G1: Mach | H1: dv_slope | I1: dv_slope_err
A2: 3 | B2: 0.00033182719 | C2: =LOG10(A2) -> 0.47712125 | D2: =LOG10(B2) -> -3.479088 | E2: efbm_H1Mach2.5_0.fits | F2: 1 | G2: 2.5 | H2: 1.9999175 | I2: 0.010937116
A3: 3.0112212 | B3: 0.00033370129 | C3: =LOG10(A3) -> 0.47874266 | D3: =LOG10(B3) -> -3.4766421
A4: 3.0224844 | B4: 0.00033557104 | C4: =LOG10(A4) -> 0.48036408 | D4: =LOG10(B4) -> -3.4742155
A5: 3.0337898 | B5: 0.00033743606 | C5: =LOG10(A5) -> 0.48198549 | D5: =LOG10(B5) -> -3.4718085 | H5: valor central | I5: desv tip
A6: 3.0451374 | B6: 0.00033929597 | C6: =LOG10(A6) -> 0.4836069 | D6: =LOG10(B6) -> -3.4694213 | F6: Pendiente 3-10 | H6: =SLOPE(D2:D324,C2:C324) -> 1.9361291 | I6: =INDEX(LINEST(D2:D324,C2:C324,TRUE,TRUE),2,1) -> 0.0035603132
A7: 3.0565275 | B7: 0.0003411504 | C7: =LOG10(A7) -> 0.48522831 | D7: =LOG10(B7) -> -3.4670541 | F7: Pendiente 3-20 | H7: =SLOPE(D2:D510,C2:C510) -> 1.8774471 | I7: =INDEX(LINEST(D2:D510,C2:C510,TRUE,TRUE),2,1) -> 0.0021520485
A8: 3.0679602 | B8: 0.00034299896 | C8: =LOG10(A8) -> 0.48684972 | D8: =LOG10(B8) -> -3.4647072 | F8: Pendiente 3-30 | H8: =SLOPE(D2:D618,C2:C618) -> 1.88222 | I8: =INDEX(LINEST(D2:D618,C2:C618,TRUE,TRUE),2,1) -> 0.0015150446
A9: 3.0794356 | B9: 0.00034484127 | C9: =LOG10(A9) -> 0.48847113 | D9: =LOG10(B9) -> -3.4623808 | F9: Pendiente 3-40 | H9: =SLOPE(D2:D695,C2:C695) -> 1.889529 | I9: =INDEX(LINEST(D2:D695,C2:C695,TRUE,TRUE),2,1) -> 0.0012734325
A10: 3.090954 | B10: 0.00034667693 | C10: =LOG10(A10) -> 0.49009254 | D10: =LOG10(B10) -> -3.4600751 | F10: Pendiente 3-50 | H10: =SLOPE(D2:D755,C2:C755) -> 1.8884228 | I10: =INDEX(LINEST(D2:D755,C2:C755,TRUE,TRUE),2,1) -> 0.0011002327
A11: 3.1025154 | B11: 0.00034850556 | C11: =LOG10(A11) -> 0.49171395 | D11: =LOG10(B11) -> -3.4577903
A12: 3.1141201 | B12: 0.00035032678 | C12: =LOG10(A12) -> 0.49333536 | D12: =LOG10(B12) -> -3.4555267
A13: 3.1257682 | B13: 0.00035214018 | C13: =LOG10(A13) -> 0.49495677 | D13: =LOG10(B13) -> -3.4532844
A14: 3.1374598 | B14: 0.00035394537 | C14: =LOG10(A14) -> 0.49657818 | D14: =LOG10(B14) -> -3.4510638
A15: 3.1491952 | B15: 0.00035574197 | C15: =LOG10(A15) -> 0.49819959 | D15: =LOG10(B15) -> -3.4488649
A16: 3.1609745 | B16: 0.00035752957 | C16: =LOG10(A16) -> 0.499821 | D16: =LOG10(B16) -> -3.446688
A17: 3.1727979 | B17: 0.00035930778 | C17: =LOG10(A17) -> 0.50144241 | D17: =LOG10(B17) -> -3.4445334
A18: 3.1846655 | B18: 0.00039149342 | C18: =LOG10(A18) -> 0.50306382 | D18: =LOG10(B18) -> -3.4072755
A19: 3.1965774 | B19: 0.000394191 | C19: =LOG10(A19) -> 0.50468523 | D19: =LOG10(B19) -> -3.4042933
A20: 3.2085339 | B20: 0.00039689801 | C20: =LOG10(A20) -> 0.50630664 | D20: =LOG10(B20) -> -3.4013211
A21: 3.2205352 | B21: 0.00039961416 | C21: =LOG10(A21) -> 0.50792805 | D21: =LOG10(B21) -> -3.3983591
A22: 3.2325813 | B22: 0.00040233918 | C22: =LOG10(A22) -> 0.50954946 | D22: =LOG10(B22) -> -3.3954077
... A1001: 125 | B1001: 0.098858895 | C1001: =LOG10(A1001) -> 2.09691 | D1001: =LOG10(B1001) -> -1.0049842

Sheet efbm_H1Mach2.5_1
A1: L | B1: Delta2(L) | C1: log(L) | D1: Log(Delta2(L)) | E1: Archivo | F1: H | G1: Mach | H1: dv_slope | I1: dv_slope_err
A2: 3 | B2: 0.00130353 | C2: =LOG10(A2) -> 0.47712125 | D2: =LOG10(B2) -> -2.884879 | E2: efbm_H1Mach2.5_1.fits | F2: 1 | G2: 2.5 | H2: 2.0292383 | I2: 0.010887497
A3: 3.0112212 | B3: 0.001310876 | C3: =LOG10(A3) -> 0.47874266 | D3: =LOG10(B3) -> -2.8824384
A4: 3.0224844 | B4: 0.0013182062 | C4: =LOG10(A4) -> 0.48036408 | D4: =LOG10(B4) -> -2.8800167
A5: 3.0337898 | B5: 0.0013255189 | C5: =LOG10(A5) -> 0.48198549 | D5: =LOG10(B5) -> -2.8776141 | H5: valor central | I5: desv tip
A6: 3.0451374 | B6: 0.0013328129 | C6: =LOG10(A6) -> 0.4836069 | D6: =LOG10(B6) -> -2.8752308 | F6: Pendiente 3-10 | H6: =SLOPE(D2:D324,C2:C324) -> 2.021979 | I6: =INDEX(LINEST(D2:D324,C2:C324,TRUE,TRUE),2,1) -> 0.0031395275
A7: 3.0565275 | B7: 0.0013400865 | C7: =LOG10(A7) -> 0.48522831 | D7: =LOG10(B7) -> -2.8728672 | F7: Pendiente 3-20 | H7: =SLOPE(D2:D510,C2:C510) -> 2.0824021 | I7: =INDEX(LINEST(D2:D510,C2:C510,TRUE,TRUE),2,1) -> 0.0022881456
A8: 3.0679602 | B8: 0.0013473383 | C8: =LOG10(A8) -> 0.48684972 | D8: =LOG10(B8) -> -2.8705233 | F8: Pendiente 3-30 | H8: =SLOPE(D2:D618,C2:C618) -> 2.1193344 | I8: =INDEX(LINEST(D2:D618,C2:C618,TRUE,TRUE),2,1) -> 0.0023200769
A9: 3.0794356 | B9: 0.0013545668 | C9: =LOG10(A9) -> 0.48847113 | D9: =LOG10(B9) -> -2.8681996 | F9: Pendiente 3-40 | H9: =SLOPE(D2:D695,C2:C695) -> 2.133378 | I9: =INDEX(LINEST(D2:D695,C2:C695,TRUE,TRUE),2,1) -> 0.0020220659
A10: 3.090954 | B10: 0.0013617705 | C10: =LOG10(A10) -> 0.49009254 | D10: =LOG10(B10) -> -2.8658961 | F10: Pendiente 3-50 | H10: =SLOPE(D2:D755,C2:C755) -> 2.1276848 | I10: =INDEX(LINEST(D2:D755,C2:C755,TRUE,TRUE),2,1) -> 0.0017973116
A11: 3.1025154 | B11: 0.0013689479 | C11: =LOG10(A11) -> 0.49171395 | D11: =LOG10(B11) -> -2.8636131
A12: 3.1141201 | B12: 0.0013760975 | C12: =LOG10(A12) -> 0.49333536 | D12: =LOG10(B12) -> -2.8613508
A13: 3.1257682 | B13: 0.0013832178 | C13: =LOG10(A13) -> 0.49495677 | D13: =LOG10(B13) -> -2.8591094
A14: 3.1374598 | B14: 0.0013903071 | C14: =LOG10(A14) -> 0.49657818 | D14: =LOG10(B14) -> -2.8568893
A15: 3.1491952 | B15: 0.0013973641 | C15: =LOG10(A15) -> 0.49819959 | D15: =LOG10(B15) -> -2.8546904
A16: 3.1609745 | B16: 0.0014043871 | C16: =LOG10(A16) -> 0.499821 | D16: =LOG10(B16) -> -2.8525132
A17: 3.1727979 | B17: 0.0014113746 | C17: =LOG10(A17) -> 0.50144241 | D17: =LOG10(B17) -> -2.8503577
A18: 3.1846655 | B18: 0.0015373106 | C18: =LOG10(A18) -> 0.50306382 | D18: =LOG10(B18) -> -2.8132384
A19: 3.1965774 | B19: 0.0015479063 | C19: =LOG10(A19) -> 0.50468523 | D19: =LOG10(B19) -> -2.8102553
A20: 3.2085339 | B20: 0.0015585408 | C20: =LOG10(A20) -> 0.50630664 | D20: =LOG10(B20) -> -2.8072818
A21: 3.2205352 | B21: 0.0015692128 | C21: =LOG10(A21) -> 0.50792805 | D21: =LOG10(B21) -> -2.8043181
A22: 3.2325813 | B22: 0.0015799215 | C22: =LOG10(A22) -> 0.50954946 | D22: =LOG10(B22) -> -2.8013645
... A1001: 125 | B1001: 0.82979742 | C1001: =LOG10(A1001) -> 2.09691 | D1001: =LOG10(B1001) -> -0.081027921

Sheet efbm_H1Mach2.5_2
A1: L | B1: Delta2(L) | C1: log(L) | D1: Log(Delta2(L)) | E1: Archivo | F1: H | G1: Mach | H1: dv_slope | I1: dv_slope_err
A2: 3 | B2: 0.00040270243 | C2: =LOG10(A2) -> 0.47712125 | D2: =LOG10(B2) -> -3.3950158 | E2: efbm_H1Mach2.5_2.fits | F2: 1 | G2: 2.5 | H2: 2.0491123 | I2: 0.010024122
A3: 3.0112212 | B3: 0.00040499658 | C3: =LOG10(A3) -> 0.47874266 | D3: =LOG10(B3) -> -3.3925486
A4: 3.0224844 | B4: 0.00040728605 | C4: =LOG10(A4) -> 0.48036408 | D4: =LOG10(B4) -> -3.3901005
A5: 3.0337898 | B5: 0.0004095704 | C5: =LOG10(A5) -> 0.48198549 | D5: =LOG10(B5) -> -3.3876714 | H5: valor central | I5: desv tip
A6: 3.0451374 | B6: 0.00041184916 | C6: =LOG10(A6) -> 0.4836069 | D6: =LOG10(B6) -> -3.3852618 | F6: Pendiente 3-10 | H6: =SLOPE(D2:D324,C2:C324) -> 2.0291341 | I6: =INDEX(LINEST(D2:D324,C2:C324,TRUE,TRUE),2,1) -> 0.0030472496
A7: 3.0565275 | B7: 0.00041412188 | C7: =LOG10(A7) -> 0.48522831 | D7: =LOG10(B7) -> -3.3828718 | F7: Pendiente 3-20 | H7: =SLOPE(D2:D510,C2:C510) -> 1.9963306 | I7: =INDEX(LINEST(D2:D510,C2:C510,TRUE,TRUE),2,1) -> 0.0016425698
A8: 3.0679602 | B8: 0.00041638808 | C8: =LOG10(A8) -> 0.48684972 | D8: =LOG10(B8) -> -3.3805017 | F8: Pendiente 3-30 | H8: =SLOPE(D2:D618,C2:C618) -> 1.9717432 | I8: =INDEX(LINEST(D2:D618,C2:C618,TRUE,TRUE),2,1) -> 0.0016521345
A9: 3.0794356 | B9: 0.00041864731 | C9: =LOG10(A9) -> 0.48847113 | D9: =LOG10(B9) -> -3.3781517 | F9: Pendiente 3-40 | H9: =SLOPE(D2:D695,C2:C695) -> 1.9353631 | I9: =INDEX(LINEST(D2:D695,C2:C695,TRUE,TRUE),2,1) -> 0.0025990183
A10: 3.090954 | B10: 0.00042089909 | C10: =LOG10(A10) -> 0.49009254 | D10: =LOG10(B10) -> -3.375822 | F10: Pendiente 3-50 | H10: =SLOPE(D2:D755,C2:C755) -> 1.8865488 | I10: =INDEX(LINEST(D2:D755,C2:C755,TRUE,TRUE),2,1) -> 0.0040695669
A11: 3.1025154 | B11: 0.00042314296 | C11: =LOG10(A11) -> 0.49171395 | D11: =LOG10(B11) -> -3.3735129
A12: 3.1141201 | B12: 0.00042537843 | C12: =LOG10(A12) -> 0.49333536 | D12: =LOG10(B12) -> -3.3712245
A13: 3.1257682 | B13: 0.00042760503 | C13: =LOG10(A13) -> 0.49495677 | D13: =LOG10(B13) -> -3.3689572
A14: 3.1374598 | B14: 0.00042982229 | C14: =LOG10(A14) -> 0.49657818 | D14: =LOG10(B14) -> -3.3667111
A15: 3.1491952 | B15: 0.00043202973 | C15: =LOG10(A15) -> 0.49819959 | D15: =LOG10(B15) -> -3.3644864
A16: 3.1609745 | B16: 0.00043422686 | C16: =LOG10(A16) -> 0.499821 | D16: =LOG10(B16) -> -3.3622833
A17: 3.1727979 | B17: 0.0004364132 | C17: =LOG10(A17) -> 0.50144241 | D17: =LOG10(B17) -> -3.3601021
A18: 3.1846655 | B18: 0.00047559359 | C18: =LOG10(A18) -> 0.50306382 | D18: =LOG10(B18) -> -3.322764
A19: 3.1965774 | B19: 0.00047890494 | C19: =LOG10(A19) -> 0.50468523 | D19: =LOG10(B19) -> -3.3197507
A20: 3.2085339 | B20: 0.00048222872 | C20: =LOG10(A20) -> 0.50630664 | D20: =LOG10(B20) -> -3.3167469
A21: 3.2205352 | B21: 0.00048556461 | C21: =LOG10(A21) -> 0.50792805 | D21: =LOG10(B21) -> -3.313753
A22: 3.2325813 | B22: 0.00048891226 | C22: =LOG10(A22) -> 0.50954946 | D22: =LOG10(B22) -> -3.3107691
... A1001: 125 | B1001: 0.1392936 | C1001: =LOG10(A1001) -> 2.09691 | D1001: =LOG10(B1001) -> -0.85606885

Sheet efbm_H1Mach2.5_3
A1: L | B1: Delta2(L) | C1: log(L) | D1: Log(Delta2(L)) | E1: Archivo | F1: H | G1: Mach | H1: dv_slope | I1: dv_slope_err
A2: 3 | B2: 0.00041211338 | C2: =LOG10(A2) -> 0.47712125 | D2: =LOG10(B2) -> -3.3849833 | E2: efbm_H1Mach2.5_3.fits | F2: 1 | G2: 2.5 | H2: 2.2504201 | I2: 0.01217813
A3: 3.0112212 | B3: 0.00041464257 | C3: =LOG10(A3) -> 0.47874266 | D3: =LOG10(B3) -> -3.3823261
A4: 3.0224844 | B4: 0.00041716873 | C4: =LOG10(A4) -> 0.48036408 | D4: =LOG10(B4) -> -3.3796883
A5: 3.0337898 | B5: 0.00041969138 | C5: =LOG10(A5) -> 0.48198549 | D5: =LOG10(B5) -> -3.37707 | H5: valor central | I5: desv tip
A6: 3.0451374 | B6: 0.00042221001 | C6: =LOG10(A6) -> 0.4836069 | D6: =LOG10(B6) -> -3.3744715 | F6: Pendiente 3-10 | H6: =SLOPE(D2:D324,C2:C324) -> 2.2772252 | I6: =INDEX(LINEST(D2:D324,C2:C324,TRUE,TRUE),2,1) -> 0.0037306636
A7: 3.0565275 | B7: 0.00042472413 | C7: =LOG10(A7) -> 0.48522831 | D7: =LOG10(B7) -> -3.3718931 | F7: Pendiente 3-20 | H7: =SLOPE(D2:D510,C2:C510) -> 2.3539848 | I7: =INDEX(LINEST(D2:D510,C2:C510,TRUE,TRUE),2,1) -> 0.0027386377
A8: 3.0679602 | B8: 0.00042723322 | C8: =LOG10(A8) -> 0.48684972 | D8: =LOG10(B8) -> -3.369335 | F8: Pendiente 3-30 | H8: =SLOPE(D2:D618,C2:C618) -> 2.379392 | I8: =INDEX(LINEST(D2:D618,C2:C618,TRUE,TRUE),2,1) -> 0.002204521
A9: 3.0794356 | B9: 0.00042973678 | C9: =LOG10(A9) -> 0.48847113 | D9: =LOG10(B9) -> -3.3667975 | F9: Pendiente 3-40 | H9: =SLOPE(D2:D695,C2:C695) -> 2.3735609 | I9: =INDEX(LINEST(D2:D695,C2:C695,TRUE,TRUE),2,1) -> 0.0018483599
A10: 3.090954 | B10: 0.0004322343 | C10: =LOG10(A10) -> 0.49009254 | D10: =LOG10(B10) -> -3.3642808 | F10: Pendiente 3-50 | H10: =SLOPE(D2:D755,C2:C755) -> 2.3480146 | I10: =INDEX(LINEST(D2:D755,C2:C755,TRUE,TRUE),2,1) -> 0.0024167447
A11: 3.1025154 | B11: 0.00043472526 | C11: =LOG10(A11) -> 0.49171395 | D11: =LOG10(B11) -> -3.3617851
A12: 3.1141201 | B12: 0.00043720914 | C12: =LOG10(A12) -> 0.49333536 | D12: =LOG10(B12) -> -3.3593108
A13: 3.1257682 | B13: 0.00043968542 | C13: =LOG10(A13) -> 0.49495677 | D13: =LOG10(B13) -> -3.3568579
A14: 3.1374598 | B14: 0.00044215357 | C14: =LOG10(A14) -> 0.49657818 | D14: =LOG10(B14) -> -3.3544269
A15: 3.1491952 | B15: 0.00044461308 | C15: =LOG10(A15) -> 0.49819959 | D15: =LOG10(B15) -> -3.3520178
A16: 3.1609745 | B16: 0.0004470634 | C16: =LOG10(A16) -> 0.499821 | D16: =LOG10(B16) -> -3.3496309
A17: 3.1727979 | B17: 0.00044950401 | C17: =LOG10(A17) -> 0.50144241 | D17: =LOG10(B17) -> -3.3472664
A18: 3.1846655 | B18: 0.00049329674 | C18: =LOG10(A18) -> 0.50306382 | D18: =LOG10(B18) -> -3.3068918
A19: 3.1965774 | B19: 0.00049700992 | C19: =LOG10(A19) -> 0.50468523 | D19: =LOG10(B19) -> -3.3036349
A20: 3.2085339 | B20: 0.00050073995 | C20: =LOG10(A20) -> 0.50630664 | D20: =LOG10(B20) -> -3.3003878
A21: 3.2205352 | B21: 0.0005044865 | C21: =LOG10(A21) -> 0.50792805 | D21: =LOG10(B21) -> -3.2971505
A22: 3.2325813 | B22: 0.00050824921 | C22: =LOG10(A22) -> 0.50954946 | D22: =LOG10(B22) -> -3.2939233
... A1001: 125 | B1001: 0.56978405 | C1001: =LOG10(A1001) -> 2.09691 | D1001: =LOG10(B1001) -> -0.24428972

Sheet efbm_H1Mach2.5_4
A1: L | B1: Delta2(L) | C1: log(L) | D1: Log(Delta2(L)) | E1: Archivo | F1: H | G1: Mach | H1: dv_slope | I1: dv_slope_err
A2: 3 | B2: 0.00051924276 | C2: =LOG10(A2) -> 0.47712125 | D2: =LOG10(B2) -> -3.2846296 | E2: efbm_H1Mach2.5_4.fits | F2: 1 | G2: 2.5 | H2: 2.1022565 | I2: 0.01145597
A3: 3.0112212 | B3: 0.00052226945 | C3: =LOG10(A3) -> 0.47874266 | D3: =LOG10(B3) -> -3.2821054
A4: 3.0224844 | B4: 0.00052529032 | C4: =LOG10(A4) -> 0.48036408 | D4: =LOG10(B4) -> -3.2796006
A5: 3.0337898 | B5: 0.00052830476 | C5: =LOG10(A5) -> 0.48198549 | D5: =LOG10(B5) -> -3.2771155 | H5: valor central | I5: desv tip
A6: 3.0451374 | B6: 0.00053131216 | C6: =LOG10(A6) -> 0.4836069 | D6: =LOG10(B6) -> -3.2746502 | F6: Pendiente 3-10 | H6: =SLOPE(D2:D324,C2:C324) -> 2.0727378 | I6: =INDEX(LINEST(D2:D324,C2:C324,TRUE,TRUE),2,1) -> 0.0032082575
A7: 3.0565275 | B7: 0.00053431191 | C7: =LOG10(A7) -> 0.48522831 | D7: =LOG10(B7) -> -3.2722051 | F7: Pendiente 3-20 | H7: =SLOPE(D2:D510,C2:C510) -> 1.9811648 | I7: =INDEX(LINEST(D2:D510,C2:C510,TRUE,TRUE),2,1) -> 0.0035128372
A8: 3.0679602 | B8: 0.0005373034 | C8: =LOG10(A8) -> 0.48684972 | D8: =LOG10(B8) -> -3.2697804 | F8: Pendiente 3-30 | H8: =SLOPE(D2:D618,C2:C618) -> 1.8782123 | I8: =INDEX(LINEST(D2:D618,C2:C618,TRUE,TRUE),2,1) -> 0.0054677257
A9: 3.0794356 | B9: 0.00054028602 | C9: =LOG10(A9) -> 0.48847113 | D9: =LOG10(B9) -> -3.2673763 | F9: Pendiente 3-40 | H9: =SLOPE(D2:D695,C2:C695) -> 1.79545 | I9: =INDEX(LINEST(D2:D695,C2:C695,TRUE,TRUE),2,1) -> 0.0065191962
A10: 3.090954 | B10: 0.00054325914 | C10: =LOG10(A10) -> 0.49009254 | D10: =LOG10(B10) -> -3.264993 | F10: Pendiente 3-50 | H10: =SLOPE(D2:D755,C2:C755) -> 1.7312482 | I10: =INDEX(LINEST(D2:D755,C2:C755,TRUE,TRUE),2,1) -> 0.0070781087
A11: 3.1025154 | B11: 0.00054622213 | C11: =LOG10(A11) -> 0.49171395 | D11: =LOG10(B11) -> -3.2626307
A12: 3.1141201 | B12: 0.00054917437 | C12: =LOG10(A12) -> 0.49333536 | D12: =LOG10(B12) -> -3.2602897
A13: 3.1257682 | B13: 0.00055211522 | C13: =LOG10(A13) -> 0.49495677 | D13: =LOG10(B13) -> -3.2579703
A14: 3.1374598 | B14: 0.00055504407 | C14: =LOG10(A14) -> 0.49657818 | D14: =LOG10(B14) -> -3.2556725
A15: 3.1491952 | B15: 0.00055796026 | C15: =LOG10(A15) -> 0.49819959 | D15: =LOG10(B15) -> -3.2533967
A16: 3.1609745 | B16: 0.00056086317 | C16: =LOG10(A16) -> 0.499821 | D16: =LOG10(B16) -> -3.2511431
A17: 3.1727979 | B17: 0.00056375216 | C17: =LOG10(A17) -> 0.50144241 | D17: =LOG10(B17) -> -3.2489118
A18: 3.1846655 | B18: 0.00061608099 | C18: =LOG10(A18) -> 0.50306382 | D18: =LOG10(B18) -> -3.2103622
A19: 3.1965774 | B19: 0.00062047485 | C19: =LOG10(A19) -> 0.50468523 | D19: =LOG10(B19) -> -3.2072758
A20: 3.2085339 | B20: 0.00062488584 | C20: =LOG10(A20) -> 0.50630664 | D20: =LOG10(B20) -> -3.2041993
A21: 3.2205352 | B21: 0.00062931351 | C21: =LOG10(A21) -> 0.50792805 | D21: =LOG10(B21) -> -3.2011329
A22: 3.2325813 | B22: 0.00063375744 | C22: =LOG10(A22) -> 0.50954946 | D22: =LOG10(B22) -> -3.1980769
... A1001: 125 | B1001: 0.06163319 | C1001: =LOG10(A1001) -> 2.09691 | D1001: =LOG10(B1001) -> -1.2101854

Sheet efbm_H1Mach2.5_5
A1: L | B1: Delta2(L) | C1: log(L) | D1: Log(Delta2(L)) | E1: Archivo | F1: H | G1: Mach | H1: dv_slope | I1: dv_slope_err
A2: 3 | B2: 0.0032889916 | C2: =LOG10(A2) -> 0.47712125 | D2: =LOG10(B2) -> -2.4829372 | E2: efbm_H1Mach2.5_5.fits | F2: 1 | G2: 2.5 | H2: 2.155025 | I2: 0.011006645
A3: 3.0112212 | B3: 0.0033084363 | C3: =LOG10(A3) -> 0.47874266 | D3: =LOG10(B3) -> -2.4803772
A4: 3.0224844 | B4: 0.0033278475 | C4: =LOG10(A4) -> 0.48036408 | D4: =LOG10(B4) -> -2.4778366
A5: 3.0337898 | B5: 0.0033472216 | C5: =LOG10(A5) -> 0.48198549 | D5: =LOG10(B5) -> -2.4753155 | H5: valor central | I5: desv tip
A6: 3.0451374 | B6: 0.0033665546 | C6: =LOG10(A6) -> 0.4836069 | D6: =LOG10(B6) -> -2.4728143 | F6: Pendiente 3-10 | H6: =SLOPE(D2:D324,C2:C324) -> 2.1853264 | I6: =INDEX(LINEST(D2:D324,C2:C324,TRUE,TRUE),2,1) -> 0.0038376277
A7: 3.0565275 | B7: 0.0033858427 | C7: =LOG10(A7) -> 0.48522831 | D7: =LOG10(B7) -> -2.4703332 | F7: Pendiente 3-20 | H7: =SLOPE(D2:D510,C2:C510) -> 2.2454378 | I7: =INDEX(LINEST(D2:D510,C2:C510,TRUE,TRUE),2,1) -> 0.0023357964
A8: 3.0679602 | B8: 0.0034050819 | C8: =LOG10(A8) -> 0.48684972 | D8: =LOG10(B8) -> -2.4678724 | F8: Pendiente 3-30 | H8: =SLOPE(D2:D618,C2:C618) -> 2.2054422 | I8: =INDEX(LINEST(D2:D618,C2:C618,TRUE,TRUE),2,1) -> 0.0027017816
A9: 3.0794356 | B9: 0.0034242685 | C9: =LOG10(A9) -> 0.48847113 | D9: =LOG10(B9) -> -2.4654322 | F9: Pendiente 3-40 | H9: =SLOPE(D2:D695,C2:C695) -> 2.1421277 | I9: =INDEX(LINEST(D2:D695,C2:C695,TRUE,TRUE),2,1) -> 0.004386773
A10: 3.090954 | B10: 0.0034433983 | C10: =LOG10(A10) -> 0.49009254 | D10: =LOG10(B10) -> -2.4630127 | F10: Pendiente 3-50 | H10: =SLOPE(D2:D755,C2:C755) -> 2.0727914 | I10: =INDEX(LINEST(D2:D755,C2:C755,TRUE,TRUE),2,1) -> 0.0060896127
A11: 3.1025154 | B11: 0.0034624675 | C11: =LOG10(A11) -> 0.49171395 | D11: =LOG10(B11) -> -2.4606143
A12: 3.1141201 | B12: 0.003481472 | C12: =LOG10(A12) -> 0.49333536 | D12: =LOG10(B12) -> -2.4582371
A13: 3.1257682 | B13: 0.0035004079 | C13: =LOG10(A13) -> 0.49495677 | D13: =LOG10(B13) -> -2.4558813
A14: 3.1374598 | B14: 0.0035192711 | C14: =LOG10(A14) -> 0.49657818 | D14: =LOG10(B14) -> -2.4535473
A15: 3.1491952 | B15: 0.0035380575 | C15: =LOG10(A15) -> 0.49819959 | D15: =LOG10(B15) -> -2.4512351
A16: 3.1609745 | B16: 0.0035567632 | C16: =LOG10(A16) -> 0.499821 | D16: =LOG10(B16) -> -2.448945
A17: 3.1727979 | B17: 0.003575384 | C17: =LOG10(A17) -> 0.50144241 | D17: =LOG10(B17) -> -2.4466773
A18: 3.1846655 | B18: 0.0039109098 | C18: =LOG10(A18) -> 0.50306382 | D18: =LOG10(B18) -> -2.4077222
A19: 3.1965774 | B19: 0.0039392108 | C19: =LOG10(A19) -> 0.50468523 | D19: =LOG10(B19) -> -2.4045908
A20: 3.2085339 | B20: 0.0039676274 | C20: =LOG10(A20) -> 0.50630664 | D20: =LOG10(B20) -> -2.4014691
A21: 3.2205352 | B21: 0.0039961572 | C21: =LOG10(A21) -> 0.50792805 | D21: =LOG10(B21) -> -2.3983574
A22: 3.2325813 | B22: 0.0040247971 | C22: =LOG10(A22) -> 0.50954946 | D22: =LOG10(B22) -> -2.395256
... A1001: 125 | B1001: 0.97407354 | C1001: =LOG10(A1001) -> 2.09691 | D1001: =LOG10(B1001) -> -0.011408254

Sheet efbm_H1Mach2.5_6
A1: L | B1: Delta2(L) | C1: log(L) | D1: Log(Delta2(L)) | E1: Archivo | F1: H | G1: Mach | H1: dv_slope | I1: dv_slope_err
A2: 3 | B2: 8.4785495e-05 | C2: =LOG10(A2) -> 0.47712125 | D2: =LOG10(B2) -> -4.0716784 | E2: efbm_H1Mach2.5_6.fits | F2: 1 | G2: 2.5 | H2: 1.8258902 | I2: 0.0096543951
A3: 3.0112212 | B3: 8.5225795e-05 | C3: =LOG10(A3) -> 0.47874266 | D3: =LOG10(B3) -> -4.0694289
A4: 3.0224844 | B4: 8.5664609e-05 | C4: =LOG10(A4) -> 0.48036408 | D4: =LOG10(B4) -> -4.0671986
A5: 3.0337898 | B5: 8.6101846e-05 | C5: =LOG10(A5) -> 0.48198549 | D5: =LOG10(B5) -> -4.0649875 | H5: valor central | I5: desv tip
A6: 3.0451374 | B6: 8.6537416e-05 | C6: =LOG10(A6) -> 0.4836069 | D6: =LOG10(B6) -> -4.0627961 | F6: Pendiente 3-10 | H6: =SLOPE(D2:D324,C2:C324) -> 1.8296118 | I6: =INDEX(LINEST(D2:D324,C2:C324,TRUE,TRUE),2,1) -> 0.0032182071
A7: 3.0565275 | B7: 8.6971224e-05 | C7: =LOG10(A7) -> 0.48522831 | D7: =LOG10(B7) -> -4.0606244 | F7: Pendiente 3-20 | H7: =SLOPE(D2:D510,C2:C510) -> 1.9476416 | I7: =INDEX(LINEST(D2:D510,C2:C510,TRUE,TRUE),2,1) -> 0.0040816842
A8: 3.0679602 | B8: 8.7403181e-05 | C8: =LOG10(A8) -> 0.48684972 | D8: =LOG10(B8) -> -4.0584728 | F8: Pendiente 3-30 | H8: =SLOPE(D2:D618,C2:C618) -> 2.021338 | I8: =INDEX(LINEST(D2:D618,C2:C618,TRUE,TRUE),2,1) -> 0.0043778288
A9: 3.0794356 | B9: 8.7833192e-05 | C9: =LOG10(A9) -> 0.48847113 | D9: =LOG10(B9) -> -4.0563413 | F9: Pendiente 3-40 | H9: =SLOPE(D2:D695,C2:C695) -> 2.0409038 | I9: =INDEX(LINEST(D2:D695,C2:C695,TRUE,TRUE),2,1) -> 0.0036773318
A10: 3.090954 | B10: 8.8261164e-05 | C10: =LOG10(A10) -> 0.49009254 | D10: =LOG10(B10) -> -4.0542303 | F10: Pendiente 3-50 | H10: =SLOPE(D2:D755,C2:C755) -> 2.027652 | I10: =INDEX(LINEST(D2:D755,C2:C755,TRUE,TRUE),2,1) -> 0.0033019809
A11: 3.1025154 | B11: 8.8687005e-05 | C11: =LOG10(A11) -> 0.49171395 | D11: =LOG10(B11) -> -4.05214
A12: 3.1141201 | B12: 8.9110621e-05 | C12: =LOG10(A12) -> 0.49333536 | D12: =LOG10(B12) -> -4.0500705
A13: 3.1257682 | B13: 8.9531919e-05 | C13: =LOG10(A13) -> 0.49495677 | D13: =LOG10(B13) -> -4.0480221
A14: 3.1374598 | B14: 8.9950804e-05 | C14: =LOG10(A14) -> 0.49657818 | D14: =LOG10(B14) -> -4.045995
A15: 3.1491952 | B15: 9.0367183e-05 | C15: =LOG10(A15) -> 0.49819959 | D15: =LOG10(B15) -> -4.0439893
A16: 3.1609745 | B16: 9.0780962e-05 | C16: =LOG10(A16) -> 0.499821 | D16: =LOG10(B16) -> -4.0420052
A17: 3.1727979 | B17: 9.1192048e-05 | C17: =LOG10(A17) -> 0.50144241 | D17: =LOG10(B17) -> -4.040043
A18: 3.1846655 | B18: 9.8718259e-05 | C18: =LOG10(A18) -> 0.50306382 | D18: =LOG10(B18) -> -4.0056025
A19: 3.1965774 | B19: 9.9341022e-05 | C19: =LOG10(A19) -> 0.50468523 | D19: =LOG10(B19) -> -4.0028714
A20: 3.2085339 | B20: 9.9965342e-05 | C20: =LOG10(A20) -> 0.50630664 | D20: =LOG10(B20) -> -4.0001505
A21: 3.2205352 | B21: 0.00010059115 | C21: =LOG10(A21) -> 0.50792805 | D21: =LOG10(B21) -> -3.9974402
A22: 3.2325813 | B22: 0.00010121837 | C22: =LOG10(A22) -> 0.50954946 | D22: =LOG10(B22) -> -3.9947406
... A1001: 125 | B1001: 0.03477477 | C1001: =LOG10(A1001) -> 2.09691 | D1001: =LOG10(B1001) -> -1.4587357

Sheet efbm_H1Mach2.5_7
A1: L | B1: Delta2(L) | C1: log(L) | D1: Log(Delta2(L)) | E1: Archivo | F1: H | G1: Mach | H1: dv_slope | I1: dv_slope_err
A2: 3 | B2: 0.00012713674 | C2: =LOG10(A2) -> 0.47712125 | D2: =LOG10(B2) -> -3.8957289 | E2: efbm_H1Mach2.5_7.fits | F2: 1 | G2: 2.5 | H2: 2.0787266 | I2: 0.011337046
A3: 3.0112212 | B3: 0.00012787414 | C3: =LOG10(A3) -> 0.47874266 | D3: =LOG10(B3) -> -3.8932173
A4: 3.0224844 | B4: 0.00012860999 | C4: =LOG10(A4) -> 0.48036408 | D4: =LOG10(B4) -> -3.8907253
A5: 3.0337898 | B5: 0.00012934416 | C5: =LOG10(A5) -> 0.48198549 | D5: =LOG10(B5) -> -3.8882532 | H5: valor central | I5: desv tip
A6: 3.0451374 | B6: 0.00013007649 | C6: =LOG10(A6) -> 0.4836069 | D6: =LOG10(B6) -> -3.8858012 | F6: Pendiente 3-10 | H6: =SLOPE(D2:D324,C2:C324) -> 2.0657449 | I6: =INDEX(LINEST(D2:D324,C2:C324,TRUE,TRUE),2,1) -> 0.0032990416
A7: 3.0565275 | B7: 0.00013080683 | C7: =LOG10(A7) -> 0.48522831 | D7: =LOG10(B7) -> -3.8833696 | F7: Pendiente 3-20 | H7: =SLOPE(D2:D510,C2:C510) -> 2.178082 | I7: =INDEX(LINEST(D2:D510,C2:C510,TRUE,TRUE),2,1) -> 0.003850848
A8: 3.0679602 | B8: 0.00013153502 | C8: =LOG10(A8) -> 0.48684972 | D8: =LOG10(B8) -> -3.8809586 | F8: Pendiente 3-30 | H8: =SLOPE(D2:D618,C2:C618) -> 2.2323447 | I8: =INDEX(LINEST(D2:D618,C2:C618,TRUE,TRUE),2,1) -> 0.0036106475
A9: 3.0794356 | B9: 0.00013226093 | C9: =LOG10(A9) -> 0.48847113 | D9: =LOG10(B9) -> -3.8785684 | F9: Pendiente 3-40 | H9: =SLOPE(D2:D695,C2:C695) -> 2.2475434 | I9: =INDEX(LINEST(D2:D695,C2:C695,TRUE,TRUE),2,1) -> 0.0029982826
A10: 3.090954 | B10: 0.00013298439 | C10: =LOG10(A10) -> 0.49009254 | D10: =LOG10(B10) -> -3.8761993 | F10: Pendiente 3-50 | H10: =SLOPE(D2:D755,C2:C755) -> 2.2445725 | I10: =INDEX(LINEST(D2:D755,C2:C755,TRUE,TRUE),2,1) -> 0.0025648312
A11: 3.1025154 | B11: 0.00013370526 | C11: =LOG10(A11) -> 0.49171395 | D11: =LOG10(B11) -> -3.8738515
A12: 3.1141201 | B12: 0.00013442337 | C12: =LOG10(A12) -> 0.49333536 | D12: =LOG10(B12) -> -3.8715252
A13: 3.1257682 | B13: 0.00013513858 | C13: =LOG10(A13) -> 0.49495677 | D13: =LOG10(B13) -> -3.8692206
A14: 3.1374598 | B14: 0.00013585073 | C14: =LOG10(A14) -> 0.49657818 | D14: =LOG10(B14) -> -3.866938
A15: 3.1491952 | B15: 0.00013655967 | C15: =LOG10(A15) -> 0.49819959 | D15: =LOG10(B15) -> -3.8646776
A16: 3.1609745 | B16: 0.00013726523 | C16: =LOG10(A16) -> 0.499821 | D16: =LOG10(B16) -> -3.8624395
A17: 3.1727979 | B17: 0.00013796726 | C17: =LOG10(A17) -> 0.50144241 | D17: =LOG10(B17) -> -3.8602239
A18: 3.1846655 | B18: 0.00015073008 | C18: =LOG10(A18) -> 0.50306382 | D18: =LOG10(B18) -> -3.8218001
A19: 3.1965774 | B19: 0.00015179785 | C19: =LOG10(A19) -> 0.50468523 | D19: =LOG10(B19) -> -3.8187344
A20: 3.2085339 | B20: 0.00015286959 | C20: =LOG10(A20) -> 0.50630664 | D20: =LOG10(B20) -> -3.8156789
A21: 3.2205352 | B21: 0.0001539452 | C21: =LOG10(A21) -> 0.50792805 | D21: =LOG10(B21) -> -3.8126339
A22: 3.2325813 | B22: 0.00015502455 | C22: =LOG10(A22) -> 0.50954946 | D22: =LOG10(B22) -> -3.8095995
... A1001: 125 | B1001: 0.15322779 | C1001: =LOG10(A1001) -> 2.09691 | D1001: =LOG10(B1001) -> -0.81466248

Sheet efbm_H1Mach2.5_8
A1: L | B1: Delta2(L) | C1: log(L) | D1: Log(Delta2(L)) | E1: Archivo | F1: H | G1: Mach | H1: dv_slope | I1: dv_slope_err
A2: 3 | B2: 0.00032134804 | C2: =LOG10(A2) -> 0.47712125 | D2: =LOG10(B2) -> -3.4930243 | E2: efbm_H1Mach2.5_8.fits | F2: 1 | G2: 2.5 | H2: 2.1388775 | I2: 0.010898848
A3: 3.0112212 | B3: 0.0003231767 | C3: =LOG10(A3) -> 0.47874266 | D3: =LOG10(B3) -> -3.49056
A4: 3.0224844 | B4: 0.00032500176 | C4: =LOG10(A4) -> 0.48036408 | D4: =LOG10(B4) -> -3.4881143
A5: 3.0337898 | B5: 0.00032682286 | C5: =LOG10(A5) -> 0.48198549 | D5: =LOG10(B5) -> -3.4856876 | H5: valor central | I5: desv tip
A6: 3.0451374 | B6: 0.00032863965 | C6: =LOG10(A6) -> 0.4836069 | D6: =LOG10(B6) -> -3.48328 | F6: Pendiente 3-10 | H6: =SLOPE(D2:D324,C2:C324) -> 2.2539694 | I6: =INDEX(LINEST(D2:D324,C2:C324,TRUE,TRUE),2,1) -> 0.005404281
A7: 3.0565275 | B7: 0.00033045174 | C7: =LOG10(A7) -> 0.48522831 | D7: =LOG10(B7) -> -3.480892 | F7: Pendiente 3-20 | H7: =SLOPE(D2:D510,C2:C510) -> 2.3975624 | I7: =INDEX(LINEST(D2:D510,C2:C510,TRUE,TRUE),2,1) -> 0.0046208002
A8: 3.0679602 | B8: 0.00033225879 | C8: =LOG10(A8) -> 0.48684972 | D8: =LOG10(B8) -> -3.4785235 | F8: Pendiente 3-30 | H8: =SLOPE(D2:D618,C2:C618) -> 2.4387482 | I8: =INDEX(LINEST(D2:D618,C2:C618,TRUE,TRUE),2,1) -> 0.0036733723
A9: 3.0794356 | B9: 0.0003340604 | C9: =LOG10(A9) -> 0.48847113 | D9: =LOG10(B9) -> -3.476175 | F9: Pendiente 3-40 | H9: =SLOPE(D2:D695,C2:C695) -> 2.43492 | I9: =INDEX(LINEST(D2:D695,C2:C695,TRUE,TRUE),2,1) -> 0.0029684701
A10: 3.090954 | B10: 0.00033585621 | C10: =LOG10(A10) -> 0.49009254 | D10: =LOG10(B10) -> -3.4738466 | F10: Pendiente 3-50 | H10: =SLOPE(D2:D755,C2:C755) -> 2.408704 | I10: =INDEX(LINEST(D2:D755,C2:C755,TRUE,TRUE),2,1) -> 0.0031481128
A11: 3.1025154 | B11: 0.00033764585 | C11: =LOG10(A11) -> 0.49171395 | D11: =LOG10(B11) -> -3.4715386
A12: 3.1141201 | B12: 0.00033942893 | C12: =LOG10(A12) -> 0.49333536 | D12: =LOG10(B12) -> -3.4692511
A13: 3.1257682 | B13: 0.00034120509 | C13: =LOG10(A13) -> 0.49495677 | D13: =LOG10(B13) -> -3.4669845
A14: 3.1374598 | B14: 0.00034297393 | C14: =LOG10(A14) -> 0.49657818 | D14: =LOG10(B14) -> -3.4647389
A15: 3.1491952 | B15: 0.00034473507 | C15: =LOG10(A15) -> 0.49819959 | D15: =LOG10(B15) -> -3.4625145
A16: 3.1609745 | B16: 0.00034648814 | C16: =LOG10(A16) -> 0.499821 | D16: =LOG10(B16) -> -3.4603116
A17: 3.1727979 | B17: 0.00034823275 | C17: =LOG10(A17) -> 0.50144241 | D17: =LOG10(B17) -> -3.4581304
A18: 3.1846655 | B18: 0.00038022715 | C18: =LOG10(A18) -> 0.50306382 | D18: =LOG10(B18) -> -3.4199569
A19: 3.1965774 | B19: 0.00038289481 | C19: =LOG10(A19) -> 0.50468523 | D19: =LOG10(B19) -> -3.4169205
A20: 3.2085339 | B20: 0.00038557317 | C20: =LOG10(A20) -> 0.50630664 | D20: =LOG10(B20) -> -3.4138932
A21: 3.2205352 | B21: 0.00038826199 | C21: =LOG10(A21) -> 0.50792805 | D21: =LOG10(B21) -> -3.4108751
A22: 3.2325813 | B22: 0.00039096101 | C22: =LOG10(A22) -> 0.50954946 | D22: =LOG10(B22) -> -3.4078665
... A1001: 125 | B1001: 0.4454238 | C1001: =LOG10(A1001) -> 2.09691 | D1001: =LOG10(B1001) -> -0.35122659

Sheet efbm_H1Mach2.5_9
A1: L | B1: Delta2(L) | C1: log(L) | D1: Log(Delta2(L)) | E1: Archivo | F1: H | G1: Mach | H1: dv_slope | I1: dv_slope_err
A2: 3 | B2: 6.7571651e-05 | C2: =LOG10(A2) -> 0.47712125 | D2: =LOG10(B2) -> -4.1702355 | E2: efbm_H1Mach2.5_9.fits | F2: 1 | G2: 2.5 | H2: 2.1271486 | I2: 0.010817234
A3: 3.0112212 | B3: 6.7964677e-05 | C3: =LOG10(A3) -> 0.47874266 | D3: =LOG10(B3) -> -4.1677167
A4: 3.0224844 | B4: 6.8356967e-05 | C4: =LOG10(A4) -> 0.48036408 | D4: =LOG10(B4) -> -4.1652172
A5: 3.0337898 | B5: 6.8748442e-05 | C5: =LOG10(A5) -> 0.48198549 | D5: =LOG10(B5) -> -4.1627371 | H5: valor central | I5: desv tip
A6: 3.0451374 | B6: 6.9139025e-05 | C6: =LOG10(A6) -> 0.4836069 | D6: =LOG10(B6) -> -4.1602767 | F6: Pendiente 3-10 | H6: =SLOPE(D2:D324,C2:C324) -> 2.1673154 | I6: =INDEX(LINEST(D2:D324,C2:C324,TRUE,TRUE),2,1) -> 0.0038608502
A7: 3.0565275 | B7: 6.9528637e-05 | C7: =LOG10(A7) -> 0.48522831 | D7: =LOG10(B7) -> -4.1578363 | F7: Pendiente 3-20 | H7: =SLOPE(D2:D510,C2:C510) -> 2.2489919 | I7: =INDEX(LINEST(D2:D510,C2:C510,TRUE,TRUE),2,1) -> 0.0028296614
A8: 3.0679602 | B8: 6.9917198e-05 | C8: =LOG10(A8) -> 0.48684972 | D8: =LOG10(B8) -> -4.155416 | F8: Pendiente 3-30 | H8: =SLOPE(D2:D618,C2:C618) -> 2.2799739 | I8: =INDEX(LINEST(D2:D618,C2:C618,TRUE,TRUE),2,1) -> 0.0023974982
A9: 3.0794356 | B9: 7.0304629e-05 | C9: =LOG10(A9) -> 0.48847113 | D9: =LOG10(B9) -> -4.1530161 | F9: Pendiente 3-40 | H9: =SLOPE(D2:D695,C2:C695) -> 2.2896328 | I9: =INDEX(LINEST(D2:D695,C2:C695,TRUE,TRUE),2,1) -> 0.0019856031
A10: 3.090954 | B10: 7.069085e-05 | C10: =LOG10(A10) -> 0.49009254 | D10: =LOG10(B10) -> -4.1506368 | F10: Pendiente 3-50 | H10: =SLOPE(D2:D755,C2:C755) -> 2.2850514 | I10: =INDEX(LINEST(D2:D755,C2:C755,TRUE,TRUE),2,1) -> 0.0017342513
A11: 3.1025154 | B11: 7.1075779e-05 | C11: =LOG10(A11) -> 0.49171395 | D11: =LOG10(B11) -> -4.1482784
A12: 3.1141201 | B12: 7.1459336e-05 | C12: =LOG10(A12) -> 0.49333536 | D12: =LOG10(B12) -> -4.145941
A13: 3.1257682 | B13: 7.1841439e-05 | C13: =LOG10(A13) -> 0.49495677 | D13: =LOG10(B13) -> -4.143625
A14: 3.1374598 | B14: 7.2222007e-05 | C14: =LOG10(A14) -> 0.49657818 | D14: =LOG10(B14) -> -4.1413304
A15: 3.1491952 | B15: 7.2600957e-05 | C15: =LOG10(A15) -> 0.49819959 | D15: =LOG10(B15) -> -4.1390577
A16: 3.1609745 | B16: 7.2978207e-05 | C16: =LOG10(A16) -> 0.499821 | D16: =LOG10(B16) -> -4.1368068
A17: 3.1727979 | B17: 7.3353676e-05 | C17: =LOG10(A17) -> 0.50144241 | D17: =LOG10(B17) -> -4.1345781
A18: 3.1846655 | B18: 8.0123786e-05 | C18: =LOG10(A18) -> 0.50306382 | D18: =LOG10(B18) -> -4.0962385
A19: 3.1965774 | B19: 8.0694286e-05 | C19: =LOG10(A19) -> 0.50468523 | D19: =LOG10(B19) -> -4.0931572
A20: 3.2085339 | B20: 8.1267042e-05 | C20: =LOG10(A20) -> 0.50630664 | D20: =LOG10(B20) -> -4.0900855
A21: 3.2205352 | B21: 8.1842e-05 | C21: =LOG10(A21) -> 0.50792805 | D21: =LOG10(B21) -> -4.0870238
A22: 3.2325813 | B22: 8.2419103e-05 | C22: =LOG10(A22) -> 0.50954946 | D22: =LOG10(B22) -> -4.0839721
... A1001: 125 | B1001: 0.09910667 | C1001: =LOG10(A1001) -> 2.09691 | D1001: =LOG10(B1001) -> -1.0038971
